reference_month,growth_score,inflation_score,growth_score_available_at,inflation_score_available_at,score_available_at,data_status
2000-01-01,0.878902291330785,,2000-02-28,,,missing_component_feature
2000-02-01,-0.07021298575863502,,2000-03-31,,,missing_component_feature
2000-03-01,0.27039466594629186,,2000-04-28,,,missing_component_feature
2000-04-01,0.9502714434372255,,2000-05-26,,,missing_component_feature
2000-05-01,-0.14315335071360671,,2000-06-30,,,missing_component_feature
2000-06-01,-0.06057830962603783,,2000-08-01,,,missing_component_feature
2000-07-01,-0.1807918312686718,,2000-08-28,,,insufficient_standardization_history
2000-08-01,-0.18589698094083615,,2000-09-29,,,insufficient_standardization_history
2000-09-01,0.5791627000024956,,2000-10-30,,,insufficient_standardization_history
2000-10-01,-0.3615022915432911,,2000-11-30,,,insufficient_standardization_history
2000-11-01,-0.5333561027463194,,2000-12-22,,,insufficient_standardization_history
2000-12-01,-0.5516733450634137,,2001-02-01,,,insufficient_standardization_history
2001-01-01,-0.4518926930374925,,2001-03-01,,,insufficient_standardization_history
2001-02-01,-0.5373400077242031,,2001-03-30,,,insufficient_standardization_history
2001-03-01,-0.4028770811347093,,2001-04-30,,,insufficient_standardization_history
2001-04-01,-1.1285746856062384,,2001-05-29,,,insufficient_standardization_history
2001-05-01,-0.486729116043501,,2001-07-02,,,insufficient_standardization_history
2001-06-01,-0.9775597538437792,,2001-07-31,,,insufficient_standardization_history
2001-07-01,-0.4298743778674968,,2001-08-30,,,insufficient_standardization_history
2001-08-01,-1.4548806422361498,,2001-10-01,,,insufficient_standardization_history
2001-09-01,-2.1280358874727017,,2001-11-01,,,insufficient_standardization_history
2001-10-01,-0.7510356904534671,,2001-12-03,,,insufficient_standardization_history
2001-11-01,-1.8029799614556024,,2001-12-21,,,insufficient_standardization_history
2001-12-01,-0.94403909171963,,2002-01-31,,,insufficient_standardization_history
2002-01-01,-0.0686097571373605,,2002-03-01,,,insufficient_standardization_history
2002-02-01,0.3823969122757432,,2002-03-29,,,insufficient_standardization_history
2002-03-01,-0.14096723501578357,,2002-04-29,,,insufficient_standardization_history
2002-04-01,-0.4816822202728973,,2002-05-28,,,insufficient_standardization_history
2002-05-01,0.08768301226044498,,2002-06-28,,,insufficient_standardization_history
2002-06-01,0.16819109189256234,,2002-08-02,,,insufficient_standardization_history
2002-07-01,0.2335097594829348,,2002-08-30,,,insufficient_standardization_history
2002-08-01,-0.08783720349078,,2002-09-30,,,insufficient_standardization_history
2002-09-01,-0.708925606185173,,2002-11-01,,,insufficient_standardization_history
2002-10-01,-0.8179953748527826,,2002-11-27,,,insufficient_standardization_history
2002-11-01,-0.5058669023835718,,2002-12-23,,,insufficient_standardization_history
2002-12-01,-0.03510793193971152,,2003-01-31,,,insufficient_standardization_history
2003-01-01,0.4692671511375144,,2003-03-03,,,insufficient_standardization_history
2003-02-01,-1.1111112452105711,,2003-03-28,,,insufficient_standardization_history
2003-03-01,-0.6900065373701991,,2003-04-28,,,insufficient_standardization_history
2003-04-01,-0.8625394410313839,,2003-05-30,,,insufficient_standardization_history
2003-05-01,-0.2851904128718469,,2003-06-27,,,insufficient_standardization_history
2003-06-01,-0.7395744304367395,,2003-08-01,,,insufficient_standardization_history
2003-07-01,0.49275401993321305,,2003-08-29,,,insufficient_standardization_history
2003-08-01,0.03675650574022438,,2003-09-29,,,insufficient_standardization_history
2003-09-01,-0.4443546968980824,,2003-10-31,,,insufficient_standardization_history
2003-10-01,0.0919362393856665,,2003-11-26,,,insufficient_standardization_history
2003-11-01,0.6462416477476985,,2003-12-23,,,insufficient_standardization_history
2003-12-01,0.14462983988871703,,2004-02-02,,,insufficient_standardization_history
2004-01-01,0.3813908983833153,,2004-03-01,,,insufficient_standardization_history
2004-02-01,0.050022869747430525,,2004-03-26,,,insufficient_standardization_history
2004-03-01,-0.1292570786587226,,2004-04-30,,,insufficient_standardization_history
2004-04-01,0.7038154806437615,,2004-05-28,,,insufficient_standardization_history
2004-05-01,0.7738218371233861,,2004-06-28,,,insufficient_standardization_history
2004-06-01,-0.9200797224043414,,2004-08-03,,,insufficient_standardization_history
2004-07-01,0.5629523076965608,,2004-08-30,,,insufficient_standardization_history
2004-08-01,0.04647108920105328,,2004-09-30,,,insufficient_standardization_history
2004-09-01,0.16736103897017696,,2004-11-01,,,insufficient_standardization_history
2004-10-01,0.49183611153754114,,2004-12-01,,,insufficient_standardization_history
2004-11-01,0.08089770859728461,,2004-12-23,,,insufficient_standardization_history
2004-12-01,0.8152428262081213,,2005-01-31,,,insufficient_standardization_history
2005-01-01,0.007374700583469507,,2005-02-28,,,insufficient_standardization_history
2005-02-01,0.016520810374534234,,2005-03-31,,,insufficient_standardization_history
2005-03-01,0.31618398985990004,,2005-04-29,,,insufficient_standardization_history
2005-04-01,0.019639592597255052,,2005-05-27,,,insufficient_standardization_history
2005-05-01,0.06304085829417022,,2005-06-30,,,insufficient_standardization_history
2005-06-01,0.9253118476727553,,2005-08-02,,,insufficient_standardization_history
2005-07-01,0.3491950176525355,0.316649910226773,2005-09-01,2005-09-01,2005-09-01,score_available
2005-08-01,-0.545779885724233,-0.4308245603970905,2005-09-30,2005-09-30,2005-09-30,score_available
2005-09-01,-1.6521248965838184,-0.08202821029121225,2005-10-31,2005-10-31,2005-10-31,score_available
2005-10-01,0.3703756445013726,0.308441010944619,2005-12-01,2005-12-01,2005-12-01,score_available
2005-11-01,0.6926484378029637,0.11515337983033305,2005-12-22,2005-12-22,2005-12-22,score_available
2005-12-01,0.7867414315208408,0.18149805817706832,2006-01-30,2006-01-30,2006-01-30,score_available
2006-01-01,0.2984341176068297,0.655213940729912,2006-03-01,2006-03-01,2006-03-01,score_available
2006-02-01,0.17437815631653464,0.1467183052155072,2006-03-31,2006-03-31,2006-03-31,score_available
2006-03-01,0.4671262069120755,0.6049652857275838,2006-05-01,2006-05-01,2006-05-01,score_available
2006-04-01,0.25483069722405777,0.9902227223243993,2006-05-26,2006-05-26,2006-05-26,score_available
2006-05-01,-0.12169582753235506,0.22401355826695651,2006-06-30,2006-06-30,2006-06-30,score_available
2006-06-01,0.2952162483598892,0.8994549418354344,2006-08-01,2006-08-01,2006-08-01,score_available
2006-07-01,-0.046086799679711854,-0.020558613179759377,2006-08-31,2006-08-31,2006-08-31,score_available
2006-08-01,-0.20467461623764052,-0.38346268476331097,2006-09-29,2006-09-29,2006-09-29,score_available
2006-09-01,-0.18057978626980115,0.6166401292831553,2006-10-30,2006-10-30,2006-10-30,score_available
2006-10-01,0.4195936776801698,-0.8440483456966317,2006-11-30,2006-11-30,2006-11-30,score_available
2006-11-01,0.05081953252661933,0.38415400412969114,2006-12-22,2006-12-22,2006-12-22,score_available
2006-12-01,0.23821502195245445,0.450123447838659,2007-02-01,2007-02-01,2007-02-01,score_available
2007-01-01,-0.4228693386489757,0.29028974895448256,2007-03-01,2007-03-01,2007-03-01,score_available
2007-02-01,0.4784457965760208,0.8009953430032368,2007-03-30,2007-03-30,2007-03-30,score_available
2007-03-01,-0.18559907873305623,-0.3856662462357938,2007-04-30,2007-04-30,2007-04-30,score_available
2007-04-01,0.07351212315766215,-0.1757469807073965,2007-06-01,2007-06-01,2007-06-01,score_available
2007-05-01,-0.15676895737289617,0.08748013855467847,2007-06-29,2007-06-29,2007-06-29,score_available
2007-06-01,0.03757723197291916,0.4669131590107416,2007-07-31,2007-07-31,2007-07-31,score_available
2007-07-01,-0.06494189838751664,0.2984534789264527,2007-08-31,2007-08-31,2007-08-31,score_available
2007-08-01,0.11690891867058399,-0.04906056187259468,2007-09-28,2007-09-28,2007-09-28,score_available
2007-09-01,-0.32005249716601936,0.37428755471554087,2007-11-01,2007-11-01,2007-11-01,score_available
2007-10-01,-0.4392900463564931,-0.2630410932728291,2007-11-30,2007-11-30,2007-11-30,score_available
2007-11-01,0.21685309451896834,0.9445924057031745,2007-12-21,2007-12-21,2007-12-21,score_available
2007-12-01,-0.8733169422134637,0.5846838019418625,2008-01-31,2008-01-31,2008-01-31,score_available
2008-01-01,-0.18465747969434052,0.7889613502629051,2008-02-29,2008-02-29,2008-02-29,score_available
2008-02-01,-0.5806227107949871,-0.04422616629583597,2008-03-28,2008-03-28,2008-03-28,score_available
2008-03-01,-0.7259940985566395,0.08815344635980293,2008-05-01,2008-05-01,2008-05-01,score_available
2008-04-01,-0.6196750986964861,-0.3274009053166013,2008-05-30,2008-05-30,2008-05-30,score_available
2008-05-01,-1.0966790424381734,0.14605270837906037,2008-06-27,2008-06-27,2008-06-27,score_available
2008-06-01,-0.3421000340876951,0.7988284567711473,2008-08-04,2008-08-04,2008-08-04,score_available
2008-07-01,-0.8924553831056379,1.1673486599311405,2008-08-29,2008-08-29,2008-08-29,score_available
2008-08-01,-1.669965009833873,0.48565411530522967,2008-09-29,2008-09-29,2008-09-29,score_available
2008-09-01,-2.2541496068491718,-0.0067644013173234485,2008-10-31,2008-10-31,2008-10-31,score_available
2008-10-01,-0.999052070602739,-0.7763768273665566,2008-11-26,2008-11-26,2008-11-26,score_available
2008-11-01,-1.300674077278579,-0.4519772389586685,2008-12-24,2008-12-24,2008-12-24,score_available
2008-12-01,-2.888088661694144,-0.7222584586798584,2009-02-02,2009-02-02,2009-02-02,score_available
2009-01-01,-2.275328205302297,0.21104815086862228,2009-03-02,2009-03-02,2009-03-02,score_available
2009-02-01,-2.6182393799447534,0.06928476590447971,2009-03-27,2009-03-27,2009-03-27,score_available
2009-03-01,-2.471250750975263,-0.264045239016994,2009-04-30,2009-04-30,2009-04-30,score_available
2009-04-01,-1.7984971425174063,-0.06808373003448193,2009-06-01,2009-06-01,2009-06-01,score_available
2009-05-01,-1.7498325485747368,-0.6086375968742412,2009-06-26,2009-06-26,2009-06-26,score_available
2009-06-01,-1.2011205198184307,-0.05262698570187374,2009-08-04,2009-08-04,2009-08-04,score_available
2009-07-01,-0.03716419904283705,-0.6924136978255652,2009-08-28,2009-08-28,2009-08-28,score_available
2009-08-01,-0.012303689981314758,-0.2268279856378743,2009-10-01,2009-10-01,2009-10-01,score_available
2009-09-01,-0.7898062505798505,-0.595605654944342,2009-10-30,2009-10-30,2009-10-30,score_available
2009-10-01,-0.7565868486699769,-0.5114922994953881,2009-11-25,2009-11-25,2009-11-25,score_available
2009-11-01,0.516098950861784,-0.6766542540834031,2009-12-23,2009-12-23,2009-12-23,score_available
2009-12-01,0.0038364889926813042,-0.5590278321975669,2010-02-01,2010-02-01,2010-02-01,score_available
2010-01-01,0.7587189671403385,-0.85084933150977,2010-03-01,2010-03-01,2010-03-01,score_available
2010-02-01,-0.03894852840024332,-0.7236528629116258,2010-03-29,2010-03-29,2010-03-29,score_available
2010-03-01,0.2920463168245736,-1.1566381060027644,2010-05-03,2010-05-03,2010-05-03,score_available
2010-04-01,0.1697828948975748,-0.2996718170688006,2010-05-28,2010-05-28,2010-05-28,score_available
2010-05-01,1.2417136297720552,-0.07614772515254814,2010-06-28,2010-06-28,2010-06-28,score_available
2010-06-01,-0.01182041623306368,-0.6954075045761827,2010-08-03,2010-08-03,2010-08-03,score_available
2010-07-01,0.1252635050931177,-0.2215513174401167,2010-08-30,2010-08-30,2010-08-30,score_available
2010-08-01,-0.2845820630553425,-0.5818976702857279,2010-10-01,2010-10-01,2010-10-01,score_available
2010-09-01,-0.4012882426688653,-0.9804017408064792,2010-11-01,2010-11-01,2010-11-01,score_available
2010-10-01,0.10262961480403804,-1.0713133824600058,2010-11-24,2010-11-24,2010-11-24,score_available
2010-11-01,-0.10588231674858478,-0.5595265527802409,2010-12-23,2010-12-23,2010-12-23,score_available
2010-12-01,1.0178450707424656,-0.5683307243126589,2011-01-31,2011-01-31,2011-01-31,score_available
2011-01-01,0.28712432096108953,0.80349108434899,2011-02-28,2011-02-28,2011-02-28,score_available
2011-02-01,0.24554667628031157,-0.2237865809110609,2011-03-28,2011-03-28,2011-03-28,score_available
2011-03-01,0.5846892386984761,-0.5518765986170552,2011-04-29,2011-04-29,2011-04-29,score_available
2011-04-01,-0.21520543887349697,0.2903115766490572,2011-05-27,2011-05-27,2011-05-27,score_available
2011-05-01,-0.37188872750639224,0.659643546910855,2011-06-27,2011-06-27,2011-06-27,score_available
2011-06-01,-0.31601835402736045,-0.12933562858721698,2011-08-02,2011-08-02,2011-08-02,score_available
2011-07-01,0.7007477511702902,0.8157125152288556,2011-08-29,2011-08-29,2011-08-29,score_available
2011-08-01,-0.20288912262638256,-0.43213313884476046,2011-09-30,2011-09-30,2011-09-30,score_available
2011-09-01,0.2487550816313825,-0.5912037047115172,2011-10-28,2011-10-28,2011-10-28,score_available
2011-10-01,0.34766866634112104,-0.44990718485009507,2011-11-23,2011-11-23,2011-11-23,score_available
2011-11-01,0.4574587485578975,-0.318238700028702,2011-12-23,2011-12-23,2011-12-23,score_available
2011-12-01,0.3874059346206049,-0.24625230745734922,2012-01-30,2012-01-30,2012-01-30,score_available
2012-01-01,0.3387308990955858,0.25931692725726474,2012-03-01,2012-03-01,2012-03-01,score_available
2012-02-01,0.3254383698373936,-0.3014653291142212,2012-03-30,2012-03-30,2012-03-30,score_available
2012-03-01,0.053629192192845676,0.19306190365925197,2012-04-30,2012-04-30,2012-04-30,score_available
2012-04-01,0.648274876672565,0.0819690274721703,2012-06-01,2012-06-01,2012-06-01,score_available
2012-05-01,-0.27511088551239515,-0.39030551202036057,2012-06-29,2012-06-29,2012-06-29,score_available
2012-06-01,-0.07407419712817521,0.33259021302274006,2012-07-31,2012-07-31,2012-07-31,score_available
2012-07-01,0.326360861118546,-0.3377715989776751,2012-08-30,2012-08-30,2012-08-30,score_available
2012-08-01,-0.32073030496168387,-0.7512228333507392,2012-09-28,2012-09-28,2012-09-28,score_available
2012-09-01,0.7282808870020498,-0.1785607764910756,2012-10-29,2012-10-29,2012-10-29,score_available
2012-10-01,-0.5946660411515603,-0.7532490601552997,2012-11-30,2012-11-30,2012-11-30,score_available
2012-11-01,1.0140441532405449,-0.4600076179993364,2012-12-21,2012-12-21,2012-12-21,score_available
2012-12-01,0.18263059754173616,-0.3508283608491688,2013-01-31,2013-01-31,2013-01-31,score_available
2013-01-01,-0.17755916505934138,0.36255752996560114,2013-03-01,2013-03-01,2013-03-01,score_available
2013-02-01,0.7848186351439528,-0.0546958530765405,2013-03-29,2013-03-29,2013-03-29,score_available
2013-03-01,0.3482643328449309,-0.7765587568672798,2013-04-29,2013-04-29,2013-04-29,score_available
2013-04-01,-0.12259592007134104,-0.7567359017922995,2013-05-31,2013-05-31,2013-05-31,score_available
2013-05-01,-0.08105772959325665,-0.4097051743213099,2013-06-27,2013-06-27,2013-06-27,score_available
2013-06-01,0.1678269610145262,0.19620782710446683,2013-08-02,2013-08-02,2013-08-02,score_available
2013-07-01,0.2448443405519834,-0.5706646006811282,2013-08-30,2013-08-30,2013-08-30,score_available
2013-08-01,0.3430057786423166,-0.2318970268709018,2013-09-27,2013-09-27,2013-09-27,score_available
2013-09-01,0.36325143488872874,-0.36110289150957076,2013-11-08,2013-11-08,2013-11-08,score_available
2013-10-01,-0.03385033245804667,-0.4010519606650671,2013-12-06,2013-12-06,2013-12-06,score_available
2013-11-01,1.211865136230708,-0.27921442686092784,2013-12-23,2013-12-23,2013-12-23,score_available
2013-12-01,0.4679353699278237,-0.22268876236490204,2014-01-31,2014-01-31,2014-01-31,score_available
2014-01-01,0.049925641301224705,0.32525344108132614,2014-03-03,2014-03-03,2014-03-03,score_available
2014-02-01,0.16793869961848729,0.136062592414068,2014-03-28,2014-03-28,2014-03-28,score_available
2014-03-01,0.736325532239755,-0.3734049551898643,2014-05-01,2014-05-01,2014-05-01,score_available
2014-04-01,0.19405860889329202,0.268587080528988,2014-05-30,2014-05-30,2014-05-30,score_available
2014-05-01,0.1613030789849232,0.1201820005992745,2014-06-26,2014-06-26,2014-06-26,score_available
2014-06-01,0.56887689029952,-0.04934756048434517,2014-08-01,2014-08-01,2014-08-01,score_available
2014-07-01,-0.13833868136637592,-0.3302638665466642,2014-08-29,2014-08-29,2014-08-29,score_available
2014-08-01,0.3235034984963593,-0.4768709500056892,2014-09-29,2014-09-29,2014-09-29,score_available
2014-09-01,0.5507625169664644,-0.4351894229452078,2014-10-31,2014-10-31,2014-10-31,score_available
2014-10-01,0.16411336882760663,0.07211275241078535,2014-11-26,2014-11-26,2014-11-26,score_available
2014-11-01,1.1113016390562027,-0.6036438761122978,2014-12-23,2014-12-23,2014-12-23,score_available
2014-12-01,0.16188464188333784,-1.3451624803750493,2015-02-02,2015-02-02,2015-02-02,score_available
2015-01-01,0.11870633972709063,0.130185197604027,2015-03-02,2015-03-02,2015-03-02,score_available
2015-02-01,0.30426885760749683,-0.39126077893572875,2015-03-30,2015-03-30,2015-03-30,score_available
2015-03-01,-0.25541992677122255,0.5397717030772727,2015-04-30,2015-04-30,2015-04-30,score_available
2015-04-01,-0.04861421120746506,-0.05294929542864468,2015-06-01,2015-06-01,2015-06-01,score_available
2015-05-01,0.18050468324020594,0.18594816965275057,2015-06-25,2015-06-25,2015-06-25,score_available
2015-06-01,0.36420031880597536,0.09612891470358365,2015-08-03,2015-08-03,2015-08-03,score_available
2015-07-01,0.3300514463741048,-0.3453496343234027,2015-08-28,2015-08-28,2015-08-28,score_available
2015-08-01,0.30989097934948817,-0.42974627136821414,2015-09-28,2015-09-28,2015-09-28,score_available
2015-09-01,-0.08801526041713931,-0.16947850730766564,2015-10-30,2015-10-30,2015-10-30,score_available
2015-10-01,0.12132878779236204,-0.07856786946384836,2015-11-25,2015-11-25,2015-11-25,score_available
2015-11-01,-0.10966011804739642,-0.28807887462399767,2015-12-23,2015-12-23,2015-12-23,score_available
2015-12-01,-0.06735712643004775,-0.3406695907468911,2016-02-01,2016-02-01,2016-02-01,score_available
2016-01-01,0.6764631295790464,0.6879519831627675,2016-02-26,2016-02-26,2016-02-26,score_available
2016-02-01,-0.11370588724610604,0.08823251032101997,2016-03-28,2016-03-28,2016-03-28,score_available
2016-03-01,-0.4328119401644561,-0.5361958966990513,2016-04-29,2016-04-29,2016-04-29,score_available
2016-04-01,0.5932383092788439,0.2656979783823697,2016-05-31,2016-05-31,2016-05-31,score_available
2016-05-01,0.15067747836164558,0.01919032129386314,2016-06-29,2016-06-29,2016-06-29,score_available
2016-06-01,0.20814247700780303,-0.12438486291665904,2016-08-02,2016-08-02,2016-08-02,score_available
2016-07-01,0.5240539225972767,-0.38276965242636374,2016-08-29,2016-08-29,2016-08-29,score_available
2016-08-01,-0.39957036724915923,0.3142034235384848,2016-09-30,2016-09-30,2016-09-30,score_available
2016-09-01,-0.0753326863644221,0.06555610185580302,2016-10-31,2016-10-31,2016-10-31,score_available
2016-10-01,0.06485678703827155,-0.20535494734763493,2016-11-30,2016-11-30,2016-11-30,score_available
2016-11-01,0.227075507683621,-0.508424532399137,2016-12-22,2016-12-22,2016-12-22,score_available
2016-12-01,0.3003796785867303,0.501861102497139,2017-01-30,2017-01-30,2017-01-30,score_available
2017-01-01,-0.49316446288019494,0.8013221471149709,2017-03-01,2017-03-01,2017-03-01,score_available
2017-02-01,0.047618745615109564,0.05261540286252344,2017-03-31,2017-03-31,2017-03-31,score_available
2017-03-01,0.5057989138008048,-1.213677062618047,2017-05-01,2017-05-01,2017-05-01,score_available
2017-04-01,0.6393697027489245,0.0017537043291290244,2017-05-30,2017-05-30,2017-05-30,score_available
2017-05-01,0.058294338704679885,-0.6089129972516114,2017-06-30,2017-06-30,2017-06-30,score_available
2017-06-01,-0.018890759915583838,-0.14187088122392358,2017-08-01,2017-08-01,2017-08-01,score_available
2017-07-01,0.3152253079776551,-0.19380912751958246,2017-08-31,2017-08-31,2017-08-31,score_available
2017-08-01,-0.734442252538603,0.09852748939166767,2017-09-29,2017-09-29,2017-09-29,score_available
2017-09-01,0.48803528404828156,0.24330723764744527,2017-10-30,2017-10-30,2017-10-30,score_available
2017-10-01,0.6062352658400556,0.05305395606899116,2017-11-30,2017-11-30,2017-11-30,score_available
2017-11-01,0.32570502467133944,0.007497421813907383,2017-12-22,2017-12-22,2017-12-22,score_available
2017-12-01,0.42579812794794136,0.49812377558260307,2018-01-29,2018-01-29,2018-01-29,score_available
2018-01-01,-0.22202900478924262,0.6281229652380124,2018-03-01,2018-03-01,2018-03-01,score_available
2018-02-01,0.5005198671155343,0.2508208929737748,2018-03-29,2018-03-29,2018-03-29,score_available
2018-03-01,0.2965951023340065,0.1319748238549388,2018-04-30,2018-04-30,2018-04-30,score_available
2018-04-01,0.7048876190177007,0.09532911407229269,2018-05-31,2018-05-31,2018-05-31,score_available
2018-05-01,0.01909980286606494,0.40911260771265834,2018-06-29,2018-06-29,2018-06-29,score_available
2018-06-01,0.10270694952182241,-0.04933584955706474,2018-07-31,2018-07-31,2018-07-31,score_available
2018-07-01,0.19953790321463533,0.2919692600221122,2018-08-30,2018-08-30,2018-08-30,score_available
2018-08-01,0.22894543807240944,-0.2895832440704905,2018-09-28,2018-09-28,2018-09-28,score_available
2018-09-01,0.3960747981534753,0.1564604496284416,2018-10-29,2018-10-29,2018-10-29,score_available
2018-10-01,0.3022168518911169,0.0965052470025499,2018-11-29,2018-11-29,2018-11-29,score_available
2018-11-01,0.32966300346288646,0.5278080862638044,2018-12-21,2018-12-21,2018-12-21,score_available
2018-12-01,-0.5481786083856552,0.5556801197025594,2019-03-01,2019-03-01,2019-03-01,score_available
2019-01-01,-0.30490422595923256,0.2876631521202786,2019-03-29,2019-03-29,2019-03-29,score_available
2019-02-01,0.01957430909181862,-0.06822117584733187,2019-04-29,2019-04-29,2019-04-29,score_available
2019-03-01,0.3112170434578629,-0.18267453049194582,2019-04-29,2019-04-29,2019-04-29,score_available
2019-04-01,0.010322561143437048,0.36230598093259314,2019-05-31,2019-05-31,2019-05-31,score_available
2019-05-01,0.07625284536898833,0.12794079967308247,2019-06-28,2019-06-28,2019-06-28,score_available
2019-06-01,-0.13239777830375038,0.4332827180252437,2019-07-30,2019-07-30,2019-07-30,score_available
2019-07-01,0.0519070977949924,0.3324801108377178,2019-08-30,2019-08-30,2019-08-30,score_available
2019-08-01,0.16097874972920964,0.7195039344418219,2019-09-27,2019-09-27,2019-09-27,score_available
2019-09-01,0.055892240871261656,-0.4804868515813836,2019-10-31,2019-10-31,2019-10-31,score_available
2019-10-01,-0.6588702425828481,-0.2961709744317636,2019-11-27,2019-11-27,2019-11-27,score_available
2019-11-01,0.789246612887962,0.33995731211180913,2019-12-20,2019-12-20,2019-12-20,score_available
2019-12-01,-0.273311139457705,-0.22031402800229946,2020-01-31,2020-01-31,2020-01-31,score_available
2020-01-01,-0.29973315945204954,-0.039917603959266135,2020-02-28,2020-02-28,2020-02-28,score_available
2020-02-01,0.43062649250079066,0.28284021544507465,2020-03-27,2020-03-27,2020-03-27,score_available
2020-03-01,-10.377242347240024,-0.6906952009920202,2020-04-30,2020-04-30,2020-04-30,score_available
2020-04-01,-51.831661055699726,3.995936839130649,2020-05-29,2020-05-29,2020-05-29,score_available
2020-05-01,3.6543188276981,-1.3623980690427513,2020-06-26,2020-06-26,2020-06-26,score_available
2020-06-01,4.758746319392589,-0.7326652177209303,2020-07-31,2020-07-31,2020-07-31,score_available
2020-07-01,1.8774983936103355,1.16364406460878,2020-08-28,2020-08-28,2020-08-28,score_available
2020-08-01,1.2484067150752722,1.4173886411173866,2020-10-01,2020-10-01,2020-10-01,score_available
2020-09-01,0.3984833473366508,0.019227491611127107,2020-10-30,2020-10-30,2020-10-30,score_available
2020-10-01,0.873901781407983,-0.8682196585441536,2020-11-25,2020-11-25,2020-11-25,score_available
2020-11-01,0.041535245827868106,-0.03753413474455819,2020-12-23,2020-12-23,2020-12-23,score_available
2020-12-01,0.1393058315181052,0.6744226314709725,2021-01-29,2021-01-29,2021-01-29,score_available
2021-01-01,0.8127126556824178,0.02560439543323373,2021-02-26,2021-02-26,2021-02-26,score_available
2021-02-01,-0.8636136731452471,-0.24064197350586042,2021-03-26,2021-03-26,2021-03-26,score_available
2021-03-01,1.427623769941964,0.9092059412140976,2021-04-30,2021-04-30,2021-04-30,score_available
2021-04-01,0.0725493594279924,3.832135445817417,2021-05-28,2021-05-28,2021-05-28,score_available
2021-05-01,0.271387571396139,2.689044199686761,2021-06-25,2021-06-25,2021-06-25,score_available
2021-06-01,0.27397558055588433,2.8274965165428587,2021-07-30,2021-07-30,2021-07-30,score_available
2021-07-01,0.5259092111725943,1.5600869267128228,2021-08-27,2021-08-27,2021-08-27,score_available
2021-08-01,0.24330127921724665,0.8379325589510702,2021-10-01,2021-10-01,2021-10-01,score_available
2021-09-01,-0.16339491880508716,1.0290425507569374,2021-10-29,2021-10-29,2021-10-29,score_available
2021-10-01,0.6899407958142352,1.6948146751484958,2021-11-24,2021-11-24,2021-11-24,score_available
2021-11-01,0.25694807074892445,1.9138062922328059,2021-12-23,2021-12-23,2021-12-23,score_available
2021-12-01,-0.20529852343953436,2.2295417967073132,2022-01-28,2022-01-28,2022-01-28,score_available
2022-01-01,0.6793901555777725,2.6329605655036863,2022-02-25,2022-02-25,2022-02-25,score_available
2022-02-01,0.17698975359704208,1.8598142229209498,2022-03-31,2022-03-31,2022-03-31,score_available
2022-03-01,0.3705966804931029,1.2812161474244093,2022-04-29,2022-04-29,2022-04-29,score_available
2022-04-01,0.4221241059009075,2.0045292958278638,2022-05-27,2022-05-27,2022-05-27,score_available
2022-05-01,-0.05399695183728407,2.0541988833923797,2022-06-30,2022-06-30,2022-06-30,score_available
2022-06-01,-0.05215777371291242,2.443995598768895,2022-07-29,2022-07-29,2022-07-29,score_available
2022-07-01,0.24437000124394057,0.6118756454277855,2022-08-26,2022-08-26,2022-08-26,score_available
2022-08-01,-0.14574816490561399,1.8139837974433537,2022-09-30,2022-09-30,2022-09-30,score_available
2022-09-01,0.21024043955002503,1.3659876032935447,2022-10-28,2022-10-28,2022-10-28,score_available
2022-10-01,-0.04674202007963815,0.4078793064125754,2022-12-01,2022-12-01,2022-12-01,score_available
2022-11-01,-0.10837374694861457,0.7309788389482788,2022-12-23,2022-12-23,2022-12-23,score_available
2022-12-01,-0.2779656707813678,0.5722140069035621,2023-01-27,2023-01-27,2023-01-27,score_available
2023-01-01,0.3260573558767672,1.6573536212945263,2023-02-24,2023-02-24,2023-02-24,score_available
2023-02-01,-0.1561992645064282,1.0711579925746364,2023-03-31,2023-03-31,2023-03-31,score_available
2023-03-01,0.07794945342748713,0.793517713478652,2023-04-28,2023-04-28,2023-04-28,score_available
2023-04-01,0.23065130795289565,0.7928366730527708,2023-05-26,2023-05-26,2023-05-26,score_available
2023-05-01,-0.21731684737924734,1.035121058479249,2023-06-30,2023-06-30,2023-06-30,score_available
2023-06-01,-0.07037462756123217,-0.025030382233340753,2023-07-28,2023-07-28,2023-07-28,score_available
2023-07-01,0.3780230736043591,0.29802966250293195,2023-08-31,2023-08-31,2023-08-31,score_available
2023-08-01,-0.08586836840101117,0.14367477532504752,2023-09-29,2023-09-29,2023-09-29,score_available
2023-09-01,0.13110863159437036,0.4373514429391578,2023-10-27,2023-10-27,2023-10-27,score_available
2023-10-01,-0.24976209287938603,0.06426571924737652,2023-11-30,2023-11-30,2023-11-30,score_available
2023-11-01,0.16385586678541483,0.21730464625907192,2023-12-22,2023-12-22,2023-12-22,score_available
2023-12-01,0.08311961335411211,0.11167204461724796,2024-01-26,2024-01-26,2024-01-26,score_available
2024-01-01,-0.08929377961539584,1.1709441400923557,2024-02-29,2024-02-29,2024-02-29,score_available
2024-02-01,-0.006794169426562413,0.6174690636885556,2024-03-29,2024-03-29,2024-03-29,score_available
2024-03-01,0.2285633560956129,0.606129496388919,2024-04-26,2024-04-26,2024-04-26,score_available
2024-04-01,-0.12940187310027804,0.26053027761193903,2024-05-31,2024-05-31,2024-05-31,score_available
2024-05-01,0.19394910787271083,0.1104996633953446,2024-06-28,2024-06-28,2024-06-28,score_available
2024-06-01,0.11475687615495533,-0.21756464678121296,2024-07-26,2024-07-26,2024-07-26,score_available
2024-07-01,-0.2545571444545697,-0.03685016558761372,2024-08-30,2024-08-30,2024-08-30,score_available
2024-08-01,0.21865967287622534,0.3622435474530221,2024-09-27,2024-09-27,2024-09-27,score_available
2024-09-01,-0.0016905787281518703,0.4315840089172421,2024-10-31,2024-10-31,2024-10-31,score_available
2024-10-01,-0.14839321071279085,0.42484553655268353,2024-11-27,2024-11-27,2024-11-27,score_available
2024-11-01,-0.07920824051290538,0.2491800813760949,2024-12-20,2024-12-20,2024-12-20,score_available
2024-12-01,0.3346225681482522,-0.0069090998513087545,2025-01-31,2025-01-31,2025-01-31,score_available
2025-01-01,-0.01756982423182995,0.689049166153312,2025-02-28,2025-02-28,2025-02-28,score_available
2025-02-01,0.10166624381734844,0.5857691631532584,2025-03-28,2025-03-28,2025-03-28,score_available
2025-03-01,-0.020690466691989873,-0.5078656215408891,2025-04-30,2025-04-30,2025-04-30,score_available
2025-04-01,-0.04382810381172944,0.34972179117343194,2025-05-30,2025-05-30,2025-05-30,score_available
2025-05-01,-0.2118162217902984,0.16471901265065197,2025-06-27,2025-06-27,2025-06-27,score_available
2025-06-01,0.0694946356053686,0.37099515144831846,2025-07-31,2025-07-31,2025-07-31,score_available
2025-07-01,-0.09225599017695112,0.503101166728846,2025-08-29,2025-08-29,2025-08-29,score_available
2025-08-01,-0.03780976638512346,0.6316313120968754,2025-09-26,2025-09-26,2025-09-26,score_available
2025-09-01,-0.09557963580220699,0.1228868960593906,2025-12-05,2025-12-05,2025-12-05,score_available
2025-10-01,,,,,,missing_component_feature
2025-11-01,,,,,,missing_component_feature
2025-12-01,0.061012991948615126,0.4250788445977681,2026-02-20,2026-02-20,2026-02-20,score_available
2026-01-01,0.17745119731781622,0.8743136345169217,2026-03-13,2026-03-13,2026-03-13,score_available
2026-02-01,-0.10965384542938918,0.47858108064794486,2026-04-09,2026-04-09,2026-04-09,score_available
2026-03-01,-0.11816018082413271,0.14380191549830978,2026-04-30,2026-04-30,2026-04-30,score_available
2026-04-01,0.12474885475158047,0.7735514248814588,2026-05-28,2026-05-28,2026-05-28,score_available
2026-05-01,0.027394426002010745,0.4104760171455257,2026-06-25,2026-06-25,2026-06-25,score_available
2026-06-01,,,,,,missing_component_feature
