variant_id,model_role,as_of_date,reference_month,relative_month,growth_mean,inflation_mean,growth_variance,growth_inflation_covariance,inflation_variance,exact_score,probability_growth_up_inflation_up,probability_growth_down_inflation_up,probability_growth_up_inflation_down,probability_growth_down_inflation_down
transition_only,major_benchmark,2026-07-20,2026-04-01,-3,0.1247488547515804,0.7735514248814588,0.0,0.0,0.0,True,0.4660393163342353,0.4010957422368248,0.07160639116635031,0.06125855026258964
transition_only,major_benchmark,2026-07-20,2026-05-01,-2,0.0273944260020107,0.4104760171455257,0.0,0.0,0.0,True,0.36701084096501885,0.35558619001000596,0.14126774180639784,0.13613522721857735
transition_only,major_benchmark,2026-07-20,2026-06-01,-1,-0.023333046885164424,0.3300302365229643,11.548092104318513,-0.98905363468887,0.41273924858223887,False,0.27298485381285553,0.3633546903168853,0.2244618184741134,0.1391986373961458
transition_only,major_benchmark,2026-07-20,2026-07-01,0,-0.08134310248431281,0.2798906311821805,11.80511690878468,-0.863055222579518,0.521747896190112,False,0.2633924204869367,0.34656812102858203,0.2277917301632636,0.1622477283212177
gaussian_nondefining,sensitivity,2026-07-20,2026-04-01,-3,0.1247488547515804,0.7735514248814588,0.0,0.0,0.0,True,0.4660393163342353,0.4010957422368248,0.07160639116635031,0.06125855026258964
gaussian_nondefining,sensitivity,2026-07-20,2026-05-01,-2,0.0273944260020107,0.4104760171455257,0.0,0.0,0.0,True,0.36701084096501885,0.35558619001000596,0.14126774180639784,0.13613522721857735
gaussian_nondefining,sensitivity,2026-07-20,2026-06-01,-1,-0.49147271161673367,0.31865593836902456,2.391275031629284,-0.23832643557550962,0.3504327582349949,False,0.23848207500906407,0.3979847791243041,0.16601348252784884,0.19751966333878304
gaussian_nondefining,sensitivity,2026-07-20,2026-07-01,0,-0.11274401783058388,0.2318179029041997,11.626725213296908,-0.8706081316949046,0.5207326143639884,False,0.25121356197742295,0.3402751706694358,0.2364870980451007,0.17202416930804054
partial_only,major_benchmark,2026-07-20,2026-04-01,-3,0.1247488547515804,0.7735514248814588,0.0,0.0,0.0,True,0.4660393163342353,0.4010957422368248,0.07160639116635031,0.06125855026258964
partial_only,major_benchmark,2026-07-20,2026-05-01,-2,0.0273944260020107,0.4104760171455257,0.0,0.0,0.0,True,0.36701084096501885,0.35558619001000596,0.14126774180639784,0.13613522721857735
partial_only,major_benchmark,2026-07-20,2026-06-01,-1,0.06398385743296908,0.06805683735548874,0.7234852529987852,-0.043550195710622616,0.23317130119100365,False,0.2692534169700338,0.26279293248798774,0.2469970559983694,0.22095659454360905
partial_only,major_benchmark,2026-07-20,2026-07-01,0,-0.22211895340210977,0.13284182253965968,11.59773717473011,-0.9030152480010079,0.48891458661708087,False,0.22335269648813305,0.3302391173025145,0.25240094916298383,0.19400723704636863
gaussian_combined,sensitivity,2026-07-20,2026-04-01,-3,0.1247488547515804,0.7735514248814588,0.0,0.0,0.0,True,0.4660393163342353,0.4010957422368248,0.07160639116635031,0.06125855026258964
gaussian_combined,sensitivity,2026-07-20,2026-05-01,-2,0.0273944260020107,0.4104760171455257,0.0,0.0,0.0,True,0.36701084096501885,0.35558619001000596,0.14126774180639784,0.13613522721857735
gaussian_combined,sensitivity,2026-07-20,2026-06-01,-1,-0.0636908015220125,0.036050699596817226,0.5826979003222481,-0.040866604380627544,0.2327480779760003,False,0.2446229528083861,0.27237064388607113,0.23871871483139648,0.24428768847414625
gaussian_combined,sensitivity,2026-07-20,2026-07-01,0,-0.20491361075826883,0.09164199197787413,11.569470934239806,-0.9021864549376675,0.4883047321775591,False,0.21626394761101125,0.32077695316933874,0.2613420564872863,0.2016170427323637
student_t_7_combined,baseline,2026-07-20,2026-04-01,-3,0.1247488547515804,0.7735514248814588,0.0,0.0,0.0,True,0.4660393163342353,0.4010957422368248,0.07160639116635031,0.06125855026258964
student_t_7_combined,baseline,2026-07-20,2026-05-01,-2,0.0273944260020107,0.4104760171455257,0.0,0.0,0.0,True,0.36701084096501885,0.35558619001000596,0.14126774180639784,0.13613522721857735
student_t_7_combined,baseline,2026-07-20,2026-06-01,-1,-0.17686677464571693,0.0031156601774282736,0.4619862605978529,-0.03536459335825219,0.23101468682798054,False,0.22227214138220053,0.2791987431002709,0.23031703528663527,0.2682120802308933
student_t_7_combined,baseline,2026-07-20,2026-07-01,0,-0.5096677777080212,0.09366260037943555,10.969318999168898,-0.856647819879594,0.48413308157040835,False,0.19954908179374356,0.3383874036355031,0.2436158382873149,0.2184476762834384
selected_tail_combined,sensitivity,2026-07-20,2026-04-01,-3,0.1247488547515804,0.7735514248814588,0.0,0.0,0.0,True,0.4660393163342353,0.4010957422368248,0.07160639116635031,0.06125855026258964
selected_tail_combined,sensitivity,2026-07-20,2026-05-01,-2,0.0273944260020107,0.4104760171455257,0.0,0.0,0.0,True,0.36701084096501885,0.35558619001000596,0.14126774180639784,0.13613522721857735
selected_tail_combined,sensitivity,2026-07-20,2026-06-01,-1,-0.19565402861051928,-0.008145976018979283,0.4211063731136424,-0.03293370016819723,0.23036822168682441,False,0.2174082151331047,0.2787444274798021,0.2296825328733869,0.2741648245137063
selected_tail_combined,sensitivity,2026-07-20,2026-07-01,0,-0.5751374394023407,0.09083822266958692,10.780188398354653,-0.8422168666667551,0.4828039419711182,False,0.19535773059695008,0.34146332361058374,0.24008806983172135,0.2230908759607448
huber_var_combined,sensitivity,2026-07-20,2026-04-01,-3,0.1247488547515804,0.7735514248814588,0.0,0.0,0.0,True,0.4660393163342353,0.4010957422368248,0.07160639116635031,0.06125855026258964
huber_var_combined,sensitivity,2026-07-20,2026-05-01,-2,0.0273944260020107,0.4104760171455257,0.0,0.0,0.0,True,0.36701084096501885,0.35558619001000596,0.14126774180639784,0.13613522721857735
huber_var_combined,sensitivity,2026-07-20,2026-06-01,-1,-0.15431251018803738,0.008291371928008539,0.31425888125160073,-0.01051758234061394,0.2093476445820756,False,0.22875547989015543,0.27521953989470604,0.2284011888745372,0.2676237913406013
huber_var_combined,sensitivity,2026-07-20,2026-07-01,0,-0.012972655507100053,0.0493879527756017,1.0972426283644359,-0.01768386908035316,0.37217599494168874,False,0.25705423870299304,0.2642406013359736,0.23987464711748818,0.23883051284354517
student_t_var_combined,sensitivity,2026-07-20,2026-04-01,-3,0.1247488547515804,0.7735514248814588,0.0,0.0,0.0,True,0.4660393163342353,0.4010957422368248,0.07160639116635031,0.06125855026258964
student_t_var_combined,sensitivity,2026-07-20,2026-05-01,-2,0.0273944260020107,0.4104760171455257,0.0,0.0,0.0,True,0.36701084096501885,0.35558619001000596,0.14126774180639784,0.13613522721857735
student_t_var_combined,sensitivity,2026-07-20,2026-06-01,-1,-0.06122538754560958,-0.027148467623113653,0.18560380036935448,0.0029550659397048866,0.22009204028907425,False,0.23512849637363403,0.25195794354038475,0.24728672667890722,0.265626833407074
student_t_var_combined,sensitivity,2026-07-20,2026-07-01,0,0.07533624573884441,0.023151772777719043,0.31947187362499224,0.015663962984738215,0.3949772890595673,False,0.2672253587598473,0.24263031941142632,0.25369526195540903,0.23644905987331732
retail_shrinkage_combined,sensitivity,2026-07-20,2026-04-01,-3,0.1247488547515804,0.7735514248814588,0.0,0.0,0.0,True,0.4660393163342353,0.4010957422368248,0.07160639116635031,0.06125855026258964
retail_shrinkage_combined,sensitivity,2026-07-20,2026-05-01,-2,0.0273944260020107,0.4104760171455257,0.0,0.0,0.0,True,0.36701084096501885,0.35558619001000596,0.14126774180639784,0.13613522721857735
retail_shrinkage_combined,sensitivity,2026-07-20,2026-06-01,-1,-0.15422879638121637,0.013663276306655987,0.31446582807862666,-0.010030380272472769,0.20969330591597934,False,0.23001000576372727,0.27653857304580876,0.22717196161590308,0.2662794595745609
retail_shrinkage_combined,sensitivity,2026-07-20,2026-07-01,0,-0.012649273060615161,0.05275308444501414,1.0972422398225439,-0.017678666163961656,0.3723575077318725,False,0.25781446471168384,0.26492740189009256,0.23919097620328583,0.23806715719493776
retail_real_decomposition_combined,sensitivity,2026-07-20,2026-04-01,-3,0.1247488547515804,0.7735514248814588,0.0,0.0,0.0,True,0.4660393163342353,0.4010957422368248,0.07160639116635031,0.06125855026258964
retail_real_decomposition_combined,sensitivity,2026-07-20,2026-05-01,-2,0.0273944260020107,0.4104760171455257,0.0,0.0,0.0,True,0.36701084096501885,0.35558619001000596,0.14126774180639784,0.13613522721857735
retail_real_decomposition_combined,sensitivity,2026-07-20,2026-06-01,-1,0.009806796342901394,-0.27840497107007023,0.40685035666936575,-0.0009353007510692114,0.18762149569265388,False,0.18410490943723878,0.1828438232876457,0.31856367791188966,0.31448758936322585
retail_real_decomposition_combined,sensitivity,2026-07-20,2026-07-01,0,-0.03555752890900746,-0.11769259057053749,1.0972182701750015,-0.01887161683993058,0.36508158825005926,False,0.21869000569046138,0.23046633274376027,0.2728926987789777,0.27795096278680065
