profile_id,observation_model_id,base_lambda,degrees_of_freedom,validation_folds,validation_observations,total_predictive_nll,mean_predictive_nll,best_tail_for_profile,selection_role,sensitivity_status
base:business_investment,business_investment,100.0,4.0,7,76,102.1751305846099,1.3444096129553935,True,full-history causal-fold diagnostic only; live schedule uses prior folds,evaluated
base:business_investment,business_investment,100.0,5.0,7,76,103.2962729283222,1.3591614858989762,False,full-history causal-fold diagnostic only; live schedule uses prior folds,evaluated
base:business_investment,business_investment,100.0,7.0,7,76,106.0552380478693,1.395463658524596,False,full-history causal-fold diagnostic only; live schedule uses prior folds,evaluated
base:business_investment,business_investment,100.0,10.0,7,76,110.14673980722823,1.449299207989845,False,full-history causal-fold diagnostic only; live schedule uses prior folds,evaluated
base:business_investment,business_investment,100.0,inf,7,76,183.25570418590004,2.411259265603948,False,full-history causal-fold diagnostic only; live schedule uses prior folds,evaluated
base:consumer_demand,consumer_demand,1.0,4.0,15,172,321.3716057587189,1.8684395683646446,True,full-history causal-fold diagnostic only; live schedule uses prior folds,evaluated
base:consumer_demand,consumer_demand,1.0,5.0,15,172,327.8890919003133,1.9063319296529844,False,full-history causal-fold diagnostic only; live schedule uses prior folds,evaluated
base:consumer_demand,consumer_demand,1.0,7.0,15,172,340.5000295833973,1.9796513347871936,False,full-history causal-fold diagnostic only; live schedule uses prior folds,evaluated
base:consumer_demand,consumer_demand,1.0,10.0,15,172,356.9883830528236,2.075513854958277,False,full-history causal-fold diagnostic only; live schedule uses prior folds,evaluated
base:consumer_demand,consumer_demand,0.1,inf,15,172,685.4701027410575,3.9852912950061485,False,full-history causal-fold diagnostic only; live schedule uses prior folds,evaluated
base:housing_activity,housing_activity,100.0,4.0,11,123,381.0293788967463,3.097799828428832,False,full-history causal-fold diagnostic only; live schedule uses prior folds,evaluated
base:housing_activity,housing_activity,100.0,5.0,11,123,380.4646032600416,3.093208156585704,True,full-history causal-fold diagnostic only; live schedule uses prior folds,evaluated
base:housing_activity,housing_activity,100.0,7.0,11,123,380.6627451640904,3.0948190663747184,False,full-history causal-fold diagnostic only; live schedule uses prior folds,evaluated
base:housing_activity,housing_activity,100.0,10.0,11,123,381.7842842454874,3.1039372702885157,False,full-history causal-fold diagnostic only; live schedule uses prior folds,evaluated
base:housing_activity,housing_activity,100.0,inf,11,123,394.7423677963968,3.2092875430601366,False,full-history causal-fold diagnostic only; live schedule uses prior folds,evaluated
base:inflation_expectations,inflation_expectations,,4.0,0,0,,,False,not used; live schedule retains the declared nu=7 fallback,insufficient_causal_annual_origin_history
base:inflation_expectations,inflation_expectations,,5.0,0,0,,,False,not used; live schedule retains the declared nu=7 fallback,insufficient_causal_annual_origin_history
base:inflation_expectations,inflation_expectations,,7.0,0,0,,,False,not used; live schedule retains the declared nu=7 fallback,insufficient_causal_annual_origin_history
base:inflation_expectations,inflation_expectations,,10.0,0,0,,,False,not used; live schedule retains the declared nu=7 fallback,insufficient_causal_annual_origin_history
base:inflation_expectations,inflation_expectations,,inf,0,0,,,False,not used; live schedule retains the declared nu=7 fallback,insufficient_causal_annual_origin_history
base:inflation_input_costs,inflation_input_costs,0.001,4.0,3,28,40.16290967680223,1.4343896313143654,True,full-history causal-fold diagnostic only; live schedule uses prior folds,evaluated
base:inflation_input_costs,inflation_input_costs,0.001,5.0,3,28,40.23306366111873,1.4368951307542404,False,full-history causal-fold diagnostic only; live schedule uses prior folds,evaluated
base:inflation_input_costs,inflation_input_costs,0.001,7.0,3,28,40.389096768987784,1.4424677417495637,False,full-history causal-fold diagnostic only; live schedule uses prior folds,evaluated
base:inflation_input_costs,inflation_input_costs,0.001,10.0,3,28,40.562876453700596,1.4486741590607355,False,full-history causal-fold diagnostic only; live schedule uses prior folds,evaluated
base:inflation_input_costs,inflation_input_costs,0.001,inf,3,28,41.14502402948046,1.4694651439100164,False,full-history causal-fold diagnostic only; live schedule uses prior folds,evaluated
base:monthly_labor_demand,monthly_labor_demand,100.0,4.0,8,89,543.4265811814784,6.105916642488521,True,full-history causal-fold diagnostic only; live schedule uses prior folds,evaluated
base:monthly_labor_demand,monthly_labor_demand,100.0,5.0,8,89,548.7137768643823,6.165323335554858,False,full-history causal-fold diagnostic only; live schedule uses prior folds,evaluated
base:monthly_labor_demand,monthly_labor_demand,100.0,7.0,8,89,560.2092546773175,6.294486007610309,False,full-history causal-fold diagnostic only; live schedule uses prior folds,evaluated
base:monthly_labor_demand,monthly_labor_demand,100.0,10.0,8,89,577.3279331950072,6.48683071005626,False,full-history causal-fold diagnostic only; live schedule uses prior folds,evaluated
base:monthly_labor_demand,monthly_labor_demand,100.0,inf,8,89,3650.140759822116,41.01281752609119,False,full-history causal-fold diagnostic only; live schedule uses prior folds,evaluated
base:weekly_labor_stress,weekly_labor_stress,100.0,4.0,9,435,486.3557255762401,1.1180591392557244,True,full-history causal-fold diagnostic only; live schedule uses prior folds,evaluated
base:weekly_labor_stress,weekly_labor_stress,100.0,5.0,9,435,492.585580975879,1.1323806459215608,False,full-history causal-fold diagnostic only; live schedule uses prior folds,evaluated
base:weekly_labor_stress,weekly_labor_stress,100.0,7.0,9,435,504.9014878944255,1.160693075619369,False,full-history causal-fold diagnostic only; live schedule uses prior folds,evaluated
base:weekly_labor_stress,weekly_labor_stress,100.0,10.0,9,435,521.2964536889823,1.19838265215858,False,full-history causal-fold diagnostic only; live schedule uses prior folds,evaluated
base:weekly_labor_stress,weekly_labor_stress,10.0,inf,9,435,1727.6329875654865,3.97157008635744,False,full-history causal-fold diagnostic only; live schedule uses prior folds,evaluated
retail_real,consumer_demand_real_decomposition,0.1,4.0,15,172,333.0959459715865,1.9366043370441075,True,full-history causal-fold diagnostic only; live schedule uses prior folds,evaluated
retail_real,consumer_demand_real_decomposition,0.1,5.0,15,172,336.88547446636926,1.9586364794556352,False,full-history causal-fold diagnostic only; live schedule uses prior folds,evaluated
retail_real,consumer_demand_real_decomposition,0.001,7.0,15,172,344.9627823389143,2.005597571737874,False,full-history causal-fold diagnostic only; live schedule uses prior folds,evaluated
retail_real,consumer_demand_real_decomposition,0.001,10.0,15,172,356.16149152865836,2.070706346096851,False,full-history causal-fold diagnostic only; live schedule uses prior folds,evaluated
retail_real,consumer_demand_real_decomposition,1.0,inf,15,172,598.5179651591313,3.4797556113902983,False,full-history causal-fold diagnostic only; live schedule uses prior folds,evaluated
retail_stronger,consumer_demand,1.0,4.0,15,172,320.5068596307701,1.8634119745975006,True,full-history causal-fold diagnostic only; live schedule uses prior folds,evaluated
retail_stronger,consumer_demand,1.0,5.0,15,172,326.97230204855487,1.9010017560962493,False,full-history causal-fold diagnostic only; live schedule uses prior folds,evaluated
retail_stronger,consumer_demand,1.0,7.0,15,172,339.52039920923403,1.973955809356012,False,full-history causal-fold diagnostic only; live schedule uses prior folds,evaluated
retail_stronger,consumer_demand,1.0,10.0,15,172,355.967885362323,2.069580728850715,False,full-history causal-fold diagnostic only; live schedule uses prior folds,evaluated
retail_stronger,consumer_demand,1.0,inf,15,172,681.9585052064607,3.9648750302701203,False,full-history causal-fold diagnostic only; live schedule uses prior folds,evaluated
