comparison_id,candidate_id,reference_id,block_id,experiment_arm,primary_atomic,comparison_scope,evaluation_checkpoint,paired_months,first_paired_month,last_paired_month,mean_delta_score_center_negative_log_predictive_density,median_delta_score_center_negative_log_predictive_density,mean_block_benefit_score_center_negative_log_predictive_density,mean_delta_quadrant_cross_entropy_to_exact_score_map,median_delta_quadrant_cross_entropy_to_exact_score_map,mean_block_benefit_quadrant_cross_entropy_to_exact_score_map,mean_delta_quadrant_brier_distance_to_exact_score_map,median_delta_quadrant_brier_distance_to_exact_score_map,mean_block_benefit_quadrant_brier_distance_to_exact_score_map,mean_delta_hard_quadrant_correct,median_delta_hard_quadrant_correct,mean_block_benefit_hard_quadrant_correct
price_import__vs__structural_reduced_input,price_import,structural_reduced_input,price,add_one,False,full_common_calendar,after_employment_situation,183,2011-01-01,2026-05-01,-0.0005038199817352412,0.0,0.0005038199817352412,-0.0001282716641550577,0.0,0.0001282716641550577,-6.49613280237005e-05,0.0,6.49613280237005e-05,0.0,0.0,0.0
price_import__vs__structural_reduced_input,price_import,structural_reduced_input,price,add_one,False,full_common_calendar,after_midmonth_defining_releases,183,2011-01-01,2026-05-01,-0.027126969019548575,0.0,0.027126969019548575,0.00047709927266479415,0.0,-0.00047709927266479415,0.0005782070733576371,0.0,-0.0005782070733576371,-0.01092896174863388,0.0,-0.01092896174863388
price_import__vs__structural_reduced_input,price_import,structural_reduced_input,price,add_one,False,full_common_calendar,before_any_defining_release,183,2011-01-01,2026-05-01,-0.0005403254068314146,0.0,0.0005403254068314146,-0.00012430279082536506,0.0,0.00012430279082536506,-6.573514292935098e-05,0.0,6.573514292935098e-05,0.00546448087431694,0.0,0.00546448087431694
price_import__vs__structural_reduced_input,price_import,structural_reduced_input,price,add_one,False,full_common_calendar,strict_pre_final_score_day,183,2011-01-01,2026-05-01,-0.02849219173367865,0.0,0.02849219173367865,-0.00020089182292649921,0.0,0.00020089182292649921,0.000257785819985969,0.0,-0.000257785819985969,-0.01092896174863388,0.0,-0.01092896174863388
price_import__vs__structural_reduced_no_price,price_import,structural_reduced_no_price,price,add_one,True,full_common_calendar,after_employment_situation,183,2011-01-01,2026-05-01,-0.00034027131591360757,0.0,0.00034027131591360757,-7.68113560141859e-05,0.0,7.68113560141859e-05,-4.046295915296148e-05,0.0,4.046295915296148e-05,-0.00546448087431694,0.0,-0.00546448087431694
price_import__vs__structural_reduced_no_price,price_import,structural_reduced_no_price,price,add_one,True,full_common_calendar,after_midmonth_defining_releases,183,2011-01-01,2026-05-01,-0.026846488687160323,0.0,0.026846488687160323,0.0005828512846110071,0.0,-0.0005828512846110071,0.0006371087668903225,0.0,-0.0006371087668903225,-0.01092896174863388,0.0,-0.01092896174863388
price_import__vs__structural_reduced_no_price,price_import,structural_reduced_no_price,price,add_one,True,full_common_calendar,before_any_defining_release,183,2011-01-01,2026-05-01,-0.000371282962651833,0.0,0.000371282962651833,-6.780656924138257e-05,0.0,6.780656924138257e-05,-3.954114976648065e-05,0.0,3.954114976648065e-05,0.00546448087431694,0.0,0.00546448087431694
price_import__vs__structural_reduced_no_price,price_import,structural_reduced_no_price,price,add_one,True,full_common_calendar,strict_pre_final_score_day,183,2011-01-01,2026-05-01,-0.026937068395589174,0.0,0.026937068395589174,4.045606563949919e-05,0.0,-4.045606563949919e-05,0.0003868818457130911,0.0,-0.0003868818457130911,0.0,0.0,0.0
structural_reduced_input__vs__structural_reduced_no_price,structural_reduced_input,structural_reduced_no_price,price,add_one,True,full_common_calendar,after_employment_situation,183,2011-01-01,2026-05-01,0.0001635486658216337,0.0,-0.0001635486658216337,5.146030814087179e-05,0.0,-5.146030814087179e-05,2.449836887073904e-05,0.0,-2.449836887073904e-05,-0.00546448087431694,0.0,-0.00546448087431694
structural_reduced_input__vs__structural_reduced_no_price,structural_reduced_input,structural_reduced_no_price,price,add_one,True,full_common_calendar,after_midmonth_defining_releases,183,2011-01-01,2026-05-01,0.000280480332388253,0.0,-0.000280480332388253,0.00010575201194621294,0.0,-0.00010575201194621294,5.890169353268507e-05,0.0,-5.890169353268507e-05,0.0,0.0,0.0
structural_reduced_input__vs__structural_reduced_no_price,structural_reduced_input,structural_reduced_no_price,price,add_one,True,full_common_calendar,before_any_defining_release,183,2011-01-01,2026-05-01,0.00016904244417958165,0.0,-0.00016904244417958165,5.649622158398248e-05,0.0,-5.649622158398248e-05,2.6193993162870322e-05,0.0,-2.6193993162870322e-05,0.0,0.0,0.0
structural_reduced_input__vs__structural_reduced_no_price,structural_reduced_input,structural_reduced_no_price,price,add_one,True,full_common_calendar,strict_pre_final_score_day,183,2011-01-01,2026-05-01,0.0015551233380894816,0.0,-0.0015551233380894816,0.0002413478885659984,0.0,-0.0002413478885659984,0.00012909602572712213,0.0,-0.00012909602572712213,0.01092896174863388,0.0,0.01092896174863388
consumer_real_only__vs__consumer_none,consumer_real_only,consumer_none,real_retail_and_food_services_log_change,add_one,True,full_common_calendar,after_employment_situation,183,2011-01-01,2026-05-01,-8.551697204952652e-05,0.0,8.551697204952652e-05,-1.656628481469782e-05,0.0,1.656628481469782e-05,-7.5334635823344325e-06,0.0,7.5334635823344325e-06,0.0,0.0,0.0
consumer_real_only__vs__consumer_none,consumer_real_only,consumer_none,real_retail_and_food_services_log_change,add_one,True,full_common_calendar,after_midmonth_defining_releases,183,2011-01-01,2026-05-01,-0.0804460118978205,-0.027268517295000017,0.0804460118978205,0.0006044174141926778,-7.483500819027711e-08,-0.0006044174141926778,0.0006406845208471082,-1.3701956309147834e-08,-0.0006406845208471082,-0.04918032786885246,0.0,-0.04918032786885246
consumer_real_only__vs__consumer_none,consumer_real_only,consumer_none,real_retail_and_food_services_log_change,add_one,True,full_common_calendar,before_any_defining_release,183,2011-01-01,2026-05-01,-0.00012717072051675137,0.0,0.00012717072051675137,-3.092574107059267e-05,0.0,3.092574107059267e-05,-1.6488304117253728e-05,0.0,1.6488304117253728e-05,0.0,0.0,0.0
consumer_real_only__vs__consumer_none,consumer_real_only,consumer_none,real_retail_and_food_services_log_change,add_one,True,full_common_calendar,strict_pre_final_score_day,183,2011-01-01,2026-05-01,-0.07996103372026601,-0.0423488882350187,0.07996103372026601,0.0006398803900460979,-0.00017091029529492374,-0.0006398803900460979,0.0005628724618831983,-9.192137939919892e-05,-0.0005628724618831983,-0.01639344262295082,0.0,-0.01639344262295082
consumer_implicit_only__vs__consumer_none,consumer_implicit_only,consumer_none,implicit_retail_price_log_change,add_one,True,full_common_calendar,after_employment_situation,183,2011-01-01,2026-05-01,-0.0003470248524409405,0.0,0.0003470248524409405,-3.2502858850934945e-05,0.0,3.2502858850934945e-05,-1.6996205312634933e-05,0.0,1.6996205312634933e-05,0.0,0.0,0.0
consumer_implicit_only__vs__consumer_none,consumer_implicit_only,consumer_none,implicit_retail_price_log_change,add_one,True,full_common_calendar,after_midmonth_defining_releases,183,2011-01-01,2026-05-01,-0.04114750413698069,-0.005279126952573154,0.04114750413698069,-0.003856174750116626,-1.5173278879565544e-05,0.003856174750116626,-0.0017599560149577438,-2.0169890147360772e-06,0.0017599560149577438,0.00546448087431694,0.0,0.00546448087431694
consumer_implicit_only__vs__consumer_none,consumer_implicit_only,consumer_none,implicit_retail_price_log_change,add_one,True,full_common_calendar,before_any_defining_release,183,2011-01-01,2026-05-01,-0.0004231390187799155,0.0,0.0004231390187799155,-9.663500267013738e-05,0.0,9.663500267013738e-05,-4.450148207896326e-05,0.0,4.450148207896326e-05,0.0,0.0,0.0
consumer_implicit_only__vs__consumer_none,consumer_implicit_only,consumer_none,implicit_retail_price_log_change,add_one,True,full_common_calendar,strict_pre_final_score_day,183,2011-01-01,2026-05-01,-0.050634442919536705,-0.006845567498498628,0.050634442919536705,-0.003760783107601442,-6.31340227340571e-05,0.003760783107601442,-0.0015894876517303634,-1.7762614037230076e-05,0.0015894876517303634,0.00546448087431694,0.0,0.00546448087431694
consumer_vehicle_only__vs__consumer_none,consumer_vehicle_only,consumer_none,total_vehicle_unit_sales_log_change,add_one,True,full_common_calendar,after_employment_situation,183,2011-01-01,2026-05-01,4.837483617071453,0.0,-4.837483617071453,-0.0007067971183708351,0.0,0.0007067971183708351,-0.0003079518254007756,0.0,0.0003079518254007756,-0.00546448087431694,0.0,-0.00546448087431694
consumer_vehicle_only__vs__consumer_none,consumer_vehicle_only,consumer_none,total_vehicle_unit_sales_log_change,add_one,True,full_common_calendar,after_midmonth_defining_releases,183,2011-01-01,2026-05-01,3.07423815902917,0.0,-3.07423815902917,-0.00041794651942218976,0.0,0.00041794651942218976,-0.00025107878558977364,0.0,0.00025107878558977364,0.00546448087431694,0.0,0.00546448087431694
consumer_vehicle_only__vs__consumer_none,consumer_vehicle_only,consumer_none,total_vehicle_unit_sales_log_change,add_one,True,full_common_calendar,before_any_defining_release,183,2011-01-01,2026-05-01,-0.009099906137197218,0.0,0.009099906137197218,1.5908140142504884e-05,0.0,-1.5908140142504884e-05,-4.622898614361301e-06,0.0,4.622898614361301e-06,0.00546448087431694,0.0,0.00546448087431694
consumer_vehicle_only__vs__consumer_none,consumer_vehicle_only,consumer_none,total_vehicle_unit_sales_log_change,add_one,True,full_common_calendar,strict_pre_final_score_day,183,2011-01-01,2026-05-01,3.0802854228312793,0.0,-3.0802854228312793,-0.00030438698405478045,0.0,0.00030438698405478045,-0.00019137011434504564,0.0,0.00019137011434504564,0.0,0.0,0.0
consumer_without_real__vs__consumer_revised_full,consumer_without_real,consumer_revised_full,real_retail_and_food_services_log_change,leave_one_out,False,full_common_calendar,after_employment_situation,183,2011-01-01,2026-05-01,0.00021763080679456298,0.0,0.00021763080679456298,4.6392332810462083e-05,0.0,4.6392332810462083e-05,2.1392010570414953e-05,0.0,2.1392010570414953e-05,0.0,0.0,-0.0
consumer_without_real__vs__consumer_revised_full,consumer_without_real,consumer_revised_full,real_retail_and_food_services_log_change,leave_one_out,False,full_common_calendar,after_midmonth_defining_releases,183,2011-01-01,2026-05-01,0.057953617892633924,0.023417302933320006,0.057953617892633924,-0.002277785536061112,5.344122160955145e-05,-0.002277785536061112,-0.00157143434794227,9.926443213410796e-08,-0.00157143434794227,0.04371584699453552,0.0,-0.04371584699453552
consumer_without_real__vs__consumer_revised_full,consumer_without_real,consumer_revised_full,real_retail_and_food_services_log_change,leave_one_out,False,full_common_calendar,before_any_defining_release,183,2011-01-01,2026-05-01,0.00023993493546695883,0.0,0.00023993493546695883,5.9608954561352856e-05,0.0,5.9608954561352856e-05,2.6316750767825584e-05,0.0,2.6316750767825584e-05,0.0,0.0,-0.0
consumer_without_real__vs__consumer_revised_full,consumer_without_real,consumer_revised_full,real_retail_and_food_services_log_change,leave_one_out,False,full_common_calendar,strict_pre_final_score_day,183,2011-01-01,2026-05-01,0.05855564024962321,0.0344081495312063,0.05855564024962321,-0.0022022118876058342,0.0004977296097077311,-0.0022022118876058342,-0.0014849851591319525,0.00019168496225337346,-0.0014849851591319525,0.0273224043715847,0.0,-0.0273224043715847
consumer_without_implicit__vs__consumer_revised_full,consumer_without_implicit,consumer_revised_full,implicit_retail_price_log_change,leave_one_out,False,full_common_calendar,after_employment_situation,183,2011-01-01,2026-05-01,0.0004846430068090932,0.0,0.0004846430068090932,6.216952489761464e-05,0.0,6.216952489761464e-05,2.9061533503656585e-05,0.0,2.9061533503656585e-05,0.0,0.0,-0.0
consumer_without_implicit__vs__consumer_revised_full,consumer_without_implicit,consumer_revised_full,implicit_retail_price_log_change,leave_one_out,False,full_common_calendar,after_midmonth_defining_releases,183,2011-01-01,2026-05-01,0.029808617327477728,0.0018691415995442107,0.029808617327477728,0.003653298082372705,2.3183017505701287e-08,0.003653298082372705,0.0017451204280867483,3.5996699501369966e-10,0.0017451204280867483,0.0,0.0,-0.0
consumer_without_implicit__vs__consumer_revised_full,consumer_without_implicit,consumer_revised_full,implicit_retail_price_log_change,leave_one_out,False,full_common_calendar,before_any_defining_release,183,2011-01-01,2026-05-01,0.0005518674058540617,0.0,0.0005518674058540617,0.00013694256878904769,0.0,0.00013694256878904769,5.690939830147437e-05,0.0,5.690939830147437e-05,0.0,0.0,-0.0
consumer_without_implicit__vs__consumer_revised_full,consumer_without_implicit,consumer_revised_full,implicit_retail_price_log_change,leave_one_out,False,full_common_calendar,strict_pre_final_score_day,183,2011-01-01,2026-05-01,0.040885339927146956,0.004659668518089299,0.040885339927146956,0.0036619874299051425,0.0,0.0036619874299051425,0.001558972803145351,0.0,0.001558972803145351,-0.01092896174863388,0.0,0.01092896174863388
consumer_real_implicit_joint_only__vs__consumer_revised_full,consumer_real_implicit_joint_only,consumer_revised_full,total_vehicle_unit_sales_log_change,leave_one_out,False,full_common_calendar,after_employment_situation,183,2011-01-01,2026-05-01,-4.837464748433925,0.0,-4.837464748433925,0.0007066407804924509,0.0,0.0007066407804924509,0.0003055487535184286,0.0,0.0003055487535184286,0.00546448087431694,0.0,-0.00546448087431694
consumer_real_implicit_joint_only__vs__consumer_revised_full,consumer_real_implicit_joint_only,consumer_revised_full,total_vehicle_unit_sales_log_change,leave_one_out,False,full_common_calendar,after_midmonth_defining_releases,183,2011-01-01,2026-05-01,-3.081530395564894,0.0,-3.081530395564894,-0.0008825609747193341,0.0,-0.0008825609747193341,-0.0005114118085104572,0.0,-0.0005114118085104572,0.01092896174863388,0.0,-0.01092896174863388
consumer_real_implicit_joint_only__vs__consumer_revised_full,consumer_real_implicit_joint_only,consumer_revised_full,total_vehicle_unit_sales_log_change,leave_one_out,False,full_common_calendar,before_any_defining_release,183,2011-01-01,2026-05-01,0.009116962472670848,0.0,0.009116962472670848,-1.27028218993981e-05,0.0,-1.27028218993981e-05,-3.351219376150648e-06,0.0,-3.351219376150648e-06,-0.00546448087431694,0.0,0.00546448087431694
consumer_real_implicit_joint_only__vs__consumer_revised_full,consumer_real_implicit_joint_only,consumer_revised_full,total_vehicle_unit_sales_log_change,leave_one_out,False,full_common_calendar,strict_pre_final_score_day,183,2011-01-01,2026-05-01,-3.0881152949535786,0.0,-3.0881152949535786,-0.0009832797050812019,0.0,-0.0009832797050812019,-0.0005367550385009106,0.0,-0.0005367550385009106,-0.00546448087431694,0.0,0.00546448087431694
consumer_revised_full__vs__consumer_legacy,consumer_revised_full,consumer_legacy,consumer,add_one,False,full_common_calendar,after_employment_situation,183,2011-01-01,2026-05-01,4.837020786928161,-2.220446049250313e-16,-4.837020786928161,-0.0007502889608194792,0.0,0.0007502889608194792,-0.0003266167106301698,0.0,0.0003266167106301698,-0.00546448087431694,0.0,-0.00546448087431694
consumer_revised_full__vs__consumer_legacy,consumer_revised_full,consumer_legacy,consumer,add_one,False,full_common_calendar,after_midmonth_defining_releases,183,2011-01-01,2026-05-01,3.0432771162519927,-0.00895956410954879,-3.0432771162519927,-0.002135310783639537,-9.790440584867e-05,0.002135310783639537,-0.0005435507562397769,-4.579015486177616e-05,0.0005435507562397769,-0.00546448087431694,0.0,-0.00546448087431694
consumer_revised_full__vs__consumer_legacy,consumer_revised_full,consumer_legacy,consumer,add_one,False,full_common_calendar,before_any_defining_release,183,2011-01-01,2026-05-01,-0.009626686705704535,0.0,0.009626686705704535,-9.351319995616955e-05,0.0,9.351319995616955e-05,-4.8243803749309416e-05,0.0,4.8243803749309416e-05,0.00546448087431694,0.0,0.00546448087431694
consumer_revised_full__vs__consumer_legacy,consumer_revised_full,consumer_legacy,consumer,add_one,False,full_common_calendar,strict_pre_final_score_day,183,2011-01-01,2026-05-01,3.038548186490466,-0.009654035748763778,-3.038548186490466,-0.002756017356219685,-0.00015642824160977398,0.002756017356219685,-0.0007115041506861301,-7.903040550492077e-05,0.0007115041506861301,0.0,0.0,0.0
business_activity_only__vs__business_none,business_activity_only,business_none,core_capital_goods_shipments_log_change,add_one,True,full_common_calendar,after_employment_situation,183,2011-01-01,2026-05-01,-6.2997351849373535e-06,0.0,6.2997351849373535e-06,-2.488380892708028e-06,0.0,2.488380892708028e-06,-1.2175336846794646e-06,0.0,1.2175336846794646e-06,0.0,0.0,0.0
business_activity_only__vs__business_none,business_activity_only,business_none,core_capital_goods_shipments_log_change,add_one,True,full_common_calendar,after_midmonth_defining_releases,183,2011-01-01,2026-05-01,0.0001324520991494582,0.0,-0.0001324520991494582,1.9813848712764586e-05,0.0,-1.9813848712764586e-05,9.91041118340622e-06,0.0,-9.91041118340622e-06,-0.00546448087431694,0.0,-0.00546448087431694
business_activity_only__vs__business_none,business_activity_only,business_none,core_capital_goods_shipments_log_change,add_one,True,full_common_calendar,before_any_defining_release,183,2011-01-01,2026-05-01,-6.153650911642071e-06,0.0,6.153650911642071e-06,-2.608566342524362e-06,0.0,2.608566342524362e-06,-1.1904638647153372e-06,0.0,1.1904638647153372e-06,0.0,0.0,0.0
business_activity_only__vs__business_none,business_activity_only,business_none,core_capital_goods_shipments_log_change,add_one,True,full_common_calendar,strict_pre_final_score_day,183,2011-01-01,2026-05-01,-0.010990795321072359,0.0,0.010990795321072359,0.0007812592065840461,0.0,-0.0007812592065840461,0.0003730059027938899,0.0,-0.0003730059027938899,-0.01092896174863388,0.0,-0.01092896174863388
business_pipeline_only__vs__business_none,business_pipeline_only,business_none,core_capital_goods_orders_shipments_gap_log_change,add_one,True,full_common_calendar,after_employment_situation,183,2011-01-01,2026-05-01,-2.7052051085967053e-07,0.0,2.7052051085967053e-07,-8.155722589230988e-08,0.0,8.155722589230988e-08,-3.940355971974448e-08,0.0,3.940355971974448e-08,0.0,0.0,0.0
business_pipeline_only__vs__business_none,business_pipeline_only,business_none,core_capital_goods_orders_shipments_gap_log_change,add_one,True,full_common_calendar,after_midmonth_defining_releases,183,2011-01-01,2026-05-01,-8.714835502975984e-07,0.0,8.714835502975984e-07,-1.1543059816366812e-07,0.0,1.1543059816366812e-07,-5.61240464666861e-08,0.0,5.61240464666861e-08,0.0,0.0,0.0
business_pipeline_only__vs__business_none,business_pipeline_only,business_none,core_capital_goods_orders_shipments_gap_log_change,add_one,True,full_common_calendar,before_any_defining_release,183,2011-01-01,2026-05-01,-2.89859469516815e-07,0.0,2.89859469516815e-07,-1.3884679780417277e-07,0.0,1.3884679780417277e-07,-7.079880564034086e-08,0.0,7.079880564034086e-08,0.0,0.0,0.0
business_pipeline_only__vs__business_none,business_pipeline_only,business_none,core_capital_goods_orders_shipments_gap_log_change,add_one,True,full_common_calendar,strict_pre_final_score_day,183,2011-01-01,2026-05-01,0.011094966604615484,0.0,-0.011094966604615484,-3.5303526751687994e-05,0.0,3.5303526751687994e-05,-1.8093708846460544e-05,0.0,1.8093708846460544e-05,0.0,0.0,0.0
business_pipeline_only__vs__business_revised_joint,business_pipeline_only,business_revised_joint,core_capital_goods_shipments_log_change,leave_one_out,False,full_common_calendar,after_employment_situation,183,2011-01-01,2026-05-01,9.781049592005056e-06,0.0,9.781049592005056e-06,3.543817722885966e-06,0.0,3.543817722885966e-06,1.7360318792860158e-06,0.0,1.7360318792860158e-06,0.0,0.0,-0.0
business_pipeline_only__vs__business_revised_joint,business_pipeline_only,business_revised_joint,core_capital_goods_shipments_log_change,leave_one_out,False,full_common_calendar,after_midmonth_defining_releases,183,2011-01-01,2026-05-01,-0.00016996616573608408,0.0,-0.00016996616573608408,-2.509138890724779e-05,0.0,-2.509138890724779e-05,-1.26891927549492e-05,0.0,-1.26891927549492e-05,0.00546448087431694,0.0,-0.00546448087431694
business_pipeline_only__vs__business_revised_joint,business_pipeline_only,business_revised_joint,core_capital_goods_shipments_log_change,leave_one_out,False,full_common_calendar,before_any_defining_release,183,2011-01-01,2026-05-01,9.634736635582239e-06,0.0,9.634736635582239e-06,3.6720655962656186e-06,0.0,3.6720655962656186e-06,1.7355378883062174e-06,0.0,1.7355378883062174e-06,0.0,0.0,-0.0
business_pipeline_only__vs__business_revised_joint,business_pipeline_only,business_revised_joint,core_capital_goods_shipments_log_change,leave_one_out,False,full_common_calendar,strict_pre_final_score_day,183,2011-01-01,2026-05-01,0.024145164267207735,0.0,0.024145164267207735,-0.0008192095157435081,0.0,-0.0008192095157435081,-0.0004449995946431614,0.0,-0.0004449995946431614,0.01639344262295082,0.0,-0.01639344262295082
business_activity_only__vs__business_revised_joint,business_activity_only,business_revised_joint,core_capital_goods_orders_shipments_gap_log_change,leave_one_out,False,full_common_calendar,after_employment_situation,183,2011-01-01,2026-05-01,3.7518349179273733e-06,0.0,3.7518349179273733e-06,1.136994056070248e-06,0.0,1.136994056070248e-06,5.579017543262958e-07,0.0,5.579017543262958e-07,0.0,0.0,-0.0
business_activity_only__vs__business_revised_joint,business_activity_only,business_revised_joint,core_capital_goods_orders_shipments_gap_log_change,leave_one_out,False,full_common_calendar,after_midmonth_defining_releases,183,2011-01-01,2026-05-01,-3.664258303632829e-05,0.0,-3.664258303632829e-05,-5.162109596319537e-06,0.0,-5.162109596319537e-06,-2.722657525076294e-06,0.0,-2.722657525076294e-06,0.0,0.0,-0.0
business_activity_only__vs__business_revised_joint,business_activity_only,business_revised_joint,core_capital_goods_orders_shipments_gap_log_change,leave_one_out,False,full_common_calendar,before_any_defining_release,183,2011-01-01,2026-05-01,3.770945193456983e-06,0.0,3.770945193456983e-06,1.2023460515454293e-06,0.0,1.2023460515454293e-06,6.15872829231221e-07,0.0,6.15872829231221e-07,0.0,0.0,-0.0
business_activity_only__vs__business_revised_joint,business_activity_only,business_revised_joint,core_capital_goods_orders_shipments_gap_log_change,leave_one_out,False,full_common_calendar,strict_pre_final_score_day,183,2011-01-01,2026-05-01,0.00205940234151991,0.0,0.00205940234151991,-2.646782407774165e-06,0.0,-2.646782407774165e-06,-5.389998300281094e-05,0.0,-5.389998300281094e-05,0.00546448087431694,0.0,-0.00546448087431694
business_revised_joint__vs__business_legacy,business_revised_joint,business_legacy,business,add_one,False,full_common_calendar,after_employment_situation,183,2011-01-01,2026-05-01,-1.8547574235194517e-06,0.0,1.8547574235194517e-06,-5.111925227056741e-07,0.0,5.111925227056741e-07,-2.508115144840351e-07,0.0,2.508115144840351e-07,0.0,0.0,0.0
business_revised_joint__vs__business_legacy,business_revised_joint,business_legacy,business,add_one,False,full_common_calendar,after_midmonth_defining_releases,183,2011-01-01,2026-05-01,-2.3705937946650983e-06,0.0,2.3705937946650983e-06,-1.7448086555140765e-07,0.0,1.7448086555140765e-07,-1.0120725936246635e-07,0.0,1.0120725936246635e-07,0.0,0.0,0.0
business_revised_joint__vs__business_legacy,business_revised_joint,business_legacy,business,add_one,False,full_common_calendar,before_any_defining_release,183,2011-01-01,2026-05-01,-1.8940932735120243e-06,0.0,1.8940932735120243e-06,-5.488528103387738e-07,0.0,5.488528103387738e-07,-2.8992710617543375e-07,0.0,2.8992710617543375e-07,0.0,0.0,0.0
business_revised_joint__vs__business_legacy,business_revised_joint,business_legacy,business,add_one,False,full_common_calendar,strict_pre_final_score_day,183,2011-01-01,2026-05-01,-0.0007442497924321416,0.0,0.0007442497924321416,-2.9003145983101868e-05,0.0,2.9003145983101868e-05,1.013024264551767e-06,0.0,-1.013024264551767e-06,-0.00546448087431694,0.0,-0.00546448087431694
claims_icsa_only__vs__claims_none,claims_icsa_only,claims_none,initial_claims_innovation,add_one,True,full_common_calendar,after_employment_situation,183,2011-01-01,2026-05-01,-0.05209241561684772,0.0,0.05209241561684772,-0.00012087770372635932,0.0,0.00012087770372635932,-7.450854084289492e-06,0.0,7.450854084289492e-06,0.00546448087431694,0.0,0.00546448087431694
claims_icsa_only__vs__claims_none,claims_icsa_only,claims_none,initial_claims_innovation,add_one,True,full_common_calendar,after_midmonth_defining_releases,183,2011-01-01,2026-05-01,-0.0166986825472855,0.0,0.0166986825472855,0.00011855251902187532,0.0,-0.00011855251902187532,0.00012236196132291946,0.0,-0.00012236196132291946,0.0,0.0,0.0
claims_icsa_only__vs__claims_none,claims_icsa_only,claims_none,initial_claims_innovation,add_one,True,full_common_calendar,before_any_defining_release,183,2011-01-01,2026-05-01,-0.06581170518407192,0.0,0.06581170518407192,-0.0010243973856812853,0.0,0.0010243973856812853,6.461855085837764e-05,0.0,-6.461855085837764e-05,0.01639344262295082,0.0,0.01639344262295082
claims_icsa_only__vs__claims_none,claims_icsa_only,claims_none,initial_claims_innovation,add_one,True,full_common_calendar,strict_pre_final_score_day,183,2011-01-01,2026-05-01,-0.02187493336525913,0.0,0.02187493336525913,9.668113837219237e-05,0.0,-9.668113837219237e-05,0.00010405520576514499,0.0,-0.00010405520576514499,-0.01092896174863388,0.0,-0.01092896174863388
claims_ccsa_conditional_only__vs__claims_none,claims_ccsa_conditional_only,claims_none,continued_claims_innovation,add_one,True,full_common_calendar,after_employment_situation,183,2011-01-01,2026-05-01,0.0076611879590697905,0.0,-0.0076611879590697905,-0.0001722379654835833,0.0,0.0001722379654835833,-7.43703208317431e-05,0.0,7.43703208317431e-05,0.00546448087431694,0.0,0.00546448087431694
claims_ccsa_conditional_only__vs__claims_none,claims_ccsa_conditional_only,claims_none,continued_claims_innovation,add_one,True,full_common_calendar,after_midmonth_defining_releases,183,2011-01-01,2026-05-01,0.0020164772591989965,0.0,-0.0020164772591989965,-0.00010328678870477174,0.0,0.00010328678870477174,-0.0001019703229120589,0.0,0.0001019703229120589,-0.00546448087431694,0.0,-0.00546448087431694
claims_ccsa_conditional_only__vs__claims_none,claims_ccsa_conditional_only,claims_none,continued_claims_innovation,add_one,True,full_common_calendar,before_any_defining_release,183,2011-01-01,2026-05-01,-0.00495115999577113,0.0,0.00495115999577113,-0.0013523698967580467,0.0,0.0013523698967580467,9.401416610258354e-05,0.0,-9.401416610258354e-05,0.02185792349726776,0.0,0.02185792349726776
claims_ccsa_conditional_only__vs__claims_none,claims_ccsa_conditional_only,claims_none,continued_claims_innovation,add_one,True,full_common_calendar,strict_pre_final_score_day,183,2011-01-01,2026-05-01,-0.017918372255114202,0.0,0.017918372255114202,-0.00015571840054134285,0.0,0.00015571840054134285,-0.00014747539911431874,0.0,0.00014747539911431874,-0.01092896174863388,0.0,-0.01092896174863388
claims_conditional_joint__vs__claims_icsa_only,claims_conditional_joint,claims_icsa_only,continued_claims_innovation,add_one,True,full_common_calendar,after_employment_situation,183,2011-01-01,2026-05-01,0.007337206460184036,0.0,-0.007337206460184036,-0.00026412775835345427,0.0,0.00026412775835345427,-0.0001407217011941125,0.0,0.0001407217011941125,0.0,0.0,0.0
claims_conditional_joint__vs__claims_icsa_only,claims_conditional_joint,claims_icsa_only,continued_claims_innovation,add_one,True,full_common_calendar,after_midmonth_defining_releases,183,2011-01-01,2026-05-01,0.001883892214768374,0.0,-0.001883892214768374,-0.00011863864337509393,0.0,0.00011863864337509393,-0.00011183996384023646,0.0,0.00011183996384023646,-0.00546448087431694,0.0,-0.00546448087431694
claims_conditional_joint__vs__claims_icsa_only,claims_conditional_joint,claims_icsa_only,continued_claims_innovation,add_one,True,full_common_calendar,before_any_defining_release,183,2011-01-01,2026-05-01,-0.004865218828930847,0.0,0.004865218828930847,-0.0021477494862170137,0.0,0.0021477494862170137,-0.0007584450889406306,0.0,0.0007584450889406306,0.02185792349726776,0.0,0.02185792349726776
claims_conditional_joint__vs__claims_icsa_only,claims_conditional_joint,claims_icsa_only,continued_claims_innovation,add_one,True,full_common_calendar,strict_pre_final_score_day,183,2011-01-01,2026-05-01,-0.017356857590116823,0.0,0.017356857590116823,-0.00016584289443439767,0.0,0.00016584289443439767,-0.00015449987068336585,0.0,0.00015449987068336585,0.0,0.0,0.0
claims_conditional_joint__vs__claims_ccsa_conditional_only,claims_conditional_joint,claims_ccsa_conditional_only,initial_claims_innovation,add_one,True,full_common_calendar,after_employment_situation,183,2011-01-01,2026-05-01,-0.05241639711573345,0.0,0.05241639711573345,-0.0002127674965962303,0.0,0.0002127674965962303,-7.380223444665889e-05,0.0,7.380223444665889e-05,0.0,0.0,0.0
claims_conditional_joint__vs__claims_ccsa_conditional_only,claims_conditional_joint,claims_ccsa_conditional_only,initial_claims_innovation,add_one,True,full_common_calendar,after_midmonth_defining_releases,183,2011-01-01,2026-05-01,-0.01683126759171613,0.0,0.01683126759171613,0.00010320066435155314,0.0,-0.00010320066435155314,0.00011249232039474193,0.0,-0.00011249232039474193,0.0,0.0,0.0
claims_conditional_joint__vs__claims_ccsa_conditional_only,claims_conditional_joint,claims_ccsa_conditional_only,initial_claims_innovation,add_one,True,full_common_calendar,before_any_defining_release,183,2011-01-01,2026-05-01,-0.06572576401723161,0.0,0.06572576401723161,-0.0018197769751402523,0.0,0.0018197769751402523,-0.0007878407041848369,0.0,0.0007878407041848369,0.01639344262295082,0.0,0.01639344262295082
claims_conditional_joint__vs__claims_ccsa_conditional_only,claims_conditional_joint,claims_ccsa_conditional_only,initial_claims_innovation,add_one,True,full_common_calendar,strict_pre_final_score_day,183,2011-01-01,2026-05-01,-0.02131341870026174,0.0,0.02131341870026174,8.655664447913757e-05,0.0,-8.655664447913757e-05,9.703073419609784e-05,0.0,-9.703073419609784e-05,0.0,0.0,0.0
claims_independent__vs__claims_icsa_only,claims_independent,claims_icsa_only,continued_claims_innovation,add_one,True,full_common_calendar,after_employment_situation,183,2011-01-01,2026-05-01,-0.014778751498355029,0.0,0.014778751498355029,-0.00026159186913920324,0.0,0.00026159186913920324,-0.00014248068137964965,0.0,0.00014248068137964965,0.0,0.0,0.0
claims_independent__vs__claims_icsa_only,claims_independent,claims_icsa_only,continued_claims_innovation,add_one,True,full_common_calendar,after_midmonth_defining_releases,183,2011-01-01,2026-05-01,-0.011549598820684475,0.0,0.011549598820684475,-0.00014337190096810876,0.0,0.00014337190096810876,-0.0001340421053810411,0.0,0.0001340421053810411,-0.00546448087431694,0.0,-0.00546448087431694
claims_independent__vs__claims_icsa_only,claims_independent,claims_icsa_only,continued_claims_innovation,add_one,True,full_common_calendar,before_any_defining_release,183,2011-01-01,2026-05-01,-0.01700790789910952,0.0,0.01700790789910952,-0.0025294425317115106,0.0,0.0025294425317115106,-0.000931986246506435,0.0,0.000931986246506435,0.02185792349726776,0.0,0.02185792349726776
claims_independent__vs__claims_icsa_only,claims_independent,claims_icsa_only,continued_claims_innovation,add_one,True,full_common_calendar,strict_pre_final_score_day,183,2011-01-01,2026-05-01,-0.027191153777852972,0.0,0.027191153777852972,-0.00019223046838559593,0.0,0.00019223046838559593,-0.0001772697875565309,0.0,0.0001772697875565309,0.0,0.0,0.0
claims_conditional_joint__vs__claims_independent,claims_conditional_joint,claims_independent,claims,add_one,False,full_common_calendar,after_employment_situation,183,2011-01-01,2026-05-01,0.02211595795853905,0.0,-0.02211595795853905,-2.5358892142510358e-06,0.0,2.5358892142510358e-06,1.7589801855371782e-06,0.0,-1.7589801855371782e-06,0.0,0.0,0.0
claims_conditional_joint__vs__claims_independent,claims_conditional_joint,claims_independent,claims,add_one,False,full_common_calendar,after_midmonth_defining_releases,183,2011-01-01,2026-05-01,0.013433491035452856,0.0,-0.013433491035452856,2.4733257593014836e-05,0.0,-2.4733257593014836e-05,2.220214154080465e-05,0.0,-2.220214154080465e-05,0.0,0.0,0.0
claims_conditional_joint__vs__claims_independent,claims_conditional_joint,claims_independent,claims,add_one,False,full_common_calendar,before_any_defining_release,183,2011-01-01,2026-05-01,0.012142689070178667,0.0,-0.012142689070178667,0.00038169304549449696,0.0,-0.00038169304549449696,0.00017354115756580433,0.0,-0.00017354115756580433,0.0,0.0,0.0
claims_conditional_joint__vs__claims_independent,claims_conditional_joint,claims_independent,claims,add_one,False,full_common_calendar,strict_pre_final_score_day,183,2011-01-01,2026-05-01,0.009834296187736138,0.0,-0.009834296187736138,2.6387573951198254e-05,0.0,-2.6387573951198254e-05,2.276991687316502e-05,0.0,-2.276991687316502e-05,0.0,0.0,0.0
all_revised_candidate__vs__student_t_7_combined,all_revised_candidate,student_t_7_combined,combined,add_one,False,full_common_calendar,after_employment_situation,183,2011-01-01,2026-05-01,4.83029811429443,-4.440892098500626e-16,-4.83029811429443,-0.0010529994015066033,0.0,0.0010529994015066033,-0.0004853933851705101,0.0,0.0004853933851705101,-0.00546448087431694,0.0,-0.00546448087431694
all_revised_candidate__vs__student_t_7_combined,all_revised_candidate,student_t_7_combined,combined,add_one,False,full_common_calendar,after_midmonth_defining_releases,183,2011-01-01,2026-05-01,3.009091343814197,-0.011251928042141923,-3.009091343814197,-0.0017593578229638546,-0.0003561916741292581,0.0017593578229638546,-5.6023496921663494e-05,-0.00013007900009371146,5.6023496921663494e-05,-0.02185792349726776,0.0,-0.02185792349726776
all_revised_candidate__vs__student_t_7_combined,all_revised_candidate,student_t_7_combined,combined,add_one,False,full_common_calendar,before_any_defining_release,183,2011-01-01,2026-05-01,-0.015492451766882763,-4.440892098500626e-16,0.015492451766882763,-0.0026694800487373892,0.0,0.0026694800487373892,-0.001011937625739399,0.0,0.001011937625739399,0.0273224043715847,0.0,0.0273224043715847
all_revised_candidate__vs__student_t_7_combined,all_revised_candidate,student_t_7_combined,combined,add_one,False,full_common_calendar,strict_pre_final_score_day,183,2011-01-01,2026-05-01,2.9895717387860588,-0.011413492493720367,-2.9895717387860588,-0.0031556389508330097,-0.00037690083317531986,0.0031556389508330097,-0.0005588427122083637,-0.00014223960857601137,0.0005588427122083637,-0.03825136612021858,0.0,-0.03825136612021858
all_revised_candidate__vs__partial_only,all_revised_candidate,partial_only,combined,add_one,False,full_common_calendar,after_employment_situation,183,2011-01-01,2026-05-01,4.778231004071628,-4.440892098500626e-16,-4.778231004071628,-0.0011669613040479665,0.0,0.0011669613040479665,-0.0004900773613443179,0.0,0.0004900773613443179,0.0,0.0,0.0
all_revised_candidate__vs__partial_only,all_revised_candidate,partial_only,combined,add_one,False,full_common_calendar,after_midmonth_defining_releases,183,2011-01-01,2026-05-01,2.9228311903654793,-0.031269626931379024,-2.9228311903654793,-0.0013345588125685773,-0.0007316754657029634,0.0013345588125685773,0.00011280407655134197,-0.00023573822802185063,-0.00011280407655134197,-0.07650273224043716,0.0,-0.07650273224043716
all_revised_candidate__vs__partial_only,all_revised_candidate,partial_only,combined,add_one,False,full_common_calendar,before_any_defining_release,183,2011-01-01,2026-05-01,-0.08128981917906468,-8.881784197001252e-16,0.08128981917906468,-0.0036891689983270053,0.0,0.0036891689983270053,-0.0009447618015012525,0.0,0.0009447618015012525,0.03825136612021858,0.0,0.03825136612021858
all_revised_candidate__vs__partial_only,all_revised_candidate,partial_only,combined,add_one,False,full_common_calendar,strict_pre_final_score_day,183,2011-01-01,2026-05-01,2.875122643927197,-0.041093933936402705,-2.875122643927197,-0.0012505754635764195,-0.00074729746988067,0.0012505754635764195,0.0003503105225169077,-0.00034274755895033135,-0.0003503105225169077,-0.10382513661202186,0.0,-0.10382513661202186
