method,reference_month,start_date,end_date,gross_return,transaction_cost_rate,net_return,gross_turnover,one_way_turnover,nav_before_period,nav_after_period
posterior_optimized,2018-01-01,2018-01-02,2018-02-01,0.017064467757239334,0.0005,0.016555935523360876,1.0,0.5,1.0,1.0165559355233609
posterior_optimized,2018-02-01,2018-02-01,2018-03-01,-0.021100724198032234,1.2352631830174853e-05,-0.021112816180385074,0.024705263660349704,0.012352631830174852,1.0165559355233609,0.9950935769195768
posterior_optimized,2018-03-01,2018-03-01,2018-04-02,-0.003503930786292658,5.439566275771469e-06,-0.0035093512927046877,0.010879132551542938,0.005439566275771469,0.9950935769195768,0.9916014439890519
posterior_optimized,2018-04-01,2018-04-02,2018-05-01,-0.0057983829851715706,9.411951294109318e-06,-0.0058077403623674195,0.018823902588218634,0.009411951294109317,0.9916014439890519,0.9858424802594149
posterior_optimized,2018-05-01,2018-05-01,2018-06-01,0.010457587982987526,5.623853133226227e-06,0.01045190531791551,0.011247706266452454,0.005623853133226227,0.9858424802594149,0.9961464125214653
posterior_optimized,2018-06-01,2018-06-01,2018-07-02,-0.009558907403996746,7.588074929992132e-06,-0.009566422945221142,0.01517614985998426,0.00758807492999213,0.9961464125214653,0.9866168546239202
posterior_optimized,2018-07-01,2018-07-02,2018-08-01,0.01059488249829646,6.6475508400903675e-06,0.01058816451743616,0.013295101680180735,0.006647550840090367,0.9866168546239202,0.9970633161963537
posterior_optimized,2018-08-01,2018-08-01,2018-09-04,0.007890295522368621,1.2850385822373818e-05,0.007877343743204479,0.025700771644747634,0.012850385822373817,0.9970633161963537,1.0049175266717718
posterior_optimized,2018-09-01,2018-09-04,2018-10-01,0.0017457930716706122,7.803055423725122e-06,0.0017379763937268589,0.01560611084745024,0.00780305542372512,1.0049175266717718,1.0066640496107697
posterior_optimized,2018-10-01,2018-10-01,2018-11-01,-0.03523465528048002,0.0003470173276432622,-0.035569445572207425,0.6940346552865244,0.3470173276432622,1.0066640496107697,0.9708575674886415
posterior_optimized,2018-11-01,2018-11-01,2018-12-03,0.012860166422970888,1.2689570143860683e-05,0.012847313662843085,0.02537914028772137,0.012689570143860684,0.9708575674886415,0.983330479180113
posterior_optimized,2018-12-01,2018-12-03,2019-01-02,-0.035164770070103414,6.599486790003453e-06,-0.035171137487457926,0.013198973580006906,0.006599486790003453,0.983330479180113,0.9487456277012614
posterior_optimized,2019-01-01,2019-01-02,2019-02-01,0.054011265322473884,2.9777810337974e-05,0.053979879174920864,0.059555620675947996,0.029777810337973998,0.9487456277012614,0.9999588020523099
posterior_optimized,2019-02-01,2019-02-01,2019-03-01,0.014585806829191356,1.4693458260254979e-05,0.014570899054987319,0.02938691652050996,0.01469345826025498,0.9999588020523099,1.01452910081616
posterior_optimized,2019-03-01,2019-03-01,2019-04-01,0.02121460075375491,8.174420739900419e-06,0.02120625291594247,0.016348841479800837,0.008174420739900419,1.01452910081616,1.0360434615186513
posterior_optimized,2019-04-01,2019-04-01,2019-05-01,0.012721542864629008,0.00023707911315548234,0.012481447739373097,0.4741582263109646,0.2370791131554823,1.0360434615186513,1.0489747838393155
posterior_optimized,2019-05-01,2019-05-01,2019-06-03,-0.014962285644622847,7.84149476038556e-06,-0.014970009812698803,0.015682989520771122,0.007841494760385561,1.0489747838393155,1.0332716210319675
posterior_optimized,2019-06-01,2019-06-03,2019-07-01,0.05703035316068708,1.8219298987849913e-05,0.057011094808643525,0.03643859797569983,0.018219298987849915,1.0332716210319675,1.0921795673817016
posterior_optimized,2019-07-01,2019-07-01,2019-08-01,0.0032638760115085387,9.535639770883607e-06,0.0032543092485917136,0.019071279541767214,0.009535639770883607,1.0921795673817016,1.0957338574489548
posterior_optimized,2019-08-01,2019-08-01,2019-09-03,0.02532904293350253,1.641562380929701e-06,0.02532735979191747,0.003283124761859402,0.001641562380929701,1.0957338574489548,1.12348590309275
posterior_optimized,2019-09-01,2019-09-03,2019-10-01,-0.0037931503951846714,1.6920866766181968e-05,-0.003810007078558386,0.033841733532363936,0.016920866766181968,1.12348590309275,1.119205413849306
posterior_optimized,2019-10-01,2019-10-01,2019-11-01,0.018421790286127216,1.1892432284856247e-05,0.018409678773948945,0.023784864569712495,0.011892432284856248,1.119205413849306,1.1398096260003363
posterior_optimized,2019-11-01,2019-11-01,2019-12-02,0.0031030974575855805,4.795052310570051e-06,0.003098287525760357,0.0095901046211401,0.00479505231057005,1.1398096260003363,1.1433410839463147
posterior_optimized,2019-12-01,2019-12-02,2020-01-02,0.029887614773522444,1.9264691392731682e-05,0.02986777430645482,0.03852938278546336,0.01926469139273168,1.1433410839463147,1.1774901373969207
posterior_optimized,2020-01-01,2020-01-02,2020-02-03,0.010298165696971274,0.000255535688433551,0.010039998459676625,0.5110713768671019,0.25553568843355096,1.1774901373969207,1.1893121365626702
posterior_optimized,2020-02-01,2020-02-03,2020-03-02,-0.02400693943191283,0.00025377104644207216,-0.02425461821221342,0.5075420928841443,0.25377104644207216,1.1893121365626702,1.1604658247551909
posterior_optimized,2020-03-01,2020-03-02,2020-04-01,-0.09434363186904765,2.0509095158605204e-05,-0.09436220606168255,0.04101819031721041,0.020509095158605203,1.1604658247551909,1.050961709472101
posterior_optimized,2020-04-01,2020-04-01,2020-05-01,0.09131698800705178,2.6744850803341448e-05,0.09128780089702837,0.0534897016066829,0.02674485080334145,1.050961709472101,1.1469016927567908
posterior_optimized,2020-05-01,2020-05-01,2020-06-01,0.04135133943566449,1.9031478576542014e-05,0.041331520979957403,0.038062957153084026,0.019031478576542013,1.1469016927567908,1.1943048841329167
posterior_optimized,2020-06-01,2020-06-01,2020-07-01,0.020691001889881537,7.671273510712885e-06,0.02068317189003621,0.01534254702142577,0.007671273510712885,1.1943048841329167,1.2190068973405477
posterior_optimized,2020-07-01,2020-07-01,2020-08-03,0.062465236658624135,2.383080618261949e-06,0.06246270471831106,0.004766161236523898,0.002383080618261949,1.2190068973405477,1.295149365218715
posterior_optimized,2020-08-01,2020-08-03,2020-09-01,0.021229025804793803,1.0656097203986597e-05,0.021218143489027286,0.021312194407973196,0.010656097203986598,1.295149365218715,1.3226300302896483
posterior_optimized,2020-09-01,2020-09-01,2020-10-01,-0.020232579361932148,0.00011939963562195265,-0.02034956323495052,0.2387992712439053,0.11939963562195265,1.3226300302896483,1.2957150868518246
posterior_optimized,2020-10-01,2020-10-01,2020-11-02,-0.008432459654332375,9.552964663326683e-06,-0.008441932064006563,0.019105929326653368,0.009552964663326684,1.2957150868518246,1.284776748114313
posterior_optimized,2020-11-01,2020-11-02,2020-12-01,0.03946202576675914,0.00011244357581130098,0.03934514493966179,0.22488715162260195,0.11244357581130097,1.284776748114313,1.335326475483978
posterior_optimized,2020-12-01,2020-12-01,2021-01-04,0.02920996963257759,2.327864082968476e-05,0.029186011023356162,0.04655728165936952,0.02327864082968476,1.335326475483978,1.3742993287172327
posterior_optimized,2021-01-01,2021-01-04,2021-02-01,-0.009622087238187738,0.000260991198007626,-0.009880567156119624,0.5219823960152519,0.26099119800762594,1.3742993287172327,1.3607204719072319
posterior_optimized,2021-02-01,2021-02-01,2021-03-01,-0.0027144557634994687,2.0545005125938363e-06,-0.0027165046871613363,0.004109001025187672,0.002054500512593836,1.3607204719072319,1.3570240683673795
posterior_optimized,2021-03-01,2021-03-01,2021-04-01,0.007855567725516908,0.00025271356606074125,0.007600868950922823,0.5054271321214825,0.25271356606074125,1.3570240683673795,1.367338630474288
posterior_optimized,2021-04-01,2021-04-01,2021-05-03,0.030665129490599734,9.984165019504693e-06,0.03065483915986711,0.019968330039009385,0.009984165019504693,1.367338630474288,1.4092541762685504
posterior_optimized,2021-05-01,2021-05-03,2021-06-01,0.02092039417512658,9.157087181597093e-06,0.020911045518071658,0.018314174363194186,0.009157087181597093,1.4092541762685504,1.4387231544950347
posterior_optimized,2021-06-01,2021-06-01,2021-07-01,-0.0020895239442423035,1.1167140595000902e-05,-0.0021006677508297322,0.022334281190001807,0.011167140595000903,1.4387231544950347,1.435700875162015
posterior_optimized,2021-07-01,2021-07-01,2021-08-02,0.019267212144771798,1.647505291604399e-05,0.01925041966351615,0.032950105832087975,0.016475052916043988,1.435700875162015,1.4633387195201613
posterior_optimized,2021-08-01,2021-08-02,2021-09-01,0.009822087129809347,2.567647527654982e-06,0.009819494262623962,0.005135295055309963,0.0025676475276549815,1.4633387195201613,1.477707965680765
posterior_optimized,2021-09-01,2021-09-01,2021-10-01,-0.02910405724509443,6.214160277087548e-06,-0.029110090548095102,0.012428320554175094,0.006214160277087547,1.477707965680765,1.4346917529961565
posterior_optimized,2021-10-01,2021-10-01,2021-11-01,0.027428753058638046,6.242904269643645e-06,0.027422338919288913,0.01248580853928729,0.006242904269643645,1.4346917529961565,1.474034356491526
posterior_optimized,2021-11-01,2021-11-01,2021-12-01,0.0010820581892150996,1.3831411746266636e-05,0.0010682118110763028,0.027662823492533274,0.013831411746266637,1.474034356491526,1.4756089374010624
posterior_optimized,2021-12-01,2021-12-01,2022-01-03,0.013855268987380796,9.926920599686168e-07,0.013854262541305173,0.0019853841199372335,0.0009926920599686168,1.4756089374010624,1.496052411028113
posterior_optimized,2022-01-01,2022-01-03,2022-02-01,-0.031013496576053144,7.526591394758243e-06,-0.03102078974153144,0.015053182789516485,0.007526591394758243,1.496052411028113,1.4496436837432987
posterior_optimized,2022-02-01,2022-02-01,2022-03-01,-0.00415009085066285,8.226865334550606e-06,-0.004158283573758803,0.01645373066910121,0.008226865334550606,1.4496436837432987,1.4436156542253857
posterior_optimized,2022-03-01,2022-03-01,2022-04-01,0.002810931972284979,1.727708125402509e-05,0.0027936063263307442,0.034554162508050185,0.017277081254025092,1.4436156542253857,1.4476485480498198
posterior_optimized,2022-04-01,2022-04-01,2022-05-02,-0.06582613692950179,1.4806168860692016e-05,-0.0658399684654637,0.02961233772138403,0.014806168860692016,1.4476485480498198,1.3523354132971455
posterior_optimized,2022-05-01,2022-05-02,2022-06-01,0.011652862841056414,9.42244710398076e-06,0.011643330595468626,0.018844894207961517,0.009422447103980758,1.3523354132971455,1.3680811015901237
posterior_optimized,2022-06-01,2022-06-01,2022-07-01,-0.053306968416758554,6.5338737743787925e-06,-0.05331315398952996,0.013067747548757586,0.006533873774378793,1.3680811015901237,1.2951443831508838
posterior_optimized,2022-07-01,2022-07-01,2022-08-01,0.04274325886198902,1.3225707635981646e-05,0.04272946784450782,0.02645141527196329,0.013225707635981646,1.2951443831508838,1.3504852134247243
posterior_optimized,2022-08-01,2022-08-01,2022-09-01,-0.044336223982182954,1.5290215924955465e-05,-0.04435083628766989,0.03058043184991093,0.015290215924955466,1.3504852134247243,1.2905900648152053
posterior_optimized,2022-09-01,2022-09-01,2022-10-03,-0.04636519381384122,2.484507867089011e-06,-0.04636756312701951,0.004969015734178022,0.002484507867089011,1.2905900648152053,1.2307485485137821
posterior_optimized,2022-10-01,2022-10-03,2022-11-01,0.02364846525892296,1.146259976834037e-05,0.023636731586262227,0.02292519953668074,0.01146259976834037,1.2307485485137821,1.2598394216051843
posterior_optimized,2022-11-01,2022-11-01,2022-12-01,0.06070388998334229,1.9431859582771e-05,0.06068327853429323,0.038863719165542,0.019431859582771,1.2598394216051843,1.3362906081349346
posterior_optimized,2022-12-01,2022-12-01,2023-01-03,-0.0165901329456387,6.6232262182590595e-06,-0.016596646291653472,0.013246452436518119,0.0066232262182590596,1.3362906081349346,1.3141126655688606
posterior_optimized,2023-01-01,2023-01-03,2023-02-01,0.04653408909594217,1.400807256752523e-05,0.0465194291704778,0.028016145135050456,0.014008072567525228,1.3141126655688606,1.375244436636819
posterior_optimized,2023-02-01,2023-02-01,2023-03-01,-0.03758632570929338,4.095201663359849e-06,-0.03759026698737322,0.008190403326719699,0.004095201663359849,1.375244436636819,1.3235486310907414
posterior_optimized,2023-03-01,2023-03-01,2023-04-03,0.046729616982886454,4.873677568300873e-06,0.04672451556023205,0.009747355136601745,0.004873677568300872,1.3235486310907414,1.3853907996988646
posterior_optimized,2023-04-01,2023-04-03,2023-05-01,0.009180635799253243,6.866081233096604e-06,0.00917370668302886,0.013732162466193208,0.006866081233096604,1.3853907996988646,1.3980999685366688
posterior_optimized,2023-05-01,2023-05-01,2023-06-01,-0.005847562076905901,3.1216842364292226e-06,-0.005850665506900055,0.006243368472858445,0.0031216842364292226,1.3980999685366688,1.3899201532755534
posterior_optimized,2023-06-01,2023-06-01,2023-07-03,0.019562707734458566,4.674263414180083e-06,0.019557942029795328,0.009348526828360168,0.004674263414180084,1.3899201532755534,1.4171041310593608
posterior_optimized,2023-07-01,2023-07-03,2023-08-01,0.012297420540449203,1.512555839293575e-05,0.012282108976703787,0.0302511167858715,0.01512555839293575,1.4171041310593608,1.4345091584283691
posterior_optimized,2023-08-01,2023-08-01,2023-09-01,-0.0036607967115295263,6.232678022386252e-06,-0.003667006572984688,0.012465356044772502,0.006232678022386251,1.4345091584283691,1.4292488039154057
posterior_optimized,2023-09-01,2023-09-01,2023-10-02,-0.04847719634898477,1.114193128609806e-06,-0.04847825652915427,0.0022283862572196117,0.0011141931286098058,1.4292488039154057,1.3599613137552078
posterior_optimized,2023-10-01,2023-10-02,2023-11-01,0.00891021406635352,5.12085760424157e-06,0.008905047580811676,0.010241715208483139,0.0051208576042415695,1.3599613137552078,1.372071833962261
posterior_optimized,2023-11-01,2023-11-01,2023-12-01,0.06346387605661978,1.8487663476608974e-05,0.06344421509435971,0.03697532695321795,0.018487663476608976,1.372071833962261,1.4591218545210753
posterior_optimized,2023-12-01,2023-12-01,2024-01-02,0.03206043035696821,6.237697521565134e-05,0.03199605354908286,0.12475395043130266,0.06237697521565133,1.4591218545210753,1.5058079955129688
posterior_optimized,2024-01-01,2024-01-02,2024-02-01,0.010309646752971356,4.477247329737162e-06,0.010305123346803224,0.008954494659474323,0.004477247329737161,1.5058079955129688,1.5213255326433326
posterior_optimized,2024-02-01,2024-02-01,2024-03-01,0.011434900990952596,5.679786882592381e-06,0.01142915625626939,0.01135957376518476,0.00567978688259238,1.5213255326433326,1.5387129998725655
posterior_optimized,2024-03-01,2024-03-01,2024-04-01,0.0403538177105929,1.3429811735789083e-05,0.04033984595468243,0.026859623471578165,0.013429811735789082,1.5387129998725655,1.6007844452558921
posterior_optimized,2024-04-01,2024-04-01,2024-05-01,-0.018115134165540853,1.3553888563811775e-05,-0.018128442523594912,0.02710777712762355,0.013553888563811775,1.6007844452558921,1.571764716447406
posterior_optimized,2024-05-01,2024-05-01,2024-06-03,0.030863313489745327,1.0627440709582741e-05,0.030852358051001616,0.021254881419165483,0.010627440709582742,1.571764716447406,1.6202573642511724
posterior_optimized,2024-06-01,2024-06-03,2024-07-01,0.011946303206193653,8.23837603927828e-06,0.011937966412016277,0.01647675207855656,0.00823837603927828,1.6202573642511724,1.639599942244425
posterior_optimized,2024-07-01,2024-07-01,2024-08-01,0.029666121151974555,7.87839873265428e-06,0.029658009031710675,0.01575679746530856,0.00787839873265428,1.639599942244425,1.6882272121399025
posterior_optimized,2024-08-01,2024-08-01,2024-09-03,0.01594931071561451,6.073824258901364e-06,0.01594314001804542,0.012147648517802728,0.006073824258901364,1.6882272121399025,1.7151428549653234
posterior_optimized,2024-09-01,2024-09-03,2024-10-01,0.033101653872831024,1.633864474251151e-06,0.033099965924740404,0.003267728948502302,0.001633864474251151,1.7151428549653234,1.7719140250207375
posterior_optimized,2024-10-01,2024-10-01,2024-11-01,-0.001448298214468121,7.555676246285863e-06,-0.0014558429478420676,0.015111352492571728,0.007555676246285864,1.7719140250207375,1.7693343964832287
posterior_optimized,2024-11-01,2024-11-01,2024-12-02,0.016292411368064405,9.68483376400521e-06,0.016282568745004777,0.01936966752801042,0.00968483376400521,1.7693343964832287,1.7981437054268683
posterior_optimized,2024-12-01,2024-12-02,2025-01-02,-0.014636892079911926,1.360175001138564e-05,-0.014650294742576286,0.027203500022771276,0.013601750011385638,1.7981437054268683,1.7718003701528564
posterior_optimized,2025-01-01,2025-01-02,2025-02-03,0.02055011825966367,4.4708718169264585e-06,0.020545555510902203,0.008941743633852917,0.004470871816926458,1.7718003701528564,1.8082029930120689
posterior_optimized,2025-02-01,2025-02-03,2025-03-03,0.01352976806260027,1.054335335829558e-05,0.013519082060116538,0.021086706716591158,0.010543353358295579,1.8082029930120689,1.8326482376559474
posterior_optimized,2025-03-01,2025-03-03,2025-04-01,-0.0007793104141702971,2.9587465126441337e-06,-0.0007822668549010148,0.005917493025288267,0.0029587465126441337,1.8326482376559474,1.8312146176829365
posterior_optimized,2025-04-01,2025-04-01,2025-05-01,0.008974585993007829,2.2561230679093004e-05,0.008951822284623878,0.04512246135818601,0.022561230679093006,1.8312146176829365,1.8476073255054395
posterior_optimized,2025-05-01,2025-05-01,2025-06-02,0.028246539457853895,6.117012211731775e-06,0.0282402496612153,0.01223402442346355,0.006117012211731775,1.8476073255054395,1.8997842176536033
posterior_optimized,2025-06-01,2025-06-02,2025-07-01,0.026455978035791545,9.801673387263696e-06,0.026445917049548573,0.01960334677452739,0.009801673387263695,1.8997842176536033,1.950025753485712
posterior_optimized,2025-07-01,2025-07-01,2025-08-01,0.00731695795879509,8.62786395171551e-06,0.007308266965125432,0.017255727903431016,0.008627863951715508,1.950025753485712,1.9642770622810555
posterior_optimized,2025-08-01,2025-08-01,2025-09-02,0.01724693813415156,3.087305817804104e-06,0.017243797581761422,0.006174611635608208,0.003087305817804104,1.9642770622810555,1.998148658337527
posterior_optimized,2025-09-01,2025-09-02,2025-10-01,0.051010918907819475,5.713689559524607e-06,0.051004913757705106,0.011427379119049215,0.005713689559524607,1.998148658337527,2.1000640583311068
posterior_optimized,2025-10-01,2025-10-01,2025-11-03,0.019828681592486984,1.4101056575052343e-05,0.019814300930551143,0.028202113150104687,0.014101056575052343,2.1000640583311068,2.141675359556314
posterior_optimized,2025-11-01,2025-11-03,2025-12-01,0.013207028365189152,8.746513089259404e-06,0.013198166336653383,0.017493026178518806,0.008746513089259403,2.141675359556314,2.16994154719085
posterior_optimized,2025-12-01,2025-12-01,2026-01-02,0.01290606552427888,1.1255068078762828e-05,0.012894665197554112,0.02251013615752566,0.01125506807876283,2.16994154719085,2.1979222169401385
posterior_optimized,2026-01-01,2026-01-02,2026-02-02,0.02334017619089672,3.8557064552141295e-06,0.023336230491573406,0.00771141291042826,0.00385570645521413,2.1979222169401385,2.2492134363972034
posterior_optimized,2026-02-01,2026-02-02,2026-03-02,0.028839985454153238,1.4064832446691653e-05,0.028825514992143253,0.028129664893383307,0.014064832446691653,2.2492134363972034,2.314048172028601
posterior_optimized,2026-03-01,2026-03-02,2026-04-01,-0.044848599685930246,2.440452641321967e-05,-0.04487190970350774,0.04880905282643934,0.02440452641321967,2.314048172028601,2.2102124114037665
posterior_optimized,2026-04-01,2026-04-01,2026-05-01,0.03149418883255013,1.897508705614334e-05,0.03147461614051905,0.03795017411228668,0.01897508705614334,2.2102124114037665,2.279777998641711
posterior_optimized,2026-05-01,2026-05-01,2026-06-01,0.010929869387662895,2.4262290869994973e-05,0.010905341913122646,0.04852458173998994,0.02426229086999497,2.279777998641711,2.304639757202913
posterior_optimized,2026-06-01,2026-06-01,2026-07-01,-0.026855941078058596,1.2590286884594734e-05,-0.026868193240940474,0.025180573769189467,0.012590286884594733,2.304639757202913,2.242718250855631
pooled_mean_optimizer,2018-01-01,2018-01-02,2018-02-01,0.017052607261693296,0.0005,0.016544080958062368,1.0,0.5,1.0,1.0165440809580624
pooled_mean_optimizer,2018-02-01,2018-02-01,2018-03-01,-0.025456856314320854,1.2026982678618126e-05,-0.025468577127829573,0.02405396535723625,0.012026982678618126,1.0165440809580624,0.9906541496283433
pooled_mean_optimizer,2018-03-01,2018-03-01,2018-04-02,-0.0056320298823955475,4.00694609227091e-06,-0.005636014261247713,0.008013892184541821,0.0040069460922709105,0.9906541496283433,0.9850708087130737
pooled_mean_optimizer,2018-04-01,2018-04-02,2018-05-01,-0.0058841749978733445,8.144199794499345e-06,-0.005892271275770966,0.016288399588998692,0.008144199794499346,0.9850708087130737,0.9792665042822932
pooled_mean_optimizer,2018-05-01,2018-05-01,2018-06-01,0.011144875353092247,6.15600632552181e-06,0.01113865073884357,0.012312012651043619,0.0061560063255218095,0.9792665042822932,0.990174211853742
pooled_mean_optimizer,2018-06-01,2018-06-01,2018-07-02,-0.008794211529701923,7.345018001562925e-06,-0.008801491954061547,0.01469003600312585,0.007345018001562925,0.990174211853742,0.981459201494992
pooled_mean_optimizer,2018-07-01,2018-07-02,2018-08-01,0.017078887200632054,3.3941804553304923e-06,0.017075435051351562,0.006788360910660984,0.003394180455330492,0.981459201494992,0.9982180443456711
pooled_mean_optimizer,2018-08-01,2018-08-01,2018-09-04,0.008047776732370546,9.580900677107291e-06,0.00803811872674376,0.01916180135421458,0.00958090067710729,0.9982180443456711,1.0062418395012995
pooled_mean_optimizer,2018-09-01,2018-09-04,2018-10-01,0.004977912574949734,7.416145812541881e-06,0.004970459512211756,0.01483229162508376,0.00741614581254188,1.0062418395012995,1.0112433238240341
pooled_mean_optimizer,2018-10-01,2018-10-01,2018-11-01,-0.02925243654297386,2.9859634318523674e-06,-0.029255335159699913,0.005971926863704735,0.0029859634318523676,1.0112433238240341,0.9816590614575531
pooled_mean_optimizer,2018-11-01,2018-11-01,2018-12-03,0.011283371740840103,1.6175754818004057e-05,0.01126701346896719,0.03235150963600811,0.016175754818004054,0.9816590614575531,0.992719427324929
pooled_mean_optimizer,2018-12-01,2018-12-03,2019-01-02,-0.033618179281379085,7.222180915983493e-06,-0.03362515866572224,0.014444361831966984,0.007222180915983492,0.992719427324929,0.9593390790705834
pooled_mean_optimizer,2019-01-01,2019-01-02,2019-02-01,0.058141970783118335,3.029029171775541e-05,0.05810991935414456,0.060580583435510815,0.030290291717755408,0.9593390790705834,1.0150861955886543
pooled_mean_optimizer,2019-02-01,2019-02-01,2019-03-01,0.013827284288164585,1.3269791775896588e-05,0.01381383101120548,0.026539583551793172,0.013269791775896586,1.0150861955886543,1.0291084247563234
pooled_mean_optimizer,2019-03-01,2019-03-01,2019-04-01,0.01666778638881288,8.55462529631676e-06,0.01665908917684944,0.017109250592633518,0.008554625296316759,1.0291084247563234,1.046252433776986
pooled_mean_optimizer,2019-04-01,2019-04-01,2019-05-01,0.014603507775127509,3.940790848080952e-06,0.014599509434909619,0.007881581696161905,0.003940790848080952,1.046252433776986,1.0615272060552103
pooled_mean_optimizer,2019-05-01,2019-05-01,2019-06-03,-0.015708398625777102,7.10343592039643e-06,-0.01571539047809445,0.014206871840792862,0.007103435920396431,1.0615272060552103,1.0448448915089321
pooled_mean_optimizer,2019-06-01,2019-06-03,2019-07-01,0.05417199607716944,1.7909682901473462e-05,0.05415311619099605,0.03581936580294692,0.01790968290147346,1.0448448915089321,1.101426498320384
pooled_mean_optimizer,2019-07-01,2019-07-01,2019-08-01,0.0029737273931747087,9.525728342844028e-06,0.0029641733379124346,0.019051456685688056,0.009525728342844028,1.101426498320384,1.1046913173803756
pooled_mean_optimizer,2019-08-01,2019-08-01,2019-09-03,0.019587727773571838,8.992284060880818e-07,0.01958681093132464,0.0017984568121761635,0.0008992284060880817,1.1046913173803756,1.126328697351381
pooled_mean_optimizer,2019-09-01,2019-09-03,2019-10-01,-0.00014710094088293303,1.4832836582269194e-05,-0.00016193159554100944,0.029665673164538386,0.014832836582269193,1.126328697351381,1.1261463091483153
pooled_mean_optimizer,2019-10-01,2019-10-01,2019-11-01,0.01644640267844522,1.0561533991353776e-05,0.016435667445212854,0.02112306798270755,0.010561533991353775,1.1261463091483153,1.144655275380131
pooled_mean_optimizer,2019-11-01,2019-11-01,2019-12-02,0.00646769489660896,2.6405946123648214e-06,0.006465037223436276,0.005281189224729643,0.0026405946123648216,1.144655275380131,1.152055514343466
pooled_mean_optimizer,2019-12-01,2019-12-02,2020-01-02,0.026646279895904543,9.083645101561414e-06,0.0266369542054532,0.018167290203122827,0.009083645101561413,1.152055514343466,1.1827427643211728
pooled_mean_optimizer,2020-01-01,2020-01-02,2020-02-03,0.01133402344872535,2.7427247872574555e-06,0.011331249637831053,0.005485449574514911,0.0027427247872574556,1.1827427643211728,1.1961447178410343
pooled_mean_optimizer,2020-02-01,2020-02-03,2020-03-02,-0.02364716154314742,5.0011430202210325e-06,-0.023652044423330798,0.010002286040442065,0.005001143020221033,1.1961447178410343,1.1678534498379256
pooled_mean_optimizer,2020-03-01,2020-03-02,2020-04-01,-0.09938334974593682,2.0029439791112173e-05,-0.09940138859290792,0.040058879582224344,0.020029439791112172,1.1678534498379256,1.051767195251018
pooled_mean_optimizer,2020-04-01,2020-04-01,2020-05-01,0.09037986163608873,2.4935962689021945e-05,0.090352671964542,0.049871925378043885,0.024935962689021943,1.051767195251018,1.1467971716265994
pooled_mean_optimizer,2020-05-01,2020-05-01,2020-06-01,0.04062344930136464,7.127002988658694e-05,0.040549284037032285,0.14254005977317386,0.07127002988658693,1.1467971716265994,1.1932989758717516
pooled_mean_optimizer,2020-06-01,2020-06-01,2020-07-01,0.022195783433787197,7.921455640941468e-06,0.022187686155232367,0.015842911281882935,0.007921455640941467,1.1932989758717516,1.2197755190377542
pooled_mean_optimizer,2020-07-01,2020-07-01,2020-08-03,0.06165099160587731,1.4700018094082542e-06,0.06164943097699882,0.0029400036188165085,0.0014700018094082543,1.2197755190377542,1.2949739857061051
pooled_mean_optimizer,2020-08-01,2020-08-03,2020-09-01,0.020240838762580357,1.0856010300941258e-05,0.020229763017525215,0.021712020601882515,0.010856010300941257,1.2949739857061051,1.3211710025507997
pooled_mean_optimizer,2020-09-01,2020-09-01,2020-10-01,-0.02437838219026603,1.5928719045596997e-05,-0.024393922592910844,0.031857438091194,0.015928719045597,1.3211710025507997,1.2889424593825771
pooled_mean_optimizer,2020-10-01,2020-10-01,2020-11-02,-0.009323675969208254,9.842530418195206e-06,-0.009333426731062189,0.019685060836390413,0.009842530418195206,1.2889424593825771,1.2769122093773748
pooled_mean_optimizer,2020-11-01,2020-11-02,2020-12-01,0.039748293736586594,5.665903144392398e-06,0.03974240262345963,0.011331806288784795,0.005665903144392397,1.2769122093773748,1.3276597685172618
pooled_mean_optimizer,2020-12-01,2020-12-01,2021-01-04,0.03013338556161993,2.2954543654516585e-05,0.03010973931985106,0.04590908730903317,0.022954543654516584,1.3276597685172618,1.3676352580527702
pooled_mean_optimizer,2021-01-01,2021-01-04,2021-02-01,-0.016823223223659145,1.0443502910415286e-05,-0.016833491033188874,0.02088700582083057,0.010443502910415285,1.3676352580527702,1.3446131821996659
pooled_mean_optimizer,2021-02-01,2021-02-01,2021-03-01,-0.014762580468229727,7.773748404258202e-06,-0.014770239456047607,0.0155474968085164,0.0077737484042582,1.3446131821996659,1.3247529235228186
pooled_mean_optimizer,2021-03-01,2021-03-01,2021-04-01,0.00850525665865744,1.6530704861377496e-05,0.008488585355908462,0.033061409722754995,0.016530704861377497,1.3247529235228186,1.3359982017896312
pooled_mean_optimizer,2021-04-01,2021-04-01,2021-05-03,0.030631641131421524,9.752259705601944e-06,0.03062159014399657,0.01950451941120389,0.009752259705601944,1.3359982017896312,1.3769085911579497
pooled_mean_optimizer,2021-05-01,2021-05-03,2021-06-01,0.020786904000071216,9.176880549584457e-06,0.020777536360586657,0.018353761099168912,0.009176880549584456,1.3769085911579497,1.4055173594759383
pooled_mean_optimizer,2021-06-01,2021-06-01,2021-07-01,-0.0025193159270513587,1.1201293900829482e-05,-0.002530489001354108,0.022402587801658963,0.011201293900829482,1.4055173594759383,1.4019607132565721
pooled_mean_optimizer,2021-07-01,2021-07-01,2021-08-02,0.01861252056438239,1.6426020581772436e-05,0.01859578881415458,0.03285204116354487,0.016426020581772435,1.4019607132565721,1.428031278606033
pooled_mean_optimizer,2021-08-01,2021-08-02,2021-09-01,0.010169974885292232,2.794252900841496e-06,0.01016715221490938,0.005588505801682991,0.0027942529008414957,1.428031278606033,1.442550289983272
pooled_mean_optimizer,2021-09-01,2021-09-01,2021-10-01,-0.028542525160430442,6.139082131192171e-06,-0.0285484890176555,0.012278164262384345,0.006139082131192172,1.442550289983272,1.4013676588722688
pooled_mean_optimizer,2021-10-01,2021-10-01,2021-11-01,0.027355227048138416,6.506526079274058e-06,0.02734854253456076,0.013013052158548116,0.006506526079274058,1.4013676588722688,1.4396930218974948
pooled_mean_optimizer,2021-11-01,2021-11-01,2021-12-01,0.0004846126919094185,1.3857450521849466e-05,0.00047074852589101823,0.027714901043698933,0.013857450521849467,1.4396930218974948,1.4403707552652887
pooled_mean_optimizer,2021-12-01,2021-12-01,2022-01-03,0.015091087191463223,1.1300308882704682e-06,0.015089940107180233,0.0022600617765409364,0.0011300308882704682,1.4403707552652887,1.4621058636943758
pooled_mean_optimizer,2022-01-01,2022-01-03,2022-02-01,-0.03057445319182757,6.995976914291449e-06,-0.030581235270573215,0.013991953828582898,0.006995976914291449,1.4621058636943758,1.4173928602862533
pooled_mean_optimizer,2022-02-01,2022-02-01,2022-03-01,-0.0036241099389986934,8.381651057057202e-06,-0.0036324612140308243,0.016763302114114406,0.008381651057057203,1.4173928602862533,1.4122442356962193
pooled_mean_optimizer,2022-03-01,2022-03-01,2022-04-01,0.004058739836823909,1.7062010278868133e-05,0.004041608576284217,0.034124020557736265,0.017062010278868132,1.4122442356962193,1.4179519741110171
pooled_mean_optimizer,2022-04-01,2022-04-01,2022-05-02,-0.06430635723702699,1.4352800956529285e-05,-0.06431978706163788,0.02870560191305857,0.014352800956529285,1.4179519741110171,1.3267496050725676
pooled_mean_optimizer,2022-05-01,2022-05-02,2022-06-01,0.010985417065363814,9.97562265733256e-06,0.010975331856331039,0.01995124531466512,0.00997562265733256,1.3267496050725676,1.341311122278495
pooled_mean_optimizer,2022-06-01,2022-06-01,2022-07-01,-0.05542479664855253,6.382033743331128e-06,-0.05543082495937346,0.012764067486662256,0.006382033743331128,1.341311122278495,1.266961140243415
pooled_mean_optimizer,2022-07-01,2022-07-01,2022-08-01,0.044158716571806256,1.2470627361185975e-05,0.04414569525754586,0.02494125472237195,0.012470627361185975,1.266961140243415,1.3228920206437538
pooled_mean_optimizer,2022-08-01,2022-08-01,2022-09-01,-0.04385274667529999,1.4757343338243684e-05,-0.04386685686859926,0.029514686676487364,0.014757343338243682,1.3228920206437538,1.264860905721562
pooled_mean_optimizer,2022-09-01,2022-09-01,2022-10-03,-0.045608442325668574,2.1784319115441335e-06,-0.04561052140269395,0.004356863823088267,0.0021784319115441333,1.264860905721562,1.2071699403097178
pooled_mean_optimizer,2022-10-01,2022-10-03,2022-11-01,0.026538850577075498,1.183613969371606e-05,0.02652670031983906,0.02367227938743212,0.01183613969371606,1.2071699403097178,1.2391921755514317
pooled_mean_optimizer,2022-11-01,2022-11-01,2022-12-01,0.05875900840565483,1.8391664735400192e-05,0.05873953606493676,0.03678332947080039,0.018391664735400194,1.2391921755514317,1.3119817490386225
pooled_mean_optimizer,2022-12-01,2022-12-01,2023-01-03,-0.017069908110296184,7.0946288520184686e-06,-0.01707688163448562,0.014189257704036937,0.007094628852018468,1.3119817490386225,1.2895771920036845
pooled_mean_optimizer,2023-01-01,2023-01-03,2023-02-01,0.04600054267261315,1.3961158578352605e-05,0.04598593929316386,0.027922317156705206,0.013961158578352603,1.2895771920036845,1.3488796104690146
pooled_mean_optimizer,2023-02-01,2023-02-01,2023-03-01,-0.0359763249443387,4.2905152961289915e-06,-0.0359804611026624,0.008581030592257982,0.004290515296128991,1.3488796104690146,1.3003463001123599
pooled_mean_optimizer,2023-03-01,2023-03-01,2023-04-03,0.045477330353485806,4.2810086254828905e-06,0.0454728546560168,0.008562017250965781,0.0042810086254828905,1.3003463001123599,1.3594767584198584
pooled_mean_optimizer,2023-04-01,2023-04-03,2023-05-01,0.009205182178035478,7.169783833014934e-06,0.009197946395036016,0.014339567666029868,0.007169783833014934,1.3594767584198584,1.3719811527691015
pooled_mean_optimizer,2023-05-01,2023-05-01,2023-06-01,-0.005926991021246956,3.107014817789189e-06,-0.00593007962081582,0.0062140296355783775,0.0031070148177891888,1.3719811527691015,1.363845195294922
pooled_mean_optimizer,2023-06-01,2023-06-01,2023-07-03,0.020255052785675673,4.672034991892241e-06,0.020250286118368432,0.009344069983784481,0.0046720349918922405,1.363845195294922,1.3914634507208061
pooled_mean_optimizer,2023-07-01,2023-07-03,2023-08-01,0.0131544077779637,1.4867085346878236e-05,0.01313934512491377,0.029734170693756473,0.014867085346878237,1.3914634507208061,1.4097463692285301
pooled_mean_optimizer,2023-08-01,2023-08-01,2023-09-01,-0.0028858176629458945,5.8680509259599055e-06,-0.002891668779746892,0.011736101851919811,0.005868050925959906,1.4097463692285301,1.4056698496652704
pooled_mean_optimizer,2023-09-01,2023-09-01,2023-10-02,-0.04751198278151168,1.4115221435616194e-06,-0.04751332723943957,0.0028230442871232386,0.0014115221435616193,1.4056698496652704,1.3388817981075105
pooled_mean_optimizer,2023-10-01,2023-10-02,2023-11-01,0.009406241598450337,5.723684525804545e-06,0.009400464075565163,0.011447369051609091,0.0057236845258045455,1.3388817981075105,1.3514679083520482
pooled_mean_optimizer,2023-11-01,2023-11-01,2023-12-01,0.062199298170276515,1.7573616018983968e-05,0.06218063148767494,0.035147232037967935,0.017573616018983967,1.3514679083520482,1.4355030363287058
pooled_mean_optimizer,2023-12-01,2023-12-01,2024-01-02,0.03211099694633858,8.651362300569842e-06,0.032102067780169774,0.017302724601139685,0.008651362300569843,1.4355030363287058,1.4815856520995694
pooled_mean_optimizer,2024-01-01,2024-01-02,2024-02-01,0.010311909451946332,4.403989599503861e-06,0.010307460048804895,0.00880797919900772,0.00440398959950386,1.4815856520995694,1.4968570370174683
pooled_mean_optimizer,2024-02-01,2024-02-01,2024-03-01,0.011388123787025611,5.9762583769948085e-06,0.011382079470278583,0.011952516753989617,0.0059762583769948086,1.4968570370174683,1.5138943827684468
pooled_mean_optimizer,2024-03-01,2024-03-01,2024-04-01,0.040353817710592835,1.3446620545400955e-05,0.04033982846757311,0.026893241090801906,0.013446620545400953,1.5138943827684468,1.5749646224873484
pooled_mean_optimizer,2024-04-01,2024-04-01,2024-05-01,-0.018115134165540815,1.3553888563810693e-05,-0.0181284425235948,0.027107777127621385,0.013553888563810693,1.5749646224873484,1.5464129668518913
pooled_mean_optimizer,2024-05-01,2024-05-01,2024-06-03,0.03086331348974537,1.0627440709586876e-05,0.030852358051001616,0.021254881419173755,0.010627440709586877,1.5464129668518913,1.5941234533999176
pooled_mean_optimizer,2024-06-01,2024-06-03,2024-07-01,0.011946303206193666,8.238376039278752e-06,0.011937966412016277,0.016476752078557505,0.008238376039278753,1.5941234533999176,1.6131540456432132
pooled_mean_optimizer,2024-07-01,2024-07-01,2024-08-01,0.029666121151974575,7.878398732654805e-06,0.029658009031710675,0.015756797465309613,0.007878398732654807,1.6131540456432132,1.66099698289844
pooled_mean_optimizer,2024-08-01,2024-08-01,2024-09-03,0.015949310715614496,6.0738242589038205e-06,0.01594314001804542,0.012147648517807641,0.0060738242589038205,1.66099698289844,1.687478490366341
pooled_mean_optimizer,2024-09-01,2024-09-03,2024-10-01,0.03310169308181993,1.6329990771743463e-06,0.03310000602770846,0.0032659981543486927,0.0016329990771743463,1.687478490366341,1.7433340385690952
pooled_mean_optimizer,2024-10-01,2024-10-01,2024-11-01,-0.0014482982144681852,7.556558026125329e-06,-0.0014558438283448494,0.015113116052250658,0.007556558026125329,1.7433340385690952,1.740796016468301
pooled_mean_optimizer,2024-11-01,2024-11-01,2024-12-02,0.016292411368064388,9.68483376400424e-06,0.016282568745004777,0.019369667528008477,0.009684833764004239,1.740796016468301,1.7691406472774764
pooled_mean_optimizer,2024-12-01,2024-12-02,2025-01-02,-0.014636892079911826,1.3601750011390927e-05,-0.014650294742576175,0.02720350002278185,0.013601750011390926,1.7691406472774764,1.7432222153537895
pooled_mean_optimizer,2025-01-01,2025-01-02,2025-02-03,0.020550118259663644,4.470871816930095e-06,0.020545555510902203,0.008941743633860189,0.004470871816930094,1.7432222153537895,1.7790376841471787
pooled_mean_optimizer,2025-02-01,2025-02-03,2025-03-03,0.013529768062600263,1.0543353358295163e-05,0.013519082060116538,0.021086706716590325,0.010543353358295163,1.7790376841471787,1.803088640587204
pooled_mean_optimizer,2025-03-01,2025-03-03,2025-04-01,-0.0007793104141703109,2.9587465126423016e-06,-0.0007822668549010148,0.005917493025284604,0.002958746512642302,1.803088640587204,1.801678144107224
pooled_mean_optimizer,2025-04-01,2025-04-01,2025-05-01,0.008974585993007819,2.2561230679094963e-05,0.008951822284623656,0.045122461358189925,0.022561230679094962,1.801678144107224,1.8178064466673625
pooled_mean_optimizer,2025-05-01,2025-05-01,2025-06-02,0.02827102355926867,5.393190412598864e-06,0.02826547789784284,0.010786380825197728,0.005393190412598864,1.8178064466673625,1.869187614608195
pooled_mean_optimizer,2025-06-01,2025-06-02,2025-07-01,0.026580318277028024,9.787153435159109e-06,0.026570270977939625,0.01957430687031822,0.00978715343515911,1.869187614608195,1.9188524360369432
pooled_mean_optimizer,2025-07-01,2025-07-01,2025-08-01,0.007301233820949106,8.58442665380238e-06,0.007292586717388971,0.01716885330760476,0.00858442665380238,1.9188524360369432,1.9328458338246157
pooled_mean_optimizer,2025-08-01,2025-08-01,2025-09-02,0.017164672293087532,3.066635028109388e-06,0.017161553020274223,0.006133270056218776,0.003066635028109388,1.9328458338246157,1.966016470081813
pooled_mean_optimizer,2025-09-01,2025-09-02,2025-10-01,0.051183861698176306,5.75257532227072e-06,0.05117781468383442,0.01150515064454144,0.00575257532227072,1.966016470081813,2.0666328966530263
pooled_mean_optimizer,2025-10-01,2025-10-01,2025-11-03,0.01979163255672047,1.4032405346733127e-05,0.019777322427163346,0.028064810693466252,0.014032405346733126,2.0666328966530263,2.1075053617887156
pooled_mean_optimizer,2025-11-01,2025-11-03,2025-12-01,0.013255145788392165,8.768628853513912e-06,0.013246260930084963,0.017537257707027826,0.008768628853513913,2.1075053617887156,2.135421927722522
pooled_mean_optimizer,2025-12-01,2025-12-01,2026-01-02,0.01292735149207082,1.1242661607671928e-05,0.012915963492625027,0.022485323215343855,0.011242661607671928,2.135421927722522,2.1630029593823368
pooled_mean_optimizer,2026-01-01,2026-01-02,2026-02-02,0.023324717021212332,3.84301684514346e-06,0.023320784367086622,0.00768603369028692,0.00384301684514346,2.1630029593823368,2.2134458849834626
pooled_mean_optimizer,2026-02-01,2026-02-02,2026-03-02,0.028814638211534863,1.4004277844555741e-05,0.028800230405490845,0.02800855568911148,0.01400427784455574,2.2134458849834626,2.277193636461072
pooled_mean_optimizer,2026-03-01,2026-03-02,2026-04-01,-0.04487890425018976,2.4402355912488752e-05,-0.044902211455107865,0.048804711824977504,0.024402355912488752,2.277193636461072,2.1749426062724706
pooled_mean_optimizer,2026-04-01,2026-04-01,2026-05-01,0.031492679599813035,1.7680256095399583e-05,0.03147444254507703,0.035360512190799165,0.017680256095399582,2.1749426062724706,2.2433977123724334
pooled_mean_optimizer,2026-05-01,2026-05-01,2026-06-01,0.010930660962795,2.4262538920006558e-05,0.010906133218288039,0.048525077840013114,0.024262538920006557,2.2433977123724334,2.2678645066851697
pooled_mean_optimizer,2026-06-01,2026-06-01,2026-07-01,-0.026854967510116602,1.2589172521844688e-05,-0.02686721860081942,0.025178345043689376,0.012589172521844688,2.2678645066851697,2.2069332952270195
legacy_sharpe_map,2018-01-01,2018-01-02,2018-02-01,0.0047764519818178745,0.0005,0.004274063755826951,1.0000000000000002,0.5000000000000001,1.0,1.004274063755827
legacy_sharpe_map,2018-02-01,2018-02-01,2018-03-01,-0.01619273407454707,0.00027343670242838456,-0.016461743089166814,0.5468734048567692,0.2734367024283846,1.004274063755827,0.987741962127165
legacy_sharpe_map,2018-03-01,2018-03-01,2018-04-02,-0.002993187303664333,0.0002704842379014791,-0.0032628619315790974,0.5409684758029583,0.27048423790147913,0.987741962127165,0.9845190964807171
legacy_sharpe_map,2018-04-01,2018-04-02,2018-05-01,-0.007260884566311077,0.00029319008967324293,-0.007551945836587248,0.5863801793464858,0.2931900896732429,0.9845190964807171,0.977084061589009
legacy_sharpe_map,2018-05-01,2018-05-01,2018-06-01,0.0035253376105004093,2.111273584090645e-05,0.0035041504451378547,0.0422254716818129,0.02111273584090645,0.977084061589009,0.9805079111383632
legacy_sharpe_map,2018-06-01,2018-06-01,2018-07-02,-0.005166332627019972,2.033928149121191e-05,-0.005186566829017636,0.040678562982423824,0.020339281491211912,0.9805079111383632,0.9754224413308636
legacy_sharpe_map,2018-07-01,2018-07-02,2018-08-01,0.0011156951241958427,1.6441053128891346e-05,0.0010992357278640785,0.03288210625778269,0.016441053128891346,0.9754224413308636,0.9764946605281349
legacy_sharpe_map,2018-08-01,2018-08-01,2018-09-04,0.003036988768985959,2.096306420616423e-05,0.0030159620401892795,0.041926128412328456,0.020963064206164228,0.9764946605281349,0.9794397313567353
legacy_sharpe_map,2018-09-01,2018-09-04,2018-10-01,-0.0009991373649449406,2.5329745113676164e-05,-0.001024441802163878,0.05065949022735232,0.02532974511367616,0.9794397313567353,0.9784363523532333
legacy_sharpe_map,2018-10-01,2018-10-01,2018-11-01,-0.02505150017185892,0.00030240923466275864,-0.025346333601527604,0.6048184693255174,0.3024092346627587,0.9784363523532333,0.9536365781586265
legacy_sharpe_map,2018-11-01,2018-11-01,2018-12-03,0.006884518113622194,0.0003041088035246519,0.006578315667531198,0.6082176070493037,0.30410880352465186,0.9536365781586265,0.9599099006018582
legacy_sharpe_map,2018-12-01,2018-12-03,2019-01-02,-0.020265465505480633,0.00029540404153005514,-0.020554883046596806,0.5908080830601103,0.2954040415300552,0.9599099006018582,0.9401790648597167
legacy_sharpe_map,2019-01-01,2019-01-02,2019-02-01,0.028369276844938486,0.0003012496998217473,0.028059480908982914,0.6024993996434945,0.30124969982174726,0.9401790648597167,0.9665600013811734
legacy_sharpe_map,2019-02-01,2019-02-01,2019-03-01,0.00978290255949929,0.00029929308942693803,0.009480681514941747,0.598586178853876,0.299293089426938,0.9665600013811734,0.9757236489193499
legacy_sharpe_map,2019-03-01,2019-03-01,2019-04-01,0.01820880527321063,6.810276333915949e-06,0.01820187098988102,0.0136205526678319,0.00681027633391595,0.9757236489193499,0.9934836448987558
legacy_sharpe_map,2019-04-01,2019-04-01,2019-05-01,0.010767674674067475,3.1887043781380165e-06,0.010764451634758032,0.0063774087562760325,0.0031887043781380162,0.9934836448987558,1.0041779515441915
legacy_sharpe_map,2019-05-01,2019-05-01,2019-06-03,0.00632087180110937,0.0003224987975929015,0.005996334529960956,0.644997595185803,0.3224987975929015,1.0041779515441915,1.0101993384692614
legacy_sharpe_map,2019-06-01,2019-06-03,2019-07-01,0.02687477810337565,2.679507060944414e-05,0.02684726292118933,0.053590141218888276,0.026795070609444138,1.0101993384692614,1.037320425711957
legacy_sharpe_map,2019-07-01,2019-07-01,2019-08-01,0.002356591992994112,4.545140229044538e-05,0.0023110334802931565,0.09090280458089076,0.04545140229044538,1.037320425711957,1.0397177079455693
legacy_sharpe_map,2019-08-01,2019-08-01,2019-09-03,0.02617879378053508,2.5746246939388734e-05,0.02615237352790656,0.05149249387877747,0.025746246939388734,1.0397177079455693,1.0669087938073407
legacy_sharpe_map,2019-09-01,2019-09-03,2019-10-01,-0.008923808715695503,2.14878715523453e-05,-0.008945104833592454,0.0429757431046906,0.0214878715523453,1.0669087938073407,1.0573651827988524
legacy_sharpe_map,2019-10-01,2019-10-01,2019-11-01,0.009206290120804548,2.2711053021705397e-05,0.009183369983239764,0.04542210604341079,0.022711053021705396,1.0573651827988524,1.0670753584798902
legacy_sharpe_map,2019-11-01,2019-11-01,2019-12-02,-0.0028728817879528595,2.071297132196949e-05,-0.0028935352533567826,0.04142594264393898,0.02071297132196949,1.0670753584798902,1.0639877383121403
legacy_sharpe_map,2019-12-01,2019-12-02,2020-01-02,0.022860335620634626,0.0003306739758332958,0.022522102326732796,0.6613479516665915,0.3306739758332958,1.0639877383121403,1.0879509790287953
legacy_sharpe_map,2020-01-01,2020-01-02,2020-02-03,0.00978144952256563,0.00028345784137781874,0.009495219052620518,0.5669156827556374,0.2834578413778187,1.0879509790287953,1.0982813118931867
legacy_sharpe_map,2020-02-01,2020-02-03,2020-03-02,-0.0014796307822615147,0.0002915284277498977,-0.0017707278555758599,0.5830568554997954,0.2915284277498977,1.0982813118931867,1.096336554580959
legacy_sharpe_map,2020-03-01,2020-03-02,2020-04-01,-0.029432800963208064,0.00035104604561333157,-0.029773514740431994,0.702092091226663,0.3510460456133315,1.096336554580959,1.0636947620126682
legacy_sharpe_map,2020-04-01,2020-04-01,2020-05-01,0.036293908119457825,2.4247881751242262e-05,0.036268780187314054,0.048495763502484523,0.024247881751242262,1.0636947620126682,1.102273673522503
legacy_sharpe_map,2020-05-01,2020-05-01,2020-06-01,0.026330474643182254,0.0003115273729758725,0.02601074460661157,0.623054745951745,0.3115273729758725,1.102273673522503,1.1309446325310883
legacy_sharpe_map,2020-06-01,2020-06-01,2020-07-01,0.00970893467867923,0.00032431956256254814,0.009381466318668652,0.6486391251250962,0.3243195625625481,1.1309446325310883,1.1415545515094578
legacy_sharpe_map,2020-07-01,2020-07-01,2020-08-03,0.03260772621144161,5.167979117258907e-06,0.03260238971627638,0.010335958234517814,0.005167979117258907,1.1415545515094578,1.1787719578801583
legacy_sharpe_map,2020-08-01,2020-08-03,2020-09-01,0.004483068754659386,1.3432205023341333e-05,0.004469576332137404,0.026864410046682663,0.013432205023341331,1.1787719578801583,1.1840405691240867
legacy_sharpe_map,2020-09-01,2020-09-01,2020-10-01,-0.009905350516217194,0.0003285538195864845,-0.010230649895057287,0.6571076391729691,0.32855381958648455,1.1840405691240867,1.1719270645998339
legacy_sharpe_map,2020-10-01,2020-10-01,2020-11-02,-0.0058138847512270424,5.129436414453959e-06,-0.005818984365689395,0.010258872828907918,0.005129436414453959,1.1719270645998339,1.1651076393331992
legacy_sharpe_map,2020-11-01,2020-11-02,2020-12-01,0.011340526527379354,0.000330415119186414,0.011006364326768825,0.6608302383728281,0.33041511918641403,1.1651076393331992,1.1779312384916019
legacy_sharpe_map,2020-12-01,2020-12-01,2021-01-04,0.014904318674943297,1.574572608933078e-05,0.014888338269534618,0.03149145217866156,0.01574572608933078,1.1779312384916019,1.1954686772285168
legacy_sharpe_map,2021-01-01,2021-01-04,2021-02-01,-0.006557401860582166,0.00033887344364190675,-0.006894053174874237,0.6777468872838135,0.33887344364190675,1.1954686772285168,1.187227052598807
legacy_sharpe_map,2021-02-01,2021-02-01,2021-03-01,-0.004743145221847704,1.067583470500994e-05,-0.0047537704195184105,0.021351669410019883,0.010675834705009941,1.187227052598807,1.1815832477549106
legacy_sharpe_map,2021-03-01,2021-03-01,2021-04-01,-0.000984752891569234,0.00035155996820049665,-0.0013359666600744058,0.7031199364009932,0.3515599682004966,1.1815832477549106,1.1800046919298077
legacy_sharpe_map,2021-04-01,2021-04-01,2021-05-03,0.013543826713994234,1.5833984377790434e-05,0.013527778276875901,0.031667968755580866,0.015833984377790433,1.1800046919298077,1.1959675337679074
legacy_sharpe_map,2021-05-01,2021-05-03,2021-06-01,0.011279480837440873,1.4351759658500149e-05,0.011264967197384346,0.028703519317000298,0.014351759658500149,1.1959675337679074,1.2094400688049396
legacy_sharpe_map,2021-06-01,2021-06-01,2021-07-01,-0.0003799860444076925,1.1504173259802144e-05,-0.00039148584624215665,0.02300834651960429,0.011504173259802145,1.2094400688049396,1.2089665901361244
legacy_sharpe_map,2021-07-01,2021-07-01,2021-08-02,0.013259562294960817,1.6067761623715606e-05,0.013243281481850833,0.032135523247431214,0.016067761623715607,1.2089665901361244,1.2249772749914505
legacy_sharpe_map,2021-08-01,2021-08-02,2021-09-01,0.002404314105972534,1.5692190290834595e-05,0.0023885841867272717,0.03138438058166919,0.015692190290834594,1.2249772749914505,1.2279032363395954
legacy_sharpe_map,2021-09-01,2021-09-01,2021-10-01,-0.013201711778638952,1.2343588258351968e-05,-0.013213892410402717,0.024687176516703935,0.012343588258351967,1.2279032363395954,1.2116778550842187
legacy_sharpe_map,2021-10-01,2021-10-01,2021-11-01,0.008921554513672093,6.15526549970956e-06,0.00891534433363561,0.012310530999419117,0.0061552654997095585,1.2116778550842187,1.2224803803837354
legacy_sharpe_map,2021-11-01,2021-11-01,2021-12-01,0.0015764221056650454,1.2584736778008754e-05,0.0015638175300298762,0.025169473556017508,0.012584736778008754,1.2224803803837354,1.224392116632697
legacy_sharpe_map,2021-12-01,2021-12-01,2022-01-03,0.00581598512798356,8.705376852959612e-06,0.005807229120788238,0.017410753705919227,0.008705376852959613,1.224392116632697,1.23150244218767
legacy_sharpe_map,2022-01-01,2022-01-03,2022-02-01,-0.01665749186964026,1.1590766234271549e-05,-0.01666888956278023,0.023181532468543098,0.011590766234271549,1.23150244218767,1.2109746639825496
legacy_sharpe_map,2022-02-01,2022-02-01,2022-03-01,0.002583413343717498,1.821928062910646e-05,0.0025651469951557537,0.03643856125821292,0.01821928062910646,1.2109746639825496,1.2140809920030742
legacy_sharpe_map,2022-03-01,2022-03-01,2022-04-01,-0.011133029725829066,2.0907239063913903e-05,-0.011153704203978987,0.041814478127827806,0.020907239063913903,1.2140809920030742,1.2005394917385985
legacy_sharpe_map,2022-04-01,2022-04-01,2022-05-02,-0.032218583058493164,1.762828707493359e-05,-0.0322356433871368,0.03525657414986717,0.017628287074933587,1.2005394917385985,1.1618393288107387
legacy_sharpe_map,2022-05-01,2022-05-02,2022-06-01,0.004603192931238762,2.9052217433805565e-05,0.004574006980842871,0.05810443486761113,0.029052217433805566,1.1618393288107387,1.1671535900113368
legacy_sharpe_map,2022-06-01,2022-06-01,2022-07-01,-0.023359197982032023,7.635041242770154e-05,-0.023433764910059773,0.1527008248554031,0.07635041242770155,1.1671535900113368,1.1398027871690788
legacy_sharpe_map,2022-07-01,2022-07-01,2022-08-01,0.021443038940003194,3.306721232295007e-05,0.021409262666158613,0.06613442464590014,0.03306721232295007,1.1398027871690788,1.1642051244272014
legacy_sharpe_map,2022-08-01,2022-08-01,2022-09-01,-0.021807261958075374,0.00010512743863138013,-0.02191009685511347,0.21025487726276026,0.10512743863138013,1.1642051244272014,1.138697277391782
legacy_sharpe_map,2022-09-01,2022-09-01,2022-10-03,-0.0260439255355733,0.00010073489160694069,-0.026142036895164367,0.20146978321388137,0.10073489160694069,1.138697277391782,1.1089294111537829
legacy_sharpe_map,2022-10-01,2022-10-03,2022-11-01,0.009397547001969044,6.383600166878935e-05,0.009333111098474234,0.1276720033375787,0.06383600166878935,1.1089294111537829,1.1192791725484468
legacy_sharpe_map,2022-11-01,2022-11-01,2022-12-01,0.024260862252105542,0.00011506875203541412,0.02414300183292739,0.23013750407082822,0.11506875203541411,1.1192791725484468,1.1463019316628413
legacy_sharpe_map,2022-12-01,2022-12-01,2023-01-03,-0.0016452204656312837,1.2239962870194903e-05,-0.0016574402910640718,0.024479925740389805,0.012239962870194902,1.1463019316628413,1.1444020046555787
legacy_sharpe_map,2023-01-01,2023-01-03,2023-02-01,0.02043026434145293,6.634827490512325e-05,0.02036256055375274,0.1326965498102465,0.06634827490512325,1.1444020046555787,1.1677049597732139
legacy_sharpe_map,2023-02-01,2023-02-01,2023-03-01,-0.015122370326421119,8.794084227925494e-06,-0.015131031423250674,0.01758816845585099,0.008794084227925495,1.1677049597732139,1.1500363793337998
legacy_sharpe_map,2023-03-01,2023-03-01,2023-04-03,0.02516405486588486,9.203310752020787e-06,0.02515461996251611,0.01840662150404157,0.009203310752020785,1.1500363793337998,1.1789651073990095
legacy_sharpe_map,2023-04-01,2023-04-03,2023-05-01,0.004927719493046096,1.0396518246660265e-05,0.0049172717436738456,0.02079303649332053,0.010396518246660266,1.1789651073990095,1.1847623992084
legacy_sharpe_map,2023-05-01,2023-05-01,2023-06-01,-0.0026564128066295664,4.0559459470169e-05,-0.0026968645234320965,0.08111891894033799,0.04055945947016899,1.1847623992084,1.1815672555252785
legacy_sharpe_map,2023-06-01,2023-06-01,2023-07-03,0.00507600140857988,5.293881501919905e-06,0.005070680655327786,0.01058776300383981,0.005293881501919905,1.1815672555252785,1.1875586057508394
legacy_sharpe_map,2023-07-01,2023-07-03,2023-08-01,0.005422385265885662,3.6055957196741126e-05,0.005386133799397896,0.07211191439348225,0.03605595719674112,1.1875586057508394,1.1939549552960398
legacy_sharpe_map,2023-08-01,2023-08-01,2023-09-01,0.001142655311870259,3.4629129838775305e-06,0.0011391884419704734,0.00692582596775506,0.00346291298387753,1.1939549552960398,1.1953150949813465
legacy_sharpe_map,2023-09-01,2023-09-01,2023-10-02,-0.018570752155048605,1.0019531185700274e-05,-0.018580585616003953,0.020039062371400546,0.010019531185700273,1.1953150949813465,1.1731054405209436
legacy_sharpe_map,2023-10-01,2023-10-02,2023-11-01,0.008604555890141702,2.0828635809213422e-05,0.008583548033171517,0.04165727161842684,0.02082863580921342,1.1731054405209436,1.18317484741763
legacy_sharpe_map,2023-11-01,2023-11-01,2023-12-01,0.020896576591347,7.358498862670756e-05,0.020821453928369316,0.14716997725341513,0.07358498862670756,1.18317484741763,1.2078102679923417
legacy_sharpe_map,2023-12-01,2023-12-01,2024-01-02,0.013029413224893253,9.631897631386316e-06,0.013019655829287435,0.019263795262772634,0.009631897631386317,1.2078102679923417,1.2235355419886813
legacy_sharpe_map,2024-01-01,2024-01-02,2024-02-01,0.006276985357705529,8.217626391987134e-05,0.006194293274580431,0.1643525278397427,0.08217626391987135,1.2235355419886813,1.231114479967632
legacy_sharpe_map,2024-02-01,2024-02-01,2024-03-01,0.0019853845011278716,3.594387543083699e-05,0.0019493692632839288,0.07188775086167398,0.03594387543083699,1.231114479967632,1.2335143766944645
legacy_sharpe_map,2024-03-01,2024-03-01,2024-04-01,0.01755705296242517,1.225297687646037e-05,0.017544584859384704,0.024505953752920737,0.012252976876460368,1.2335143766944645,1.2551558743516515
legacy_sharpe_map,2024-04-01,2024-04-01,2024-05-01,-0.004715795929568031,3.080563935970775e-05,-0.004746456295819157,0.0616112787194155,0.03080563935970775,1.2551558743516515,1.2491983318496007
legacy_sharpe_map,2024-05-01,2024-05-01,2024-06-03,0.014215906347807285,1.4199021955015799e-05,0.01420150547388599,0.028398043910031597,0.014199021955015798,1.2491983318496007,1.266938828797332
legacy_sharpe_map,2024-06-01,2024-06-03,2024-07-01,0.00586677194694281,4.508933237433751e-05,0.005821418085738106,0.09017866474867503,0.045089332374337515,1.266938828797332,1.2743142094088167
legacy_sharpe_map,2024-07-01,2024-07-01,2024-08-01,0.01652827663099999,1.528949657378775e-05,0.016512734425397246,0.0305789931475755,0.01528949657378775,1.2743142094088167,1.2953566215232946
legacy_sharpe_map,2024-08-01,2024-08-01,2024-09-03,0.009273333031730831,8.573739854015486e-06,0.009264679784731777,0.017147479708030974,0.008573739854015487,1.2953566215232946,1.30735768582874
legacy_sharpe_map,2024-09-01,2024-09-03,2024-10-01,0.018020450329456462,0.0005038084174084311,0.017507563057486797,1.007616834816862,0.503808417408431,1.30735768582874,1.3302463329520766
legacy_sharpe_map,2024-10-01,2024-10-01,2024-11-01,-0.0006517950390544517,0.0004981183624314527,-0.0011495887304083796,0.9962367248629052,0.4981183624314526,1.3302463329520766,1.3287170967590478
legacy_sharpe_map,2024-11-01,2024-11-01,2024-12-02,0.005565909267336982,6.444258750876872e-06,0.005559429140426619,0.012888517501753745,0.006444258750876872,1.3287170967590478,1.336104005306153
legacy_sharpe_map,2024-12-01,2024-12-02,2025-01-02,-0.0032332259593287867,3.90303441175695e-05,-0.0032721301095245403,0.07806068823513901,0.039030344117569504,1.336104005306153,1.3317320991609345
legacy_sharpe_map,2025-01-01,2025-01-02,2025-02-03,0.011688933654532966,4.308367142791304e-06,0.011684574927172342,0.008616734285582607,0.0043083671427913035,1.3317320991609345,1.3472928226565009
legacy_sharpe_map,2025-02-01,2025-02-03,2025-03-03,0.007986960376726625,3.727342732961058e-05,0.007949389248009808,0.07454685465922115,0.03727342732961057,1.3472928226565009,1.3580029777348472
legacy_sharpe_map,2025-03-01,2025-03-03,2025-04-01,0.006325287127451943,3.886732514762389e-06,0.006321375810238061,0.007773465029524779,0.0038867325147623893,1.3580029777348472,1.3665874249085315
legacy_sharpe_map,2025-04-01,2025-04-01,2025-05-01,0.006097792402414533,2.295783549307071e-05,0.006074694574806694,0.04591567098614142,0.02295783549307071,1.3665874249085315,1.3748890261246223
legacy_sharpe_map,2025-05-01,2025-05-01,2025-06-02,0.009418048107723067,1.1336524420105819e-05,0.0094066048153707,0.022673048840211638,0.011336524420105819,1.3748890261246223,1.3878220638583665
legacy_sharpe_map,2025-06-01,2025-06-02,2025-07-01,0.00954738670417291,1.1804047902558741e-05,0.009535469958460219,0.023608095805117482,0.011804047902558741,1.3878220638583665,1.4010555994559761
legacy_sharpe_map,2025-07-01,2025-07-01,2025-08-01,0.004447806069769931,4.947779274136338e-06,0.004442836283732987,0.009895558548272676,0.004947779274136338,1.4010555994559761,1.4072802601087664
legacy_sharpe_map,2025-08-01,2025-08-01,2025-09-02,0.00903482614906008,1.0139152484019696e-06,0.009033803073263513,0.0020278304968039396,0.0010139152484019698,1.4072802601087664,1.41999335284748
legacy_sharpe_map,2025-09-01,2025-09-02,2025-10-01,0.020682686959660395,4.015664746949861e-06,0.020678588240176543,0.008031329493899723,0.004015664746949862,1.41999335284748,1.4493568106948007
legacy_sharpe_map,2025-10-01,2025-10-01,2025-11-03,0.008423308633265668,1.1664154651629875e-05,0.008411546227839573,0.02332830930325975,0.011664154651629875,1.4493568106948007,1.461548142508594
legacy_sharpe_map,2025-11-01,2025-11-03,2025-12-01,0.008365946513244875,4.904138378983056e-06,0.00836100134710649,0.009808276757966111,0.004904138378983056,1.461548142508594,1.4737681484969694
legacy_sharpe_map,2025-12-01,2025-12-01,2026-01-02,0.006424165337929354,5.555392762359641e-06,0.006418574256405352,0.01111078552471928,0.00555539276235964,1.4737681484969694,1.4832276387948222
legacy_sharpe_map,2026-01-01,2026-01-02,2026-02-02,0.011417167045093336,3.0338584317865408e-06,0.011414098548593099,0.006067716863573082,0.003033858431786541,1.4832276387948222,1.5001573452340233
legacy_sharpe_map,2026-02-01,2026-02-02,2026-03-02,0.01700970760836843,7.599630413227244e-06,0.01700197871046405,0.015199260826454487,0.007599630413227244,1.5001573452340233,1.5256629884800386
legacy_sharpe_map,2026-03-01,2026-03-02,2026-04-01,-0.016303935422014908,1.244257910203943e-05,-0.01631617513811079,0.024885158204078855,0.012442579102039428,1.5256629884800386,1.5007700039582648
legacy_sharpe_map,2026-04-01,2026-04-01,2026-05-01,0.008053263463801067,1.2437769419112499e-05,0.008040725529747883,0.024875538838225,0.0124377694191125,1.5007700039582648,1.5128372836433719
legacy_sharpe_map,2026-05-01,2026-05-01,2026-06-01,0.0019522211917029158,1.5089123365234378e-05,0.001937102611031305,0.030178246730468754,0.015089123365234377,1.5128372836433719,1.515767804695583
legacy_sharpe_map,2026-06-01,2026-06-01,2026-07-01,-0.009700799438846788,3.929876257056534e-06,-0.009704691192162551,0.00785975251411307,0.003929876257056535,1.515767804695583,1.50105774623199
equal_weight,2018-01-01,2018-01-02,2018-02-01,0.004655807397991271,0.0004999999999999999,0.004153479494292345,1.0,0.5,1.0,1.0041534794942923
equal_weight,2018-02-01,2018-02-01,2018-03-01,-0.015270489384323342,8.574189834807331e-06,-0.015278932642083243,0.01714837966961466,0.00857418983480733,1.0041534794942923,0.9888110861187855
equal_weight,2018-03-01,2018-03-01,2018-04-02,0.0018109318989796602,5.450603252783557e-06,0.0018054714250554937,0.010901206505567113,0.005450603252783556,0.9888110861187855,0.9905963562795511
equal_weight,2018-04-01,2018-04-02,2018-05-01,-0.005623442849911151,5.4154086521959885e-06,-0.005628827805322256,0.010830817304391976,0.005415408652195988,0.9905963562795511,0.9850204599654738
equal_weight,2018-05-01,2018-05-01,2018-06-01,0.005378764810574119,4.578850501953627e-06,0.0053741613315121395,0.009157701003907254,0.004578850501953627,0.9850204599654738,0.9903141188321686
equal_weight,2018-06-01,2018-06-01,2018-07-02,-0.0037281554683501316,3.841785995604821e-06,-0.003731982931570177,0.007683571991209642,0.003841785995604821,0.9903141188321686,0.986618283443794
equal_weight,2018-07-01,2018-07-02,2018-08-01,0.004447771666227833,4.967337184643706e-06,0.004442782235461573,0.00993467436928741,0.004967337184643705,0.986618283443794,0.9910016136266596
equal_weight,2018-08-01,2018-08-01,2018-09-04,0.00489107549280773,7.993477992058585e-06,0.00488304291811148,0.015986955984117174,0.007993477992058587,0.9910016136266596,0.9958407170379163
equal_weight,2018-09-01,2018-09-04,2018-10-01,-0.00045555790875609743,5.016467391221482e-06,-0.0004605720908559263,0.010032934782442965,0.0050164673912214824,0.9958407170379163,0.9953820605967107
equal_weight,2018-10-01,2018-10-01,2018-11-01,-0.013105435918567972,3.3315666450776242e-06,-0.01310872382357986,0.006663133290155249,0.0033315666450776243,0.9953820605967107,0.9823338720654027
equal_weight,2018-11-01,2018-11-01,2018-12-03,0.007688610866878728,1.0656658551636611e-05,0.007677872273426534,0.02131331710327322,0.01065665855163661,0.9823338720654027,0.9898761060649813
equal_weight,2018-12-01,2018-12-03,2019-01-02,-0.007442043097888984,4.175447944217731e-06,-0.0074461874719695675,0.008350895888435461,0.004175447944217731,0.9898761060649813,0.9825053030051982
equal_weight,2019-01-01,2019-01-02,2019-02-01,0.033125684611462224,1.9114723577223522e-05,0.03310593669958051,0.03822944715444704,0.01911472357722352,0.9825053030051982,1.0150320613734904
equal_weight,2019-02-01,2019-02-01,2019-03-01,0.005254097048161742,1.1841350743612896e-05,0.005242193481812318,0.023682701487225788,0.011841350743612894,1.0150320613734904,1.0203530558294531
equal_weight,2019-03-01,2019-03-01,2019-04-01,0.013568178209781907,6.0561554766870585e-06,0.013562039883308508,0.012112310953374117,0.0060561554766870584,1.0203530558294531,1.0341911246676678
equal_weight,2019-04-01,2019-04-01,2019-05-01,0.0062719717713914155,5.016641856439172e-06,0.006266923665298796,0.010033283712878344,0.005016641856439172,1.0341911246676678,1.0406723215012896
equal_weight,2019-05-01,2019-05-01,2019-06-03,0.0017128028468686362,4.63544642090856e-06,0.001708159460841907,0.009270892841817119,0.004635446420908559,1.0406723215012896,1.0424499557728983
equal_weight,2019-06-01,2019-06-03,2019-07-01,0.03262339977106204,1.2439331972420962e-05,0.03261055462578999,0.024878663944841922,0.012439331972420961,1.0424499557728983,1.0764448270002829
equal_weight,2019-07-01,2019-07-01,2019-08-01,0.002194752292892217,1.0938280897433636e-05,0.002183790005177766,0.021876561794867272,0.010938280897433636,1.0764448270002829,1.0787955564546114
equal_weight,2019-08-01,2019-08-01,2019-09-03,0.025319797373824216,9.5048708629214e-07,0.025318822820597386,0.00190097417258428,0.00095048708629214,1.0787955564546114,1.1061093900081336
equal_weight,2019-09-01,2019-09-03,2019-10-01,-0.0076117042789364585,1.2918199937814027e-05,-0.0076245241493564375,0.025836399875628052,0.012918199937814026,1.1061093900081336,1.0976758322521867
equal_weight,2019-10-01,2019-10-01,2019-11-01,0.010660614139660508,8.516348454297356e-06,0.010652007001701547,0.017032696908594713,0.008516348454297357,1.0976758322521867,1.1093682829029357
equal_weight,2019-11-01,2019-11-01,2019-12-02,-0.001183597349252774,4.633263089116727e-06,-0.0011882251284239809,0.009266526178233453,0.0046332630891167265,1.1093682829029357,1.1080501036325139
equal_weight,2019-12-01,2019-12-02,2020-01-02,0.017960847507906098,6.0466666946509674e-06,0.017954692237952985,0.012093333389301936,0.006046666694650968,1.1080501036325139,1.1279448022274676
equal_weight,2020-01-01,2020-01-02,2020-02-03,0.01317701569552749,6.715335116630513e-06,0.013170211872334692,0.013430670233261027,0.006715335116630514,1.1279448022274676,1.142800074253102
equal_weight,2020-02-01,2020-02-03,2020-03-02,-0.0028225615215641264,6.135613943725844e-06,-0.0028286798173600136,0.012271227887451691,0.0061356139437258456,1.142800074253102,1.1395674587477846
equal_weight,2020-03-01,2020-03-02,2020-04-01,-0.04721974901579596,1.2478842676335144e-05,-0.04723163861065305,0.02495768535267029,0.012478842676335145,1.1395674587477846,1.085743820363749
equal_weight,2020-04-01,2020-04-01,2020-05-01,0.04993395094447029,3.118064808046164e-05,0.04990121332343822,0.062361296160923285,0.031180648080461643,1.085743820363749,1.1399237543583254
equal_weight,2020-05-01,2020-05-01,2020-06-01,0.023061001409357233,1.767693808860543e-05,0.02304291682337456,0.03535387617721086,0.01767693808860543,1.1399237543583254,1.1661909226149931
equal_weight,2020-06-01,2020-06-01,2020-07-01,0.011294688227319208,8.846558326640553e-06,0.0112857417498744,0.017693116653281105,0.008846558326640552,1.1661909226149931,1.1793522521986737
equal_weight,2020-07-01,2020-07-01,2020-08-03,0.040114615862213585,5.486132078566949e-06,0.04010890965605429,0.010972264157133899,0.005486132078566949,1.1793522521986737,1.2266547851347744
equal_weight,2020-08-01,2020-08-03,2020-09-01,0.008730140609326498,1.327191654936122e-05,0.00871675282707951,0.026543833098722436,0.013271916549361218,1.2266547851347744,1.2373472317009486
equal_weight,2020-09-01,2020-09-01,2020-10-01,-0.01293821525018557,8.556973132571324e-06,-0.012946661511357926,0.01711394626514265,0.008556973132571324,1.2373472317009486,1.2213277159201006
equal_weight,2020-10-01,2020-10-01,2020-11-02,-0.005507130484013062,7.279027573252744e-06,-0.0055143694250316955,0.014558055146505489,0.007279027573252744,1.2213277159201006,1.214592863705487
equal_weight,2020-11-01,2020-11-02,2020-12-01,0.01935055921465729,3.1421729309009517e-06,0.01934735623892303,0.006284345861801904,0.003142172930900952,1.214592863705487,1.2380920245248508
equal_weight,2020-12-01,2020-12-01,2021-01-04,0.01867296181159731,1.614750314990976e-05,0.018656512786737744,0.03229500629981952,0.01614750314990976,1.2380920245248508,1.2611905042115568
equal_weight,2021-01-01,2021-01-04,2021-02-01,-0.009667485278650483,9.199511877319988e-06,-0.009676595854382075,0.018399023754639976,0.009199511877319988,1.2611905042115568,1.2489864734069172
equal_weight,2021-02-01,2021-02-01,2021-03-01,-0.014804846471749383,5.0771137686042445e-06,-0.01480984841962818,0.010154227537208488,0.005077113768604244,1.2489864734069172,1.2304891730575946
equal_weight,2021-03-01,2021-03-01,2021-04-01,0.0012995775027411548,1.1312334054765867e-05,0.0012882504674316397,0.02262466810953173,0.011312334054765866,1.2304891730575946,1.2320743513099557
equal_weight,2021-04-01,2021-04-01,2021-05-03,0.017754643991319985,5.830046972303382e-06,0.017748710433939108,0.011660093944606764,0.005830046972303382,1.2320743513099557,1.2539420822044394
equal_weight,2021-05-01,2021-05-03,2021-06-01,0.01321900478471668,7.681358201585082e-06,0.013211221886604285,0.015362716403170162,0.007681358201585081,1.2539420822044394,1.2705081892853929
equal_weight,2021-06-01,2021-06-01,2021-07-01,0.0004898504750091882,7.5155710168596796e-06,0.0004823312224864207,0.015031142033719358,0.007515571016859679,1.2705081892853929,1.2711209950535098
equal_weight,2021-07-01,2021-07-01,2021-08-02,0.015354925423175625,9.82854335088955e-06,0.015344945963274625,0.019657086701779097,0.009828543350889549,1.2711209950535098,1.2906262780353899
equal_weight,2021-08-01,2021-08-02,2021-09-01,0.003705976494584674,4.138562033902295e-06,0.003701822595137072,0.008277124067804592,0.004138562033902296,1.2906262780353899,1.295403947553299
equal_weight,2021-09-01,2021-09-01,2021-10-01,-0.016139590444561844,3.6280121380814905e-06,-0.016143159902069826,0.007256024276162981,0.0036280121380814906,1.295403947553299,1.2744920344901736
equal_weight,2021-10-01,2021-10-01,2021-11-01,0.011525585157285016,6.638415270490181e-06,0.011518870230394107,0.013276830540980361,0.0066384152704901805,1.2744920344901736,1.289172742845137
equal_weight,2021-11-01,2021-11-01,2021-12-01,0.00143605785788952,9.026265450302897e-06,0.0014270186301998944,0.018052530900605795,0.009026265450302898,1.289172742845137,1.291012416366723
equal_weight,2021-12-01,2021-12-01,2022-01-03,0.007733307241682371,2.187756653776879e-06,0.007731102566434167,0.004375513307553758,0.002187756653776879,1.291012416366723,1.3009933657721942
equal_weight,2022-01-01,2022-01-03,2022-02-01,-0.020280013628006115,5.835423009913951e-06,-0.02028573070855788,0.011670846019827902,0.005835423009913951,1.3009933657721942,1.274601764700519
equal_weight,2022-02-01,2022-02-01,2022-03-01,0.0017353806533689947,6.6352092906686995e-06,0.0017287339294644877,0.013270418581337401,0.0066352092906687005,1.274601764700519,1.276805212017712
equal_weight,2022-03-01,2022-03-01,2022-04-01,-0.01252267579570351,1.0213576841827431e-05,-0.012532761471233833,0.02042715368365486,0.01021357684182743,1.276805212017712,1.260803316850266
equal_weight,2022-04-01,2022-04-01,2022-05-02,-0.041285984533618036,1.2382701049830676e-05,-0.04129785600266378,0.024765402099661354,0.012382701049830677,1.260803316850266,1.2087348430233027
equal_weight,2022-05-01,2022-05-02,2022-06-01,0.00768960697168278,1.1326942192513513e-05,0.007678192929756467,0.022653884385027023,0.011326942192513512,1.2087348430233027,1.2180157423489546
equal_weight,2022-06-01,2022-06-01,2022-07-01,-0.03392097145370944,5.0801018113471876e-06,-0.033925879233532186,0.010160203622694375,0.005080101811347187,1.2180157423489546,1.176693487369483
equal_weight,2022-07-01,2022-07-01,2022-08-01,0.03186755820783485,1.3219070431203836e-05,0.03185391787790737,0.026438140862407672,0.013219070431203836,1.176693487369483,1.214175785083619
equal_weight,2022-08-01,2022-08-01,2022-09-01,-0.036150829022546675,1.211462127439092e-05,-0.036162505690218616,0.024229242548781837,0.012114621274390919,1.214175785083619,1.170268146346607
equal_weight,2022-09-01,2022-09-01,2022-10-03,-0.035167316374684746,6.264796529272129e-06,-0.03517336085513245,0.012529593058544258,0.006264796529272129,1.170268146346607,1.1291058825378908
equal_weight,2022-10-01,2022-10-03,2022-11-01,0.013514282772561868,9.852975724336827e-06,0.01350429664093733,0.019705951448673653,0.009852975724336827,1.1291058825378908,1.1443536633147098
equal_weight,2022-11-01,2022-11-01,2022-12-01,0.03867423297108302,1.2728295776575376e-05,0.03866101241823028,0.025456591553150748,0.012728295776575374,1.1443536633147098,1.188595534502967
equal_weight,2022-12-01,2022-12-01,2023-01-03,-0.008974267927811766,1.112991101897165e-05,-0.008985297956027205,0.0222598220379433,0.01112991101897165,1.188595534502967,1.1779156494762546
equal_weight,2023-01-01,2023-01-03,2023-02-01,0.03127564724699394,7.436221572015692e-06,0.03126797845277918,0.014872443144031383,0.0074362215720156916,1.1779156494762546,1.2147466906232696
equal_weight,2023-02-01,2023-02-01,2023-03-01,-0.027767582640244513,6.8511186649309895e-06,-0.02777424351990576,0.013702237329861977,0.0068511186649309885,1.2147466906232696,1.1810080202228992
equal_weight,2023-03-01,2023-03-01,2023-04-03,0.03591993498121658,7.621344019414346e-06,0.03591203987901537,0.015242688038828694,0.007621344019414347,1.1810080202228992,1.2234204273425808
equal_weight,2023-04-01,2023-04-03,2023-05-01,0.005093767871917858,6.99488502664368e-06,0.005086737356570614,0.01398977005328736,0.00699488502664368,1.2234204273425808,1.229643645733136
equal_weight,2023-05-01,2023-05-01,2023-06-01,-0.0061512217199574115,2.604220733028864e-06,-0.006153809921551345,0.005208441466057728,0.002604220733028864,1.229643645733136,1.2220766524660507
equal_weight,2023-06-01,2023-06-01,2023-07-03,0.00700675582490903,3.2740451275253966e-06,0.00700345883934661,0.0065480902550507925,0.0032740451275253962,1.2220766524660507,1.2306354160001232
equal_weight,2023-07-01,2023-07-03,2023-08-01,0.004773094745392892,9.46181736820792e-06,0.004763587765874044,0.01892363473641584,0.00946181736820792,1.2306354160001232,1.2364976558120326
equal_weight,2023-08-01,2023-08-01,2023-09-01,-0.0011413158738718954,5.245575883156898e-06,-0.0011465554628959929,0.010491151766313794,0.005245575883156897,1.2364976558120326,1.2350799426699033
equal_weight,2023-09-01,2023-09-01,2023-10-02,-0.032929104557877766,2.2572498306905884e-06,-0.03293128747849283,0.004514499661381177,0.0022572498306905886,1.2350799426699033,1.1944071700189203
equal_weight,2023-10-01,2023-10-02,2023-11-01,0.00464470014788035,8.658992076746876e-06,0.004636000937382034,0.017317984153493754,0.008658992076746877,1.1944071700189203,1.1999444427787438
equal_weight,2023-11-01,2023-11-01,2023-12-01,0.043453920663920835,1.0766736343631624e-05,0.043442686070670256,0.021533472687263244,0.010766736343631622,1.1999444427787438,1.252073252508626
equal_weight,2023-12-01,2023-12-01,2024-01-02,0.02626956390720154,1.0330543034870257e-05,0.026258961985306195,0.020661086069740514,0.010330543034870257,1.252073252508626,1.2849513964490686
equal_weight,2024-01-01,2024-01-02,2024-02-01,0.008123342429550547,5.316888413145955e-06,0.0081179823502322,0.010633776826291907,0.005316888413145954,1.2849513964490686,1.2953826092063483
equal_weight,2024-02-01,2024-02-01,2024-03-01,-0.001442827489631537,2.998111970398329e-06,-0.001445821275843473,0.005996223940796658,0.002998111970398329,1.2953826092063483,1.2935097174696002
equal_weight,2024-03-01,2024-03-01,2024-04-01,0.023684234207231234,9.093770532596315e-06,0.02367492505770752,0.01818754106519263,0.009093770532596315,1.2935097174696002,1.3241334630921093
equal_weight,2024-04-01,2024-04-01,2024-05-01,-0.01323988007473477,1.1410107508561528e-05,-0.01325113911378828,0.022820215017123058,0.011410107508561529,1.3241334630921093,1.3065871863674536
equal_weight,2024-05-01,2024-05-01,2024-06-03,0.0208136382372835,7.629412670138822e-06,0.020805850028777995,0.015258825340277643,0.0076294126701388215,1.3065871863674536,1.333771843416538
equal_weight,2024-06-01,2024-06-03,2024-07-01,0.006972292781534867,5.006609179060997e-06,0.006967251264810681,0.010013218358121995,0.005006609179060997,1.333771843416538,1.3430645669795507
equal_weight,2024-07-01,2024-07-01,2024-08-01,0.026630434341496728,3.937209893887836e-06,0.02662639228199315,0.007874419787775672,0.003937209893887836,1.3430645669795507,1.3788255309999935
equal_weight,2024-08-01,2024-08-01,2024-09-03,0.013405764319533806,6.209664751835596e-06,0.013399471409479835,0.012419329503671195,0.006209664751835597,1.3788255309999935,1.3973010642812889
equal_weight,2024-09-01,2024-09-03,2024-10-01,0.02296002725109211,1.856062036429046e-06,0.022958128573820735,0.0037121240728580918,0.0018560620364290459,1.3973010642812889,1.4293804817713953
equal_weight,2024-10-01,2024-10-01,2024-11-01,-0.008389040140888655,6.230726296204983e-06,-0.008395218597371912,0.012461452592409966,0.006230726296204983,1.4293804817713953,1.4173805201681078
equal_weight,2024-11-01,2024-11-01,2024-12-02,0.008473312214621647,9.258139087011451e-06,0.008463975628431708,0.018516278174022904,0.009258139087011452,1.4173805201681078,1.4293771943470246
equal_weight,2024-12-01,2024-12-02,2025-01-02,-0.011383874538136702,8.894133045143373e-06,-0.011392667421487146,0.017788266090286747,0.008894133045143374,1.4293771943470246,1.4130927753519706
equal_weight,2025-01-01,2025-01-02,2025-02-03,0.01588832800865541,4.207965280288939e-06,0.015884053185842406,0.008415930560577878,0.004207965280288939,1.4130927753519706,1.435538416152191
equal_weight,2025-02-01,2025-02-03,2025-03-03,0.013816629502273945,6.936371785036019e-06,0.013809597293209741,0.013872743570072038,0.006936371785036019,1.435538416152191,1.455362623578185
equal_weight,2025-03-01,2025-03-03,2025-04-01,0.005502687193707136,2.9701561539376422e-06,0.005499700693712972,0.005940312307875284,0.002970156153937642,1.455362623578185,1.4633666824086817
equal_weight,2025-04-01,2025-04-01,2025-05-01,0.0068741149824952065,1.2597250669554266e-05,0.006861431136875984,0.025194501339108527,0.012597250669554264,1.4633666824086817,1.4734074721280275
equal_weight,2025-05-01,2025-05-01,2025-06-02,0.010913733891851463,3.786141984724545e-06,0.010909906428920646,0.0075722839694490895,0.0037861419847245448,1.4734074721280275,1.4894822097806169
equal_weight,2025-06-01,2025-06-02,2025-07-01,0.018119802623133455,9.880250145168953e-06,0.018109743344805862,0.019760500290337907,0.009880250145168953,1.4894822097806169,1.5164563503163981
equal_weight,2025-07-01,2025-07-01,2025-08-01,0.005240165537364743,5.737665990957416e-06,0.005234397805054192,0.011475331981914833,0.005737665990957416,1.5164563503163981,1.5243940861079548
equal_weight,2025-08-01,2025-08-01,2025-09-02,0.011482238390214037,1.6912676634119605e-06,0.011480527703012111,0.003382535326823921,0.0016912676634119606,1.5243940861079548,1.541894934643825
equal_weight,2025-09-01,2025-09-02,2025-10-01,0.03131292674777818,4.870205695133689e-06,0.03130790404168882,0.009740411390267378,0.004870205695133689,1.541894934643825,1.5901684333000201
equal_weight,2025-10-01,2025-10-01,2025-11-03,0.01009567291855803,1.2565298243075313e-05,0.010082980765173666,0.025130596486150625,0.012565298243075312,1.5901684333000201,1.6062020710263705
equal_weight,2025-11-01,2025-11-03,2025-12-01,0.009787063743878372,7.001609372972811e-06,0.009779993609308146,0.014003218745945623,0.007001609372972811,1.6062020710263705,1.6219107170162659
equal_weight,2025-12-01,2025-12-01,2026-01-02,0.0070366288662948575,6.93708076971586e-06,0.007029642971862371,0.013874161539431717,0.006937080769715859,1.6219107170162659,1.6333121702891276
equal_weight,2026-01-01,2026-01-02,2026-02-02,0.013735857527478633,4.108880878768137e-06,0.013731692207597623,0.008217761757536274,0.004108880878768137,1.6333121702891276,1.655740310290461
equal_weight,2026-02-01,2026-02-02,2026-03-02,0.022378743718809546,9.42941520238376e-06,0.022369103285140746,0.018858830404767518,0.009429415202383759,1.655740310290461,1.6927777363047194
equal_weight,2026-03-01,2026-03-02,2026-04-01,-0.02836207163880626,1.4931270966668006e-05,-0.028376579427995985,0.029862541933336012,0.014931270966668006,1.6927777363047194,1.6447424944165252
equal_weight,2026-04-01,2026-04-01,2026-05-01,0.015215951725921715,1.3175260733960206e-05,0.015202575991056344,0.026350521467920412,0.013175260733960206,1.6447424944165252,1.669746817173612
equal_weight,2026-05-01,2026-05-01,2026-06-01,0.0031890358541882824,1.2352247186915828e-05,0.00317664421524233,0.024704494373831654,0.012352247186915827,1.669746817173612,1.675051008741306
equal_weight,2026-06-01,2026-06-01,2026-07-01,-0.014198761659911739,6.3793731400445385e-06,-0.014205050453853008,0.012758746280089078,0.006379373140044539,1.675051008741306,1.6512568246493584
static_60_spy_40_agg,2018-01-01,2018-01-02,2018-02-01,0.024994127977604298,0.0005,0.02448163091361555,1.0,0.5,1.0,1.0244816309136155
static_60_spy_40_agg,2018-02-01,2018-02-01,2018-03-01,-0.024240709106286548,1.4283768002299775e-05,-0.02425464662562371,0.028567536004599547,0.014283768002299774,1.0244816309136155,0.9996331909813632
static_60_spy_40_agg,2018-03-01,2018-03-01,2018-04-02,-0.014999056571155855,6.227855078706824e-06,-0.015005191014283992,0.012455710157413646,0.006227855078706823,0.9996331909813632,0.9846335040064695
static_60_spy_40_agg,2018-04-01,2018-04-02,2018-05-01,-0.0004634261787863636,8.388456783826604e-06,-0.0004718107481397338,0.016776913567653207,0.008388456783826603,0.9846335040064695,0.9841689433363008
static_60_spy_40_agg,2018-05-01,2018-05-01,2018-06-01,0.02119062408539003,3.2962135417903272e-06,0.021187258023026123,0.006592427083580654,0.003296213541790327,0.9841689433363008,1.005020784677016
static_60_spy_40_agg,2018-06-01,2018-06-01,2018-07-02,-0.002290823155784749,6.565219342620138e-06,-0.0022973733353709447,0.013130438685240275,0.006565219342620138,1.005020784677016,1.0027118767248056
static_60_spy_40_agg,2018-07-01,2018-07-02,2018-08-01,0.025696885350089713,2.3527562868756184e-06,0.025694472135294077,0.004705512573751236,0.002352756286875618,1.0027118767248056,1.0284760291010395
static_60_spy_40_agg,2018-08-01,2018-08-01,2018-09-04,0.020303147698134037,1.112244035504853e-05,0.020291799437229807,0.02224488071009706,0.01112244035504853,1.0284760291010395,1.0493456584095564
static_60_spy_40_agg,2018-09-01,2018-09-04,2018-10-01,0.005860593218006605,5.353786079463935e-06,0.005855208055564942,0.01070757215892787,0.005353786079463935,1.0493456584095564,1.0554897955617482
static_60_spy_40_agg,2018-10-01,2018-10-01,2018-11-01,-0.04446781792122023,3.8974918582065925e-06,-0.044471542100120165,0.007794983716413184,0.003897491858206592,1.0554897955617482,1.0085505366821768
static_60_spy_40_agg,2018-11-01,2018-11-01,2018-12-03,0.021942613311613048,1.6166041007920157e-05,0.02192609254541833,0.03233208201584031,0.016166041007920157,1.0085505366821768,1.0306641090862014
static_60_spy_40_agg,2018-12-01,2018-12-03,2019-01-02,-0.06243450589350674,5.880398759455175e-06,-0.06244001915247521,0.011760797518910349,0.005880398759455174,1.0306641090862014,0.9663094223750902
static_60_spy_40_agg,2019-01-01,2019-01-02,2019-02-01,0.06198845332982521,3.50810197565522e-05,0.06195119769191271,0.0701620395131044,0.0350810197565522,0.9663094223750902,1.0261734484322074
static_60_spy_40_agg,2019-02-01,2019-02-01,2019-03-01,0.02265543878914653,2.049264367984305e-05,0.022634481875632106,0.040985287359686096,0.020492643679843048,1.0261734484322074,1.049400352752001
static_60_spy_40_agg,2019-03-01,2019-03-01,2019-04-01,0.019707792295586744,9.055436933364581e-06,0.019698558395983223,0.01811087386672916,0.00905543693336458,1.049400352752001,1.0700720268814516
static_60_spy_40_agg,2019-04-01,2019-04-01,2019-05-01,0.021523505269042384,2.7007738591933175e-08,0.021523477680002623,5.4015477183866345e-05,2.7007738591933173e-05,1.0700720268814516,1.0931036982680298
static_60_spy_40_agg,2019-05-01,2019-05-01,2019-06-03,-0.03195479997908022,8.030311344414147e-06,-0.031962573683431916,0.016060622688828297,0.008030311344414148,1.0931036982680298,1.058165290768506
static_60_spy_40_agg,2019-06-01,2019-06-03,2019-07-01,0.05422454316340505,2.1014345643833947e-05,0.05420238932446875,0.042028691287667896,0.021014345643833948,1.058165290768506,1.1155203778283802
static_60_spy_40_agg,2019-07-01,2019-07-01,2019-08-01,0.0031215085531780765,1.6299099486780516e-05,0.0031051585759129807,0.03259819897356103,0.016299099486780516,1.1155203778283802,1.1189842454961998
static_60_spy_40_agg,2019-08-01,2019-08-01,2019-09-03,-0.004174986778246369,1.2204296255785563e-08,-0.004174998931589791,2.4408592511571126e-05,1.2204296255785563e-05,1.1189842454961998,1.1143124874667873
static_60_spy_40_agg,2019-09-01,2019-09-03,2019-10-01,0.014498436620931799,1.1717081037065675e-05,0.014486549660537973,0.02343416207413135,0.011717081037065674,1.1143124874667873,1.1304550306538326
static_60_spy_40_agg,2019-10-01,2019-10-01,2019-11-01,0.01631871580140096,8.817369934746773e-06,0.01630975454331196,0.017634739869493543,0.008817369934746772,1.1304550306538326,1.1488924747260487
static_60_spy_40_agg,2019-11-01,2019-11-01,2019-12-02,0.017524380534923088,4.602684333810253e-06,0.017519697191397565,0.009205368667620506,0.004602684333810253,1.1488924747260487,1.1690207229887244
static_60_spy_40_agg,2019-12-01,2019-12-02,2020-01-02,0.02210487448786389,8.366730538680616e-06,0.022096322811796743,0.016733461077361234,0.008366730538680617,1.1690207229887244,1.1948517822575633
static_60_spy_40_agg,2020-01-01,2020-01-02,2020-02-03,0.005904466095977257,6.692939366388679e-06,0.005897733638377423,0.013385878732777357,0.006692939366388678,1.1948517822575633,1.201898699806659
static_60_spy_40_agg,2020-02-01,2020-02-03,2020-03-02,-0.03848929771143892,3.872142397072093e-06,-0.03849302081779449,0.007744284794144185,0.0038721423970720925,1.201898699806659,1.155633988134121
static_60_spy_40_agg,2020-03-01,2020-03-02,2020-04-01,-0.10040071610009323,2.449870320104583e-05,-0.10042275511594945,0.04899740640209166,0.02449870320104583,1.155633988134121,1.0395820391400603
static_60_spy_40_agg,2020-04-01,2020-04-01,2020-05-01,0.0966529872818104,4.211716170479396e-05,0.09660679937061123,0.08423432340958792,0.04211716170479396,1.0395820391400603,1.140012732624555
static_60_spy_40_agg,2020-05-01,2020-05-01,2020-06-01,0.04053610874652258,2.948064547749729e-05,0.040505433070394004,0.05896129095499458,0.02948064547749729,1.140012732624555,1.1861894420652759
static_60_spy_40_agg,2020-06-01,2020-06-01,2020-07-01,0.017084538759306867,1.3631140909894506e-05,0.01707067473664181,0.027262281819789014,0.013631140909894507,1.1861894420652759,1.2064384962068109
static_60_spy_40_agg,2020-07-01,2020-07-01,2020-08-03,0.04203049714586719,4.129048032405963e-06,0.04202619455189316,0.008258096064811926,0.004129048032405963,1.2064384962068109,1.2571405151632917
static_60_spy_40_agg,2020-08-01,2020-08-03,2020-09-01,0.036467917171257594,1.0673774668980452e-05,0.03645685414625799,0.021347549337960903,0.010673774668980451,1.2571405151632917,1.3029719035659515
static_60_spy_40_agg,2020-09-01,2020-09-01,2020-10-01,-0.019499931380036428,1.748518415776293e-05,-0.019517075604303047,0.03497036831552586,0.01748518415776293,1.3029719035659515,1.277541702413772
static_60_spy_40_agg,2020-10-01,2020-10-01,2020-11-02,-0.014488173744609957,7.581853831252872e-06,-0.014495645751225528,0.015163707662505743,0.007581853831252872,1.277541702413772,1.2590229104631645
static_60_spy_40_agg,2020-11-01,2020-11-02,2020-12-01,0.06756377117516593,4.682960326077901e-06,0.06755877181637993,0.009365920652155801,0.004682960326077901,1.2590229104631645,1.34408095198274
static_60_spy_40_agg,2020-12-01,2020-12-01,2021-01-04,0.019205867645497678,2.2229757352518227e-05,0.019183210946367435,0.04445951470503645,0.022229757352518226,1.34408095198274,1.3698647404136193
static_60_spy_40_agg,2021-01-01,2021-01-04,2021-02-01,-0.00487229901976709,6.954827447116285e-06,-0.004879219961215209,0.01390965489423257,0.006954827447116285,1.3698647404136193,1.3631808690280283
static_60_spy_40_agg,2021-02-01,2021-02-01,2021-03-01,0.012093662313444973,3.8319977570389075e-07,0.012093274479380467,0.0007663995514077815,0.00038319977570389074,1.3631808690280283,1.3796661894422246
static_60_spy_40_agg,2021-03-01,2021-03-01,2021-04-01,0.01894516124933232,1.1659966158197754e-05,0.018933280383235163,0.02331993231639551,0.011659966158197754,1.3796661894422246,1.4057877962422038
static_60_spy_40_agg,2021-04-01,2021-04-01,2021-05-03,0.033929447861294766,1.0399390841886653e-05,0.033918695624863604,0.020798781683773304,0.010399390841886652,1.4057877962422038,1.453470284616091
static_60_spy_40_agg,2021-05-01,2021-05-03,2021-06-01,0.004935846226359874,1.0942680242192583e-05,0.004924849534730713,0.021885360484385163,0.010942680242192582,1.453470284616091,1.4606284070710274
static_60_spy_40_agg,2021-06-01,2021-06-01,2021-07-01,0.014246225488196228,1.5228344726181953e-06,0.01424468095908038,0.0030456689452363905,0.0015228344726181953,1.4606284070710274,1.481434592729524
static_60_spy_40_agg,2021-07-01,2021-07-01,2021-08-02,0.020830452421573352,2.3561215691225436e-06,0.020828047220926127,0.004712243138245087,0.0023561215691225434,1.481434592729524,1.512289982381608
static_60_spy_40_agg,2021-08-01,2021-08-02,2021-09-01,0.016056800125623206,3.476135956047788e-06,0.016053268174046842,0.006952271912095576,0.003476135956047788,1.512289982381608,1.5365671790257045
static_60_spy_40_agg,2021-09-01,2021-09-01,2021-10-01,-0.030295874266335444,6.90576705395543e-06,-0.03030257081713894,0.013811534107910861,0.0069057670539554306,1.5365671790257045,1.4900052432679867
static_60_spy_40_agg,2021-10-01,2021-10-01,2021-11-01,0.0391448322745223,8.87127446574046e-06,0.03913561373550545,0.017742548931480917,0.008871274465740459,1.4900052432679867,1.5483175129324005
static_60_spy_40_agg,2021-11-01,2021-11-01,2021-12-01,0.0026979319509579103,1.6678817456058233e-05,0.002681208135187463,0.03335763491211646,0.01667881745605823,1.5483175129324005,1.5524688744439281
static_60_spy_40_agg,2021-12-01,2021-12-01,2022-01-03,0.019536290688702395,1.2766668911826098e-07,0.019536160527879876,0.0002553333782365219,0.00012766668911826096,1.5524688744439281,1.5827981555896016
static_60_spy_40_agg,2022-01-01,2022-01-03,2022-02-01,-0.03878038521363217,9.32479818270665e-06,-0.03878934839254933,0.0186495963654133,0.00932479818270665,1.5827981555896016,1.5214024464973521
static_60_spy_40_agg,2022-02-01,2022-02-01,2022-03-01,-0.024040254349349997,9.36900883128408e-06,-0.024049398124825982,0.018738017662568163,0.009369008831284081,1.5214024464973521,1.484813633353453
static_60_spy_40_agg,2022-03-01,2022-03-01,2022-04-01,0.012344720760284034,6.555248489976573e-06,0.012338084589081921,0.013110496979953146,0.006555248489976573,1.484813633353453,1.50313338956079
static_60_spy_40_agg,2022-04-01,2022-04-01,2022-05-02,-0.06906434099057346,1.9492448737680466e-05,-0.06908248720618482,0.038984897475360936,0.019492448737680468,1.50313338956079,1.3992931964072675
static_60_spy_40_agg,2022-05-01,2022-05-02,2022-06-01,0.009424794865259444,1.412188875036216e-05,0.009410539880604585,0.02824377750072432,0.01412188875036216,1.3992931964072675,1.4124613008367166
static_60_spy_40_agg,2022-06-01,2022-06-01,2022-07-01,-0.0572887677298193,1.1302535090380316e-06,-0.05728983323249748,0.0022605070180760634,0.0011302535090380317,1.4124613008367166,1.3315416284644246
static_60_spy_40_agg,2022-07-01,2022-07-01,2022-08-01,0.05967771782662523,2.023414130213186e-05,0.059656276157947996,0.04046828260426372,0.02023414130213186,1.3315416284644246,1.4109764435679022
static_60_spy_40_agg,2022-08-01,2022-08-01,2022-09-01,-0.03814176924413752,1.5213508414218869e-05,-0.03815640248242447,0.030427016828437736,0.015213508414218868,1.4109764435679022,1.3571386584939054
static_60_spy_40_agg,2022-09-01,2022-09-01,2022-10-03,-0.0581743602429587,9.975297349518186e-07,-0.0581752997420395,0.0019950594699036373,0.0009975297349518186,1.3571386584939054,1.278186710244513
static_60_spy_40_agg,2022-10-01,2022-10-03,2022-11-01,0.04241509084688429,1.211354928091879e-05,0.042402463500310184,0.02422709856183758,0.01211354928091879,1.278186710244513,1.3323849755722375
static_60_spy_40_agg,2022-11-01,2022-11-01,2022-12-01,0.042411012925345395,2.191023145643281e-05,0.04238817345877943,0.04382046291286562,0.02191023145643281,1.3323849755722375,1.388862341030665
static_60_spy_40_agg,2022-12-01,2022-12-01,2023-01-03,-0.03366109001441215,3.074255630952566e-06,-0.033664060787247596,0.006148511261905132,0.003074255630952566,1.388862341030665,1.3421075947570897
static_60_spy_40_agg,2023-01-01,2023-01-03,2023-02-01,0.0425975744864409,1.3481193453256129e-05,0.04258351902684532,0.02696238690651226,0.01348119345325613,1.3421075947570897,1.3992592590545019
static_60_spy_40_agg,2023-02-01,2023-02-01,2023-03-01,-0.02699348977763305,6.687737236659303e-06,-0.02699999698950295,0.013375474473318605,0.006687737236659302,1.3992592590545019,1.3614792632724961
static_60_spy_40_agg,2023-03-01,2023-03-01,2023-04-03,0.033922417607675025,1.7318950802636124e-06,0.033920626962526734,0.0034637901605272248,0.0017318950802636124,1.3614792632724961,1.4076614934791782
static_60_spy_40_agg,2023-04-01,2023-04-03,2023-05-01,0.010996641402499563,2.3293210054309565e-06,0.01099428646678624,0.004658642010861913,0.0023293210054309565,1.4076614934791782,1.4231377271867525
static_60_spy_40_agg,2023-05-01,2023-05-01,2023-06-01,0.0018057897353602743,3.08324082480485e-06,0.0018027009268508642,0.006166481649609701,0.0030832408248048504,1.4231377271867525,1.4257032188865884
static_60_spy_40_agg,2023-06-01,2023-06-01,2023-07-03,0.03586617590287382,2.6951865241157393e-06,0.03586338405031575,0.005390373048231478,0.002695186524115739,1.4257032188865884,1.4768337609672895
static_60_spy_40_agg,2023-07-01,2023-07-03,2023-08-01,0.01585152025659435,1.590454106471717e-05,0.015835363604374653,0.03180908212943434,0.01590454106471717,1.4768337609672895,1.5002199605554227
static_60_spy_40_agg,2023-08-01,2023-08-01,2023-09-01,-0.004942461661788512,8.439791828605436e-06,-0.004950859740269542,0.016879583657210873,0.008439791828605436,1.5002199605554227,1.49279258195116
static_60_spy_40_agg,2023-09-01,2023-09-01,2023-10-02,-0.044984960130296354,1.1165259116609206e-06,-0.04498602642933436,0.002233051823321841,0.0011165259116609205,1.49279258195116,1.4256377754059908
static_60_spy_40_agg,2023-10-01,2023-10-02,2023-11-01,-0.014384664178074245,6.459591114403307e-06,-0.014391030850139819,0.012919182228806614,0.006459591114403307,1.4256377754059908,1.4051213781989984
static_60_spy_40_agg,2023-11-01,2023-11-01,2023-12-01,0.06988151821216623,1.8310858332808989e-06,0.06987955916727495,0.0036621716665617976,0.0018310858332808988,1.4051213781989984,1.5033106406840582
static_60_spy_40_agg,2023-12-01,2023-12-01,2024-01-02,0.03711355947601036,9.733458597811884e-06,0.03710346477411797,0.019466917195623767,0.009733458597811884,1.5033106406840582,1.5590886740852359
static_60_spy_40_agg,2024-01-01,2024-01-02,2024-02-01,0.018493764678581034,1.7632621290893936e-06,0.018491968807097026,0.003526524258178787,0.0017632621290893935,1.5590886740852359,1.5879192932139183
static_60_spy_40_agg,2024-02-01,2024-02-01,2024-03-01,0.022387883696188778,4.663801394965139e-06,0.02238311548215055,0.009327602789930278,0.004663801394965139,1.5879192932139183,1.6234618741302604
static_60_spy_40_agg,2024-03-01,2024-03-01,2024-04-01,0.021977034163163454,1.6348007883382586e-05,0.021960326874552294,0.032696015766765174,0.016348007883382587,1.6234618741302604,1.6591136275545342
static_60_spy_40_agg,2024-04-01,2024-04-01,2024-05-01,-0.03321203236203134,6.1038678058052405e-06,-0.03321793350798197,0.012207735611610482,0.006103867805805241,1.6591136275545342,1.604001301392241
static_60_spy_40_agg,2024-05-01,2024-05-01,2024-06-03,0.03938998778429936,5.986103270940124e-06,0.03938376588849368,0.011972206541880248,0.005986103270940124,1.604001301392241,1.6671729131311122
static_60_spy_40_agg,2024-06-01,2024-06-03,2024-07-01,0.022204127502418156,9.084950128608882e-06,0.022194840828898332,0.018169900257217764,0.009084950128608882,1.6671729131311122,1.704175550572308
static_60_spy_40_agg,2024-07-01,2024-07-01,2024-08-01,0.01959714940914874,7.349291903828659e-06,0.019589656092073415,0.014698583807657317,0.007349291903828659,1.704175550572308,1.7375597635285394
static_60_spy_40_agg,2024-08-01,2024-08-01,2024-09-03,0.015135897389496344,4.04748098175009e-06,0.01513178864625786,0.00809496196350018,0.00404748098175009,1.7375597635285394,1.763852150630495
static_60_spy_40_agg,2024-09-01,2024-09-03,2024-10-01,0.02074055622766848,4.95864006592045e-07,0.020740050079166572,0.00099172801318409,0.000495864006592045,1.763852150630495,1.800434532566817
static_60_spy_40_agg,2024-10-01,2024-10-01,2024-11-01,-0.012720627722328471,3.213855581039621e-06,-0.012723800695649157,0.0064277111620792415,0.0032138555810396208,1.800434532566817,1.7775261624088725
static_60_spy_40_agg,2024-11-01,2024-11-01,2024-12-02,0.03899166656879833,5.526039573750697e-06,0.038985925059732196,0.011052079147501392,0.005526039573750696,1.7775261624088725,1.8468246641682582
static_60_spy_40_agg,2024-12-01,2024-12-02,2025-01-02,-0.019612584263657085,9.474441270968248e-06,-0.019621872886650293,0.018948882541936496,0.009474441270968248,1.8468246641682582,1.810586505364018
static_60_spy_40_agg,2025-01-01,2025-01-02,2025-02-03,0.005782118989033292,2.3291783273579615e-07,0.005781884724441966,0.0004658356654715923,0.00023291783273579614,1.810586505364018,1.821055107821663
static_60_spy_40_agg,2025-02-01,2025-02-03,2025-03-03,0.010223376683514519,1.2951695950860765e-07,0.010223245842454265,0.0002590339190172153,0.00012951695950860764,1.821055107821663,1.839672201881581
static_60_spy_40_agg,2025-03-01,2025-03-03,2025-04-01,-0.03536187043128309,2.5544771508618782e-06,-0.03536433457734389,0.005108954301723756,0.002554477150861878,1.839672201881581,1.7746134186216018
static_60_spy_40_agg,2025-04-01,2025-04-01,2025-05-01,0.004525094567765597,1.6662598598603334e-05,0.004508356569332461,0.03332519719720667,0.016662598598603334,1.7746134186216018,1.78261400868547
static_60_spy_40_agg,2025-05-01,2025-05-01,2025-06-02,0.024151385870304895,4.2592775908151244e-07,0.024150949655800114,0.000851855518163025,0.0004259277590815125,1.78261400868547,1.8256658298649568
static_60_spy_40_agg,2025-06-01,2025-06-02,2025-07-01,0.03911456664008166,1.44864498582937e-05,0.03909951355901509,0.028972899716587397,0.014486449858293698,1.8256658298649568,1.8970484757339923
static_60_spy_40_agg,2025-07-01,2025-07-01,2025-08-01,0.011019180161334985,7.301188357576788e-06,0.011011798519867666,0.014602376715153575,0.007301188357576788,1.8970484757339923,1.9179383913311971
static_60_spy_40_agg,2025-08-01,2025-08-01,2025-09-02,0.011846135527489388,3.031301590270069e-06,0.011843068316689687,0.006062603180540138,0.003031301590270069,1.9179383913311971,1.9406526667269344
static_60_spy_40_agg,2025-09-01,2025-09-02,2025-10-01,0.03271430170790279,3.5795889687171568e-06,0.03271060501518064,0.007159177937434313,0.0035795889687171567,1.9406526667269344,2.0041325895798963
static_60_spy_40_agg,2025-10-01,2025-10-01,2025-11-03,0.02122139825312894,6.06348887744787e-06,0.021215206088539107,0.01212697775489574,0.00606348887744787,2.0041325895798963,2.046650675496591
static_60_spy_40_agg,2025-11-01,2025-11-03,2025-12-01,-0.004705322794482724,7.465535422508912e-06,-0.004712753202151254,0.014931070845017824,0.007465535422508912,2.046650675496591,2.0370053159719594
static_60_spy_40_agg,2025-12-01,2025-12-01,2026-01-02,0.00894539058396364,3.1947295216744334e-06,0.008942167276338564,0.006389459043348866,0.003194729521674433,2.0370053159719594,2.0552205582501717
static_60_spy_40_agg,2026-01-01,2026-01-02,2026-02-02,0.00404664586640231,2.500280871217536e-06,0.004044135467779819,0.005000561742435072,0.002500280871217536,2.0552205582501717,2.0635321486039016
static_60_spy_40_agg,2026-02-01,2026-02-02,2026-03-02,-0.004438371666087226,9.544223685594157e-07,-0.004439321852374611,0.001908844737118831,0.0009544223685594155,2.0635321486039016,2.0543714652435265
static_60_spy_40_agg,2026-03-01,2026-03-02,2026-04-01,-0.02619138120041868,6.833948731277517e-06,-0.026198036158593507,0.013667897462555034,0.006833948731277517,2.0543714652435265,2.000550967313894
static_60_spy_40_agg,2026-04-01,2026-04-01,2026-05-01,0.06260764938509275,4.755223990167146e-06,0.06260259644770616,0.009510447980334291,0.004755223990167146,2.000550967313894,2.125790652193714
static_60_spy_40_agg,2026-05-01,2026-05-01,2026-06-01,0.028092619494541893,2.2805985474092073e-05,0.028069172829195743,0.045611970948184144,0.022805985474092072,2.125790652193714,2.185459837408828
static_60_spy_40_agg,2026-06-01,2026-06-01,2026-07-01,-0.005199428616264101,1.120537455469195e-05,-0.0052105757292736365,0.0224107491093839,0.01120537455469195,2.185459837408828,2.174072333422723
