evaluation_sample,comparison_id,candidate_id,reference_id,block_id,experiment_arm,primary_atomic,evaluation_checkpoint,metric,better_direction,paired_months,mean_candidate_minus_reference,median_candidate_minus_reference,bootstrap_lower,bootstrap_upper,bootstrap_probability_candidate_better,mean_block_benefit,block_benefit_lower,block_benefit_upper,bootstrap_probability_block_beneficial,centered_two_sided_p_value,block_length_months,calendar_segments,replications,random_seed,candidate_publication_role,reference_publication_role
excluding_2020_03_through_2020_05,student_t_7_reduced_core__vs__partial_only,student_t_7_reduced_core,partial_only,non_defining_reduced_core,current_baseline_vs_partial_only,False,after_employment_situation,hard_quadrant_correct,higher,180,0.011111111111111112,0.0,-0.011111111111111112,0.03888888888888889,0.7248,0.011111111111111112,-0.011111111111111112,0.03888888888888889,0.7248,0.40171965606878624,12,2,5000,20260722,baseline,major_benchmark
excluding_2020_03_through_2020_05,student_t_7_reduced_core__vs__student_t_7_combined,student_t_7_reduced_core,student_t_7_combined,evidence_graph_revision,current_baseline_vs_frozen_predecessor,False,after_employment_situation,hard_quadrant_correct,higher,180,0.005555555555555556,0.0,0.0,0.016666666666666666,0.6602,0.005555555555555556,0.0,0.016666666666666666,0.6602,0.2561487702459508,12,2,5000,20260722,baseline,major_benchmark
excluding_2020_03_through_2020_05,student_t_7_reduced_core__vs__transition_only,student_t_7_reduced_core,transition_only,complete_reduced_core,current_baseline_vs_transition_only,False,after_employment_situation,hard_quadrant_correct,higher,180,0.17222222222222222,0.0,0.07222222222222222,0.26666666666666666,0.9998,0.17222222222222222,0.07222222222222222,0.26666666666666666,0.9998,0.0005998800239952009,12,2,5000,20260722,baseline,major_benchmark
excluding_2020_03_through_2020_05,student_t_7_reduced_core_with_expectations__vs__student_t_7_reduced_core,student_t_7_reduced_core_with_expectations,student_t_7_reduced_core,inflation_expectations,add_one,True,after_employment_situation,hard_quadrant_correct,higher,180,0.0,0.0,0.0,0.0,0.0,0.0,0.0,0.0,0.0,1.0,12,2,5000,20260722,sensitivity,baseline
excluding_2020_03_through_2020_05,student_t_7_reduced_core__vs__partial_only,student_t_7_reduced_core,partial_only,non_defining_reduced_core,current_baseline_vs_partial_only,False,after_employment_situation,quadrant_brier_distance_to_exact_score_map,lower,180,-8.472402366511309e-05,0.0,-0.000290501944119421,0.00010686804229204162,0.7884,8.472402366511309e-05,-0.00010686804229204165,0.00029050194411942096,0.7884,0.41871625674865026,12,2,5000,20260722,baseline,major_benchmark
excluding_2020_03_through_2020_05,student_t_7_reduced_core__vs__student_t_7_combined,student_t_7_reduced_core,student_t_7_combined,evidence_graph_revision,current_baseline_vs_frozen_predecessor,False,after_employment_situation,quadrant_brier_distance_to_exact_score_map,lower,180,-7.881356516209574e-05,0.0,-0.00026112741172015986,2.5728675371081876e-05,0.74,7.881356516209574e-05,-2.5728675371081886e-05,0.0002611274117201598,0.74,0.46770645870825833,12,2,5000,20260722,baseline,major_benchmark
excluding_2020_03_through_2020_05,student_t_7_reduced_core__vs__transition_only,student_t_7_reduced_core,transition_only,complete_reduced_core,current_baseline_vs_transition_only,False,after_employment_situation,quadrant_brier_distance_to_exact_score_map,lower,180,-0.04688768859618765,-0.015643517847759435,-0.06608502455002624,-0.030261953290599667,1.0,0.04688768859618765,0.030261953290599657,0.06608502455002624,1.0,0.0001999600079984003,12,2,5000,20260722,baseline,major_benchmark
excluding_2020_03_through_2020_05,student_t_7_reduced_core_with_expectations__vs__student_t_7_reduced_core,student_t_7_reduced_core_with_expectations,student_t_7_reduced_core,inflation_expectations,add_one,True,after_employment_situation,quadrant_brier_distance_to_exact_score_map,lower,180,-1.8802953819693565e-07,0.0,-5.64088614590807e-07,0.0,0.6544,1.8802953819693565e-07,-0.0,5.64088614590807e-07,0.6544,0.6116776644671066,12,2,5000,20260722,sensitivity,baseline
excluding_2020_03_through_2020_05,student_t_7_reduced_core__vs__partial_only,student_t_7_reduced_core,partial_only,non_defining_reduced_core,current_baseline_vs_partial_only,False,after_employment_situation,quadrant_cross_entropy_to_exact_score_map,lower,180,-0.000289848331959401,0.0,-0.00073756347665386,0.000133040870545233,0.905,0.000289848331959401,-0.00013304087054523333,0.00073756347665386,0.905,0.19536092781443712,12,2,5000,20260722,baseline,major_benchmark
excluding_2020_03_through_2020_05,student_t_7_reduced_core__vs__student_t_7_combined,student_t_7_reduced_core,student_t_7_combined,evidence_graph_revision,current_baseline_vs_frozen_predecessor,False,after_employment_situation,quadrant_cross_entropy_to_exact_score_map,lower,180,-0.00015988067713069615,0.0,-0.0005280037490913229,5.3250065761712136e-05,0.7418,0.00015988067713069615,-5.325006576171214e-05,0.0005280037490913228,0.7418,0.46270745850829836,12,2,5000,20260722,baseline,major_benchmark
excluding_2020_03_through_2020_05,student_t_7_reduced_core__vs__transition_only,student_t_7_reduced_core,transition_only,complete_reduced_core,current_baseline_vs_transition_only,False,after_employment_situation,quadrant_cross_entropy_to_exact_score_map,lower,180,-0.0968483615345519,-0.03450855902342964,-0.134235764526762,-0.06428626438796924,1.0,0.0968483615345519,0.06428626438796924,0.134235764526762,1.0,0.0001999600079984003,12,2,5000,20260722,baseline,major_benchmark
excluding_2020_03_through_2020_05,student_t_7_reduced_core_with_expectations__vs__student_t_7_reduced_core,student_t_7_reduced_core_with_expectations,student_t_7_reduced_core,inflation_expectations,add_one,True,after_employment_situation,quadrant_cross_entropy_to_exact_score_map,lower,180,-3.4673202377661424e-07,0.0,-1.0401960713298427e-06,0.0,0.6704,3.4673202377661424e-07,-0.0,1.0401960713298427e-06,0.6704,0.5756848630273945,12,2,5000,20260722,sensitivity,baseline
excluding_2020_03_through_2020_05,student_t_7_reduced_core__vs__partial_only,student_t_7_reduced_core,partial_only,non_defining_reduced_core,current_baseline_vs_partial_only,False,after_employment_situation,score_center_negative_log_predictive_density,lower,180,-0.0038777532924447983,-1.942890293094024e-16,-0.0065782184266760715,-0.0017950288480456308,1.0,0.0038777532924447983,0.0017950288480456308,0.0065782184266760715,1.0,0.0023995200959808036,12,2,5000,20260722,baseline,major_benchmark
excluding_2020_03_through_2020_05,student_t_7_reduced_core__vs__student_t_7_combined,student_t_7_reduced_core,student_t_7_combined,evidence_graph_revision,current_baseline_vs_frozen_predecessor,False,after_employment_situation,score_center_negative_log_predictive_density,lower,180,-0.0008788785009957526,0.0,-0.002683988270712944,0.00011391143474406773,0.841,0.0008788785009957526,-0.00011391143474406787,0.002683988270712944,0.841,0.3235352929414117,12,2,5000,20260722,baseline,major_benchmark
excluding_2020_03_through_2020_05,student_t_7_reduced_core__vs__transition_only,student_t_7_reduced_core,transition_only,complete_reduced_core,current_baseline_vs_transition_only,False,after_employment_situation,score_center_negative_log_predictive_density,lower,180,-0.7429677383635457,-0.8763911919520133,-0.8412928207223985,-0.6522876506840016,1.0,0.7429677383635457,0.6522876506840016,0.8412928207223985,1.0,0.0001999600079984003,12,2,5000,20260722,baseline,major_benchmark
excluding_2020_03_through_2020_05,student_t_7_reduced_core_with_expectations__vs__student_t_7_reduced_core,student_t_7_reduced_core_with_expectations,student_t_7_reduced_core,inflation_expectations,add_one,True,after_employment_situation,score_center_negative_log_predictive_density,lower,180,2.4653331607233436e-06,0.0,0.0,7.395999482170031e-06,0.0,-2.4653331607233436e-06,-7.395999482170031e-06,0.0,0.0,0.5926814637072585,12,2,5000,20260722,sensitivity,baseline
excluding_2020_03_through_2020_05,student_t_7_reduced_core__vs__partial_only,student_t_7_reduced_core,partial_only,non_defining_reduced_core,current_baseline_vs_partial_only,False,after_midmonth_defining_releases,hard_quadrant_correct,higher,180,-0.06111111111111111,0.0,-0.1,-0.022222222222222223,0.0002,-0.06111111111111111,-0.1,-0.022222222222222223,0.0002,0.0009998000399920016,12,2,5000,20260722,baseline,major_benchmark
excluding_2020_03_through_2020_05,student_t_7_reduced_core__vs__student_t_7_combined,student_t_7_reduced_core,student_t_7_combined,evidence_graph_revision,current_baseline_vs_frozen_predecessor,False,after_midmonth_defining_releases,hard_quadrant_correct,higher,180,-0.005555555555555556,0.0,-0.03888888888888889,0.022222222222222223,0.3104,-0.005555555555555556,-0.03888888888888889,0.022222222222222223,0.3104,0.7164567086582684,12,2,5000,20260722,baseline,major_benchmark
excluding_2020_03_through_2020_05,student_t_7_reduced_core__vs__transition_only,student_t_7_reduced_core,transition_only,complete_reduced_core,current_baseline_vs_transition_only,False,after_midmonth_defining_releases,hard_quadrant_correct,higher,180,0.4166666666666667,0.0,0.34444444444444444,0.4888888888888889,1.0,0.4166666666666667,0.34444444444444444,0.4888888888888889,1.0,0.0001999600079984003,12,2,5000,20260722,baseline,major_benchmark
excluding_2020_03_through_2020_05,student_t_7_reduced_core_with_expectations__vs__student_t_7_reduced_core,student_t_7_reduced_core_with_expectations,student_t_7_reduced_core,inflation_expectations,add_one,True,after_midmonth_defining_releases,hard_quadrant_correct,higher,180,0.0,0.0,0.0,0.0,0.0,0.0,0.0,0.0,0.0,1.0,12,2,5000,20260722,sensitivity,baseline
excluding_2020_03_through_2020_05,student_t_7_reduced_core__vs__partial_only,student_t_7_reduced_core,partial_only,non_defining_reduced_core,current_baseline_vs_partial_only,False,after_midmonth_defining_releases,quadrant_brier_distance_to_exact_score_map,lower,180,-0.0006002141759843357,-0.00014954621398998076,-0.002862390925973402,0.0016965925088522939,0.6942,0.0006002141759843357,-0.0016965925088522947,0.0028623909259734015,0.6942,0.6082783443311338,12,2,5000,20260722,baseline,major_benchmark
excluding_2020_03_through_2020_05,student_t_7_reduced_core__vs__student_t_7_combined,student_t_7_reduced_core,student_t_7_combined,evidence_graph_revision,current_baseline_vs_frozen_predecessor,False,after_midmonth_defining_releases,quadrant_brier_distance_to_exact_score_map,lower,180,-0.0007704416634243582,-2.3724931366405472e-05,-0.0026314151226703433,0.0011174090832487234,0.7776,0.0007704416634243582,-0.0011174090832487243,0.002631415122670343,0.7776,0.4277144571085783,12,2,5000,20260722,baseline,major_benchmark
excluding_2020_03_through_2020_05,student_t_7_reduced_core__vs__transition_only,student_t_7_reduced_core,transition_only,complete_reduced_core,current_baseline_vs_transition_only,False,after_midmonth_defining_releases,quadrant_brier_distance_to_exact_score_map,lower,180,-0.11256743658824003,-0.06202278324568504,-0.13349648798928473,-0.09288309802216005,1.0,0.11256743658824003,0.09288309802216005,0.13349648798928473,1.0,0.0001999600079984003,12,2,5000,20260722,baseline,major_benchmark
excluding_2020_03_through_2020_05,student_t_7_reduced_core_with_expectations__vs__student_t_7_reduced_core,student_t_7_reduced_core_with_expectations,student_t_7_reduced_core,inflation_expectations,add_one,True,after_midmonth_defining_releases,quadrant_brier_distance_to_exact_score_map,lower,180,-8.722791876411675e-08,0.0,-2.6168375629235026e-07,5.521071541585928e-08,0.6562,8.722791876411675e-08,-5.521071541585928e-08,2.6168375629235026e-07,0.6562,0.4387122575484903,12,2,5000,20260722,sensitivity,baseline
excluding_2020_03_through_2020_05,student_t_7_reduced_core__vs__partial_only,student_t_7_reduced_core,partial_only,non_defining_reduced_core,current_baseline_vs_partial_only,False,after_midmonth_defining_releases,quadrant_cross_entropy_to_exact_score_map,lower,180,-0.002511433562808339,-0.0004613708069785005,-0.007039026064663439,0.0027446945064493826,0.8306,0.002511433562808339,-0.0027446945064493865,0.007039026064663433,0.8306,0.3285342931413717,12,2,5000,20260722,baseline,major_benchmark
excluding_2020_03_through_2020_05,student_t_7_reduced_core__vs__student_t_7_combined,student_t_7_reduced_core,student_t_7_combined,evidence_graph_revision,current_baseline_vs_frozen_predecessor,False,after_midmonth_defining_releases,quadrant_cross_entropy_to_exact_score_map,lower,180,-0.00293366383337329,-0.00012916526272993556,-0.007122814293096918,0.0016370308856868514,0.8952,0.00293366383337329,-0.0016370308856868518,0.007122814293096917,0.8952,0.20075984803039393,12,2,5000,20260722,baseline,major_benchmark
excluding_2020_03_through_2020_05,student_t_7_reduced_core__vs__transition_only,student_t_7_reduced_core,transition_only,complete_reduced_core,current_baseline_vs_transition_only,False,after_midmonth_defining_releases,quadrant_cross_entropy_to_exact_score_map,lower,180,-0.2314475640672056,-0.13261646057032622,-0.27527506021393444,-0.1910024968648552,1.0,0.2314475640672056,0.1910024968648552,0.27527506021393444,1.0,0.0001999600079984003,12,2,5000,20260722,baseline,major_benchmark
excluding_2020_03_through_2020_05,student_t_7_reduced_core_with_expectations__vs__student_t_7_reduced_core,student_t_7_reduced_core_with_expectations,student_t_7_reduced_core,inflation_expectations,add_one,True,after_midmonth_defining_releases,quadrant_cross_entropy_to_exact_score_map,lower,180,-2.8815263437071474e-07,0.0,-8.644579031121443e-07,1.4272179368582076e-07,0.6588,2.8815263437071474e-07,-1.4272179368582076e-07,8.644579031121443e-07,0.6588,0.28774245150969807,12,2,5000,20260722,sensitivity,baseline
excluding_2020_03_through_2020_05,student_t_7_reduced_core__vs__partial_only,student_t_7_reduced_core,partial_only,non_defining_reduced_core,current_baseline_vs_partial_only,False,after_midmonth_defining_releases,score_center_negative_log_predictive_density,lower,180,-0.08869991116937316,-0.02903167661882855,-0.13536693212103743,-0.03545957359607085,0.9988,0.08869991116937316,0.03545957359607083,0.1353669321210374,0.9988,0.0013997200559888023,12,2,5000,20260722,baseline,major_benchmark
excluding_2020_03_through_2020_05,student_t_7_reduced_core__vs__student_t_7_combined,student_t_7_reduced_core,student_t_7_combined,evidence_graph_revision,current_baseline_vs_frozen_predecessor,False,after_midmonth_defining_releases,score_center_negative_log_predictive_density,lower,180,-0.03441519664640925,-0.007864213519024887,-0.10266962811241973,0.026351161911185333,0.8472,0.03441519664640925,-0.026351161911185333,0.10266962811241973,0.8472,0.3059388122375525,12,2,5000,20260722,baseline,major_benchmark
excluding_2020_03_through_2020_05,student_t_7_reduced_core__vs__transition_only,student_t_7_reduced_core,transition_only,complete_reduced_core,current_baseline_vs_transition_only,False,after_midmonth_defining_releases,score_center_negative_log_predictive_density,lower,180,-2.341395638134222,-2.240487921027469,-2.521504761103909,-2.152497388562464,1.0,2.341395638134222,2.152497388562464,2.521504761103909,1.0,0.0001999600079984003,12,2,5000,20260722,baseline,major_benchmark
excluding_2020_03_through_2020_05,student_t_7_reduced_core_with_expectations__vs__student_t_7_reduced_core,student_t_7_reduced_core_with_expectations,student_t_7_reduced_core,inflation_expectations,add_one,True,after_midmonth_defining_releases,score_center_negative_log_predictive_density,lower,180,-3.039540750558271e-06,0.0,-9.118622251674813e-06,0.0,0.6892,3.039540750558271e-06,-0.0,9.118622251674813e-06,0.6892,0.5222955408918216,12,2,5000,20260722,sensitivity,baseline
excluding_2020_03_through_2020_05,student_t_7_reduced_core__vs__partial_only,student_t_7_reduced_core,partial_only,non_defining_reduced_core,current_baseline_vs_partial_only,False,before_any_defining_release,hard_quadrant_correct,higher,180,0.016666666666666666,0.0,-0.011111111111111112,0.044444444444444446,0.8262,0.016666666666666666,-0.011111111111111112,0.044444444444444446,0.8262,0.25934813037392523,12,2,5000,20260722,baseline,major_benchmark
excluding_2020_03_through_2020_05,student_t_7_reduced_core__vs__student_t_7_combined,student_t_7_reduced_core,student_t_7_combined,evidence_graph_revision,current_baseline_vs_frozen_predecessor,False,before_any_defining_release,hard_quadrant_correct,higher,180,0.005555555555555556,0.0,0.0,0.016666666666666666,0.663,0.005555555555555556,0.0,0.016666666666666666,0.663,0.2561487702459508,12,2,5000,20260722,baseline,major_benchmark
excluding_2020_03_through_2020_05,student_t_7_reduced_core__vs__transition_only,student_t_7_reduced_core,transition_only,complete_reduced_core,current_baseline_vs_transition_only,False,before_any_defining_release,hard_quadrant_correct,higher,180,0.016666666666666666,0.0,-0.022222222222222223,0.06111111111111111,0.7514,0.016666666666666666,-0.022222222222222223,0.06111111111111111,0.7514,0.40851829634073183,12,2,5000,20260722,baseline,major_benchmark
excluding_2020_03_through_2020_05,student_t_7_reduced_core_with_expectations__vs__student_t_7_reduced_core,student_t_7_reduced_core_with_expectations,student_t_7_reduced_core,inflation_expectations,add_one,True,before_any_defining_release,hard_quadrant_correct,higher,180,0.0,0.0,0.0,0.0,0.0,0.0,0.0,0.0,0.0,1.0,12,2,5000,20260722,sensitivity,baseline
excluding_2020_03_through_2020_05,student_t_7_reduced_core__vs__partial_only,student_t_7_reduced_core,partial_only,non_defining_reduced_core,current_baseline_vs_partial_only,False,before_any_defining_release,quadrant_brier_distance_to_exact_score_map,lower,180,-7.671973841266151e-05,0.0,-0.0014753307361456693,0.000961648692305521,0.5132,7.671973841266151e-05,-0.0009616486923055212,0.0014753307361456665,0.5132,0.9088182363527294,12,2,5000,20260722,baseline,major_benchmark
excluding_2020_03_through_2020_05,student_t_7_reduced_core__vs__student_t_7_combined,student_t_7_reduced_core,student_t_7_combined,evidence_graph_revision,current_baseline_vs_frozen_predecessor,False,before_any_defining_release,quadrant_brier_distance_to_exact_score_map,lower,180,-0.00011974205718747042,0.0,-0.0003848005618724647,3.4895334360204485e-05,0.7782,0.00011974205718747042,-3.489533436020449e-05,0.00038480056187246465,0.7782,0.4189162167566487,12,2,5000,20260722,baseline,major_benchmark
excluding_2020_03_through_2020_05,student_t_7_reduced_core__vs__transition_only,student_t_7_reduced_core,transition_only,complete_reduced_core,current_baseline_vs_transition_only,False,before_any_defining_release,quadrant_brier_distance_to_exact_score_map,lower,180,0.0008493152215584579,0.0,-0.0015238659437614493,0.0032976634297830986,0.2448,-0.0008493152215584579,-0.0032976634297831003,0.0015238659437614482,0.2448,0.48830233953209357,12,2,5000,20260722,baseline,major_benchmark
excluding_2020_03_through_2020_05,student_t_7_reduced_core_with_expectations__vs__student_t_7_reduced_core,student_t_7_reduced_core_with_expectations,student_t_7_reduced_core,inflation_expectations,add_one,True,before_any_defining_release,quadrant_brier_distance_to_exact_score_map,lower,180,-1.4222740949233565e-06,0.0,-4.26682228477007e-06,0.0,0.6674,1.4222740949233565e-06,-0.0,4.26682228477007e-06,0.6674,0.26514697060587883,12,2,5000,20260722,sensitivity,baseline
excluding_2020_03_through_2020_05,student_t_7_reduced_core__vs__partial_only,student_t_7_reduced_core,partial_only,non_defining_reduced_core,current_baseline_vs_partial_only,False,before_any_defining_release,quadrant_cross_entropy_to_exact_score_map,lower,180,-0.0013055245654543092,0.0,-0.00467325368055086,0.0010918369110756285,0.7508,0.0013055245654543092,-0.0010918369110756295,0.004673253680550855,0.7508,0.4475104979004199,12,2,5000,20260722,baseline,major_benchmark
excluding_2020_03_through_2020_05,student_t_7_reduced_core__vs__student_t_7_combined,student_t_7_reduced_core,student_t_7_combined,evidence_graph_revision,current_baseline_vs_frozen_predecessor,False,before_any_defining_release,quadrant_cross_entropy_to_exact_score_map,lower,180,-0.0002441625533013494,0.0,-0.000775019989075623,6.783003401294171e-05,0.784,0.0002441625533013494,-6.783003401294175e-05,0.000775019989075623,0.784,0.40931813637272546,12,2,5000,20260722,baseline,major_benchmark
excluding_2020_03_through_2020_05,student_t_7_reduced_core__vs__transition_only,student_t_7_reduced_core,transition_only,complete_reduced_core,current_baseline_vs_transition_only,False,before_any_defining_release,quadrant_cross_entropy_to_exact_score_map,lower,180,0.00040021221559674396,0.0,-0.004769025202185076,0.005362379437496235,0.441,-0.00040021221559674396,-0.005362379437496235,0.004769025202185076,0.441,0.8822235552889423,12,2,5000,20260722,baseline,major_benchmark
excluding_2020_03_through_2020_05,student_t_7_reduced_core_with_expectations__vs__student_t_7_reduced_core,student_t_7_reduced_core_with_expectations,student_t_7_reduced_core,inflation_expectations,add_one,True,before_any_defining_release,quadrant_cross_entropy_to_exact_score_map,lower,180,-2.670520971812282e-06,0.0,-8.011562915436847e-06,0.0,0.6584,2.670520971812282e-06,-0.0,8.011562915436847e-06,0.6584,0.4423115376924615,12,2,5000,20260722,sensitivity,baseline
excluding_2020_03_through_2020_05,student_t_7_reduced_core__vs__partial_only,student_t_7_reduced_core,partial_only,non_defining_reduced_core,current_baseline_vs_partial_only,False,before_any_defining_release,score_center_negative_log_predictive_density,lower,180,-0.020301959282172304,-4.440892098500626e-16,-0.025260041939589594,-0.015920816990981745,1.0,0.020301959282172304,0.015920816990981742,0.025260041939589587,1.0,0.0001999600079984003,12,2,5000,20260722,baseline,major_benchmark
excluding_2020_03_through_2020_05,student_t_7_reduced_core__vs__student_t_7_combined,student_t_7_reduced_core,student_t_7_combined,evidence_graph_revision,current_baseline_vs_frozen_predecessor,False,before_any_defining_release,score_center_negative_log_predictive_density,lower,180,-0.0009555983697737407,0.0,-0.0029002734920381378,0.00013170251102514403,0.8282,0.0009555983697737407,-0.00013170251102514422,0.0029002734920381378,0.8282,0.3207358528294341,12,2,5000,20260722,baseline,major_benchmark
excluding_2020_03_through_2020_05,student_t_7_reduced_core__vs__transition_only,student_t_7_reduced_core,transition_only,complete_reduced_core,current_baseline_vs_transition_only,False,before_any_defining_release,score_center_negative_log_predictive_density,lower,180,-0.02101684131720682,-6.661338147750939e-16,-0.033886773480508774,-0.008743992438267444,0.9994,0.02101684131720682,0.008743992438267442,0.03388677348050877,0.9994,0.0015996800639872025,12,2,5000,20260722,baseline,major_benchmark
excluding_2020_03_through_2020_05,student_t_7_reduced_core_with_expectations__vs__student_t_7_reduced_core,student_t_7_reduced_core_with_expectations,student_t_7_reduced_core,inflation_expectations,add_one,True,before_any_defining_release,score_center_negative_log_predictive_density,lower,180,-6.013189093422177e-07,0.0,-1.803956728026653e-06,0.0,0.6762,6.013189093422177e-07,-0.0,1.803956728026653e-06,0.6762,0.26854629074185166,12,2,5000,20260722,sensitivity,baseline
excluding_2020_03_through_2020_05,student_t_7_reduced_core__vs__partial_only,student_t_7_reduced_core,partial_only,non_defining_reduced_core,current_baseline_vs_partial_only,False,strict_pre_final_score_day,hard_quadrant_correct,higher,180,-0.08888888888888889,0.0,-0.12777777777777777,-0.05,0.0,-0.08888888888888889,-0.12777777777777777,-0.05,0.0,0.0001999600079984003,12,2,5000,20260722,baseline,major_benchmark
excluding_2020_03_through_2020_05,student_t_7_reduced_core__vs__student_t_7_combined,student_t_7_reduced_core,student_t_7_combined,evidence_graph_revision,current_baseline_vs_frozen_predecessor,False,strict_pre_final_score_day,hard_quadrant_correct,higher,180,-0.022222222222222223,0.0,-0.05555555555555555,0.011111111111111112,0.085,-0.022222222222222223,-0.05555555555555555,0.011111111111111112,0.085,0.22575484903019397,12,2,5000,20260722,baseline,major_benchmark
excluding_2020_03_through_2020_05,student_t_7_reduced_core__vs__transition_only,student_t_7_reduced_core,transition_only,complete_reduced_core,current_baseline_vs_transition_only,False,strict_pre_final_score_day,hard_quadrant_correct,higher,180,0.38333333333333336,0.0,0.31666666666666665,0.45,1.0,0.38333333333333336,0.31666666666666665,0.45,1.0,0.0001999600079984003,12,2,5000,20260722,baseline,major_benchmark
excluding_2020_03_through_2020_05,student_t_7_reduced_core_with_expectations__vs__student_t_7_reduced_core,student_t_7_reduced_core_with_expectations,student_t_7_reduced_core,inflation_expectations,add_one,True,strict_pre_final_score_day,hard_quadrant_correct,higher,180,0.0,0.0,0.0,0.0,0.0,0.0,0.0,0.0,0.0,1.0,12,2,5000,20260722,sensitivity,baseline
excluding_2020_03_through_2020_05,student_t_7_reduced_core__vs__partial_only,student_t_7_reduced_core,partial_only,non_defining_reduced_core,current_baseline_vs_partial_only,False,strict_pre_final_score_day,quadrant_brier_distance_to_exact_score_map,lower,180,-0.00030028332126206744,-0.0002583857490501475,-0.0025655674332948886,0.002125791136725349,0.6034,0.00030028332126206744,-0.0021257911367253495,0.002565567433294888,0.6034,0.8038392321535693,12,2,5000,20260722,baseline,major_benchmark
excluding_2020_03_through_2020_05,student_t_7_reduced_core__vs__student_t_7_combined,student_t_7_reduced_core,student_t_7_combined,evidence_graph_revision,current_baseline_vs_frozen_predecessor,False,strict_pre_final_score_day,quadrant_brier_distance_to_exact_score_map,lower,180,-0.0012234866984423176,-9.6524197125223e-05,-0.0033119313926080274,0.0007807283035215752,0.8762,0.0012234866984423176,-0.0007807283035215762,0.0033119313926080265,0.8762,0.244751049790042,12,2,5000,20260722,baseline,major_benchmark
excluding_2020_03_through_2020_05,student_t_7_reduced_core__vs__transition_only,student_t_7_reduced_core,transition_only,complete_reduced_core,current_baseline_vs_transition_only,False,strict_pre_final_score_day,quadrant_brier_distance_to_exact_score_map,lower,180,-0.11178390011840916,-0.06077594841803067,-0.13257120763897293,-0.09231724106950565,1.0,0.11178390011840916,0.09231724106950565,0.13257120763897293,1.0,0.0001999600079984003,12,2,5000,20260722,baseline,major_benchmark
excluding_2020_03_through_2020_05,student_t_7_reduced_core_with_expectations__vs__student_t_7_reduced_core,student_t_7_reduced_core_with_expectations,student_t_7_reduced_core,inflation_expectations,add_one,True,strict_pre_final_score_day,quadrant_brier_distance_to_exact_score_map,lower,180,-4.6120502300090986e-07,0.0,-1.3836150690027295e-06,0.0,0.6962,4.6120502300090986e-07,-0.0,1.3836150690027295e-06,0.6962,0.5344931013797241,12,2,5000,20260722,sensitivity,baseline
excluding_2020_03_through_2020_05,student_t_7_reduced_core__vs__partial_only,student_t_7_reduced_core,partial_only,non_defining_reduced_core,current_baseline_vs_partial_only,False,strict_pre_final_score_day,quadrant_cross_entropy_to_exact_score_map,lower,180,-0.0023047910070668246,-0.0007272497375730991,-0.0067730677254615144,0.003048517514911239,0.8144,0.0023047910070668246,-0.0030485175149112427,0.006773067725461514,0.8144,0.3769246150769846,12,2,5000,20260722,baseline,major_benchmark
excluding_2020_03_through_2020_05,student_t_7_reduced_core__vs__student_t_7_combined,student_t_7_reduced_core,student_t_7_combined,evidence_graph_revision,current_baseline_vs_frozen_predecessor,False,strict_pre_final_score_day,quadrant_cross_entropy_to_exact_score_map,lower,180,-0.004224097119740766,-0.00024309911107717186,-0.008749760089895127,0.0005511424701847505,0.9568,0.004224097119740766,-0.0005511424701847519,0.008749760089895125,0.9568,0.07698460307938412,12,2,5000,20260722,baseline,major_benchmark
excluding_2020_03_through_2020_05,student_t_7_reduced_core__vs__transition_only,student_t_7_reduced_core,transition_only,complete_reduced_core,current_baseline_vs_transition_only,False,strict_pre_final_score_day,quadrant_cross_entropy_to_exact_score_map,lower,180,-0.23024496451408105,-0.13214128467860298,-0.2728478780171665,-0.1890022938803098,1.0,0.23024496451408105,0.18900229388030979,0.2728478780171665,1.0,0.0001999600079984003,12,2,5000,20260722,baseline,major_benchmark
excluding_2020_03_through_2020_05,student_t_7_reduced_core_with_expectations__vs__student_t_7_reduced_core,student_t_7_reduced_core_with_expectations,student_t_7_reduced_core,inflation_expectations,add_one,True,strict_pre_final_score_day,quadrant_cross_entropy_to_exact_score_map,lower,180,-1.0606610413213227e-06,0.0,-3.181983123963968e-06,0.0,0.6882,1.0606610413213227e-06,-0.0,3.181983123963968e-06,0.6882,0.3857228554289142,12,2,5000,20260722,sensitivity,baseline
excluding_2020_03_through_2020_05,student_t_7_reduced_core__vs__partial_only,student_t_7_reduced_core,partial_only,non_defining_reduced_core,current_baseline_vs_partial_only,False,strict_pre_final_score_day,score_center_negative_log_predictive_density,lower,180,-0.10267918236317991,-0.040173197667258354,-0.16275683904504076,-0.04189745903734515,1.0,0.10267918236317991,0.04189745903734515,0.16275683904504074,1.0,0.0009998000399920016,12,2,5000,20260722,baseline,major_benchmark
excluding_2020_03_through_2020_05,student_t_7_reduced_core__vs__student_t_7_combined,student_t_7_reduced_core,student_t_7_combined,evidence_graph_revision,current_baseline_vs_frozen_predecessor,False,strict_pre_final_score_day,score_center_negative_log_predictive_density,lower,180,-0.05082248546377917,-0.009442491595009928,-0.1326164404452054,0.011345075847379205,0.9364,0.05082248546377917,-0.01134507584737922,0.13261644044520532,0.9364,0.16096780643871225,12,2,5000,20260722,baseline,major_benchmark
excluding_2020_03_through_2020_05,student_t_7_reduced_core__vs__transition_only,student_t_7_reduced_core,transition_only,complete_reduced_core,current_baseline_vs_transition_only,False,strict_pre_final_score_day,score_center_negative_log_predictive_density,lower,180,-2.3535906685830863,-2.2560212387856255,-2.5346354483624642,-2.170313399031573,1.0,2.3535906685830863,2.170313399031573,2.5346354483624642,1.0,0.0001999600079984003,12,2,5000,20260722,baseline,major_benchmark
excluding_2020_03_through_2020_05,student_t_7_reduced_core_with_expectations__vs__student_t_7_reduced_core,student_t_7_reduced_core_with_expectations,student_t_7_reduced_core,inflation_expectations,add_one,True,strict_pre_final_score_day,score_center_negative_log_predictive_density,lower,180,-7.567538513130683e-06,0.0,-2.270261553939205e-05,0.0,0.6946,7.567538513130683e-06,-0.0,2.270261553939205e-05,0.6946,0.37252549490101977,12,2,5000,20260722,sensitivity,baseline
full_sample,student_t_7_reduced_core__vs__partial_only,student_t_7_reduced_core,partial_only,non_defining_reduced_core,current_baseline_vs_partial_only,False,after_employment_situation,hard_quadrant_correct,higher,183,0.01092896174863388,0.0,-0.01092896174863388,0.03825136612021858,0.711,0.01092896174863388,-0.01092896174863388,0.03825136612021858,0.711,0.4379124175164967,12,1,5000,20260722,baseline,major_benchmark
full_sample,student_t_7_reduced_core__vs__student_t_7_combined,student_t_7_reduced_core,student_t_7_combined,evidence_graph_revision,current_baseline_vs_frozen_predecessor,False,after_employment_situation,hard_quadrant_correct,higher,183,0.00546448087431694,0.0,0.0,0.01639344262295082,0.634,0.00546448087431694,0.0,0.01639344262295082,0.634,0.44931013797240554,12,1,5000,20260722,baseline,major_benchmark
full_sample,student_t_7_reduced_core__vs__transition_only,student_t_7_reduced_core,transition_only,complete_reduced_core,current_baseline_vs_transition_only,False,after_employment_situation,hard_quadrant_correct,higher,183,0.17486338797814208,0.0,0.08196721311475409,0.273224043715847,0.9998,0.17486338797814208,0.08196721311475409,0.273224043715847,0.9998,0.0003999200159968006,12,1,5000,20260722,baseline,major_benchmark
full_sample,student_t_7_reduced_core_with_expectations__vs__student_t_7_reduced_core,student_t_7_reduced_core_with_expectations,student_t_7_reduced_core,inflation_expectations,add_one,True,after_employment_situation,hard_quadrant_correct,higher,183,0.0,0.0,0.0,0.0,0.0,0.0,0.0,0.0,0.0,1.0,12,1,5000,20260722,sensitivity,baseline
full_sample,student_t_7_reduced_core__vs__partial_only,student_t_7_reduced_core,partial_only,non_defining_reduced_core,current_baseline_vs_partial_only,False,after_employment_situation,quadrant_brier_distance_to_exact_score_map,lower,183,-8.22055228999733e-05,0.0,-0.00033825416245927695,0.00012014113740969356,0.7402,8.22055228999733e-05,-0.00012014113740969366,0.0003382541624592768,0.7402,0.49610077984403117,12,1,5000,20260722,baseline,major_benchmark
full_sample,student_t_7_reduced_core__vs__student_t_7_combined,student_t_7_reduced_core,student_t_7_combined,evidence_graph_revision,current_baseline_vs_frozen_predecessor,False,after_employment_situation,quadrant_brier_distance_to_exact_score_map,lower,183,-7.752154672616562e-05,0.0,-0.000268901205936818,2.6315304366362003e-05,0.712,7.752154672616562e-05,-2.631530436636202e-05,0.0002689012059368178,0.712,0.5032993401319736,12,1,5000,20260722,baseline,major_benchmark
full_sample,student_t_7_reduced_core__vs__transition_only,student_t_7_reduced_core,transition_only,complete_reduced_core,current_baseline_vs_transition_only,False,after_employment_situation,quadrant_brier_distance_to_exact_score_map,lower,183,-0.04872982326533413,-0.01537666268533748,-0.06932857572616218,-0.03086575062206598,1.0,0.04872982326533413,0.030865750622065972,0.06932857572616218,1.0,0.0001999600079984003,12,1,5000,20260722,baseline,major_benchmark
full_sample,student_t_7_reduced_core_with_expectations__vs__student_t_7_reduced_core,student_t_7_reduced_core_with_expectations,student_t_7_reduced_core,inflation_expectations,add_one,True,after_employment_situation,quadrant_brier_distance_to_exact_score_map,lower,183,-1.8494708675108425e-07,0.0,-5.548412602532528e-07,0.0,0.639,1.8494708675108425e-07,-0.0,5.548412602532528e-07,0.639,0.6170765846830634,12,1,5000,20260722,sensitivity,baseline
full_sample,student_t_7_reduced_core__vs__partial_only,student_t_7_reduced_core,partial_only,non_defining_reduced_core,current_baseline_vs_partial_only,False,after_employment_situation,quadrant_cross_entropy_to_exact_score_map,lower,183,-0.00027122463503256335,0.0,-0.0007760532281721425,0.00015402922906025858,0.8752,0.00027122463503256335,-0.00015402922906025866,0.0007760532281721424,0.8752,0.2579484103179364,12,1,5000,20260722,baseline,major_benchmark
full_sample,student_t_7_reduced_core__vs__student_t_7_combined,student_t_7_reduced_core,student_t_7_combined,evidence_graph_revision,current_baseline_vs_frozen_predecessor,False,after_employment_situation,quadrant_cross_entropy_to_exact_score_map,lower,183,-0.0001572627324912002,0.0,-0.0005309158759600446,5.293982649693331e-05,0.7156,0.0001572627324912002,-5.293982649693332e-05,0.0005309158759600445,0.7156,0.5008998200359928,12,1,5000,20260722,baseline,major_benchmark
full_sample,student_t_7_reduced_core__vs__transition_only,student_t_7_reduced_core,transition_only,complete_reduced_core,current_baseline_vs_transition_only,False,after_employment_situation,quadrant_cross_entropy_to_exact_score_map,lower,183,-0.1017393484460751,-0.03485365026844578,-0.1440458204672823,-0.06369499651142181,1.0,0.1017393484460751,0.0636949965114218,0.14404582046728226,1.0,0.0001999600079984003,12,1,5000,20260722,baseline,major_benchmark
full_sample,student_t_7_reduced_core_with_expectations__vs__student_t_7_reduced_core,student_t_7_reduced_core_with_expectations,student_t_7_reduced_core,inflation_expectations,add_one,True,after_employment_situation,quadrant_cross_entropy_to_exact_score_map,lower,183,-3.4104789223929266e-07,0.0,-1.023143676717878e-06,0.0,0.6514,3.4104789223929266e-07,-0.0,1.023143676717878e-06,0.6514,0.26874625074985004,12,1,5000,20260722,sensitivity,baseline
full_sample,student_t_7_reduced_core__vs__partial_only,student_t_7_reduced_core,partial_only,non_defining_reduced_core,current_baseline_vs_partial_only,False,after_employment_situation,score_center_negative_log_predictive_density,lower,183,-0.05291541256399495,-2.220446049250313e-16,-0.16565213681971752,0.01116266880210873,0.9672,0.05291541256399495,-0.011162668802108746,0.16565213681971752,0.9672,0.13717256548690263,12,1,5000,20260722,baseline,major_benchmark
full_sample,student_t_7_reduced_core__vs__student_t_7_combined,student_t_7_reduced_core,student_t_7_combined,evidence_graph_revision,current_baseline_vs_frozen_predecessor,False,after_employment_situation,score_center_negative_log_predictive_density,lower,183,-0.0008483023411926101,0.0,-0.002678607336224489,0.00014580493722325647,0.7808,0.0008483023411926101,-0.0001458049372232565,0.0026786073362244887,0.7808,0.38452309538092383,12,1,5000,20260722,baseline,major_benchmark
full_sample,student_t_7_reduced_core__vs__transition_only,student_t_7_reduced_core,transition_only,complete_reduced_core,current_baseline_vs_transition_only,False,after_employment_situation,score_center_negative_log_predictive_density,lower,183,-19.312865657720643,-0.8788659312184546,-57.04041018316078,-0.1915822932897613,0.997,19.312865657720643,0.191582293289761,57.04041018316078,0.997,0.08078384323135374,12,1,5000,20260722,baseline,major_benchmark
full_sample,student_t_7_reduced_core_with_expectations__vs__student_t_7_reduced_core,student_t_7_reduced_core_with_expectations,student_t_7_reduced_core,inflation_expectations,add_one,True,after_employment_situation,score_center_negative_log_predictive_density,lower,183,2.4249178630065674e-06,0.0,0.0,7.274753589019702e-06,0.0,-2.4249178630065674e-06,-7.274753589019702e-06,0.0,0.0,0.5652869426114777,12,1,5000,20260722,sensitivity,baseline
full_sample,student_t_7_reduced_core__vs__partial_only,student_t_7_reduced_core,partial_only,non_defining_reduced_core,current_baseline_vs_partial_only,False,after_midmonth_defining_releases,hard_quadrant_correct,higher,183,-0.060109289617486336,0.0,-0.11475409836065574,-0.01639344262295082,0.002,-0.060109289617486336,-0.11475409836065574,-0.01639344262295082,0.002,0.021395720855828835,12,1,5000,20260722,baseline,major_benchmark
full_sample,student_t_7_reduced_core__vs__student_t_7_combined,student_t_7_reduced_core,student_t_7_combined,evidence_graph_revision,current_baseline_vs_frozen_predecessor,False,after_midmonth_defining_releases,hard_quadrant_correct,higher,183,-0.00546448087431694,0.0,-0.03825136612021858,0.0273224043715847,0.3046,-0.00546448087431694,-0.03825136612021858,0.0273224043715847,0.3046,0.7368526294741051,12,1,5000,20260722,baseline,major_benchmark
full_sample,student_t_7_reduced_core__vs__transition_only,student_t_7_reduced_core,transition_only,complete_reduced_core,current_baseline_vs_transition_only,False,after_midmonth_defining_releases,hard_quadrant_correct,higher,183,0.4207650273224044,0.0,0.3114754098360656,0.5355191256830601,1.0,0.4207650273224044,0.3114754098360656,0.5355191256830601,1.0,0.0001999600079984003,12,1,5000,20260722,baseline,major_benchmark
full_sample,student_t_7_reduced_core_with_expectations__vs__student_t_7_reduced_core,student_t_7_reduced_core_with_expectations,student_t_7_reduced_core,inflation_expectations,add_one,True,after_midmonth_defining_releases,hard_quadrant_correct,higher,183,0.0,0.0,0.0,0.0,0.0,0.0,0.0,0.0,0.0,1.0,12,1,5000,20260722,sensitivity,baseline
full_sample,student_t_7_reduced_core__vs__partial_only,student_t_7_reduced_core,partial_only,non_defining_reduced_core,current_baseline_vs_partial_only,False,after_midmonth_defining_releases,quadrant_brier_distance_to_exact_score_map,lower,183,-0.0005891570345741665,-0.0001341288632606668,-0.002595937147652394,0.0016841362432175563,0.7168,0.0005891570345741665,-0.0016841362432175571,0.0025959371476523933,0.7168,0.5822835432913417,12,1,5000,20260722,baseline,major_benchmark
full_sample,student_t_7_reduced_core__vs__student_t_7_combined,student_t_7_reduced_core,student_t_7_combined,evidence_graph_revision,current_baseline_vs_frozen_predecessor,False,after_midmonth_defining_releases,quadrant_brier_distance_to_exact_score_map,lower,183,-0.000757984608047172,-2.165801081430987e-05,-0.0025335473273847314,0.0010022183665003655,0.814,0.000757984608047172,-0.0010022183665003663,0.002533547327384731,0.814,0.3847230553889222,12,1,5000,20260722,baseline,major_benchmark
full_sample,student_t_7_reduced_core__vs__transition_only,student_t_7_reduced_core,transition_only,complete_reduced_core,current_baseline_vs_transition_only,False,after_midmonth_defining_releases,quadrant_brier_distance_to_exact_score_map,lower,183,-0.11823380300973511,-0.06239524248615996,-0.15495674403730852,-0.08327293214448608,1.0,0.11823380300973511,0.08327293214448608,0.15495674403730852,1.0,0.0001999600079984003,12,1,5000,20260722,baseline,major_benchmark
full_sample,student_t_7_reduced_core_with_expectations__vs__student_t_7_reduced_core,student_t_7_reduced_core_with_expectations,student_t_7_reduced_core,inflation_expectations,add_one,True,after_midmonth_defining_releases,quadrant_brier_distance_to_exact_score_map,lower,183,-8.579795288273779e-08,0.0,-3.116994803687307e-07,5.430562172051732e-08,0.6384,8.579795288273779e-08,-5.430562172051732e-08,3.116994803687307e-07,0.6384,0.47390521895620874,12,1,5000,20260722,sensitivity,baseline
full_sample,student_t_7_reduced_core__vs__partial_only,student_t_7_reduced_core,partial_only,non_defining_reduced_core,current_baseline_vs_partial_only,False,after_midmonth_defining_releases,quadrant_cross_entropy_to_exact_score_map,lower,183,-0.002462939351393785,-0.00037281328937033287,-0.006721725593045574,0.0026064637073994943,0.848,0.002462939351393785,-0.002606463707399498,0.006721725593045571,0.848,0.3011397720455909,12,1,5000,20260722,baseline,major_benchmark
full_sample,student_t_7_reduced_core__vs__student_t_7_combined,student_t_7_reduced_core,student_t_7_combined,evidence_graph_revision,current_baseline_vs_frozen_predecessor,False,after_midmonth_defining_releases,quadrant_cross_entropy_to_exact_score_map,lower,183,-0.002887738361789062,-0.0001291608847792114,-0.00769684483435436,0.001561363061310399,0.9014,0.002887738361789062,-0.0015613630613104024,0.007696844834354356,0.9014,0.20735852829434112,12,1,5000,20260722,baseline,major_benchmark
full_sample,student_t_7_reduced_core__vs__transition_only,student_t_7_reduced_core,transition_only,complete_reduced_core,current_baseline_vs_transition_only,False,after_midmonth_defining_releases,quadrant_cross_entropy_to_exact_score_map,lower,183,-0.23964884399737144,-0.1326804206247898,-0.30380438400389925,-0.17287345276567487,1.0,0.23964884399737144,0.17287345276567487,0.3038043840038992,1.0,0.0001999600079984003,12,1,5000,20260722,baseline,major_benchmark
full_sample,student_t_7_reduced_core_with_expectations__vs__student_t_7_reduced_core,student_t_7_reduced_core_with_expectations,student_t_7_reduced_core,inflation_expectations,add_one,True,after_midmonth_defining_releases,quadrant_cross_entropy_to_exact_score_map,lower,183,-2.8342882069250634e-07,0.0,-9.906685542275067e-07,1.4038209214998763e-07,0.6488,2.8342882069250634e-07,-1.4038209214998763e-07,9.906685542275067e-07,0.6488,0.4819036192761448,12,1,5000,20260722,sensitivity,baseline
full_sample,student_t_7_reduced_core__vs__partial_only,student_t_7_reduced_core,partial_only,non_defining_reduced_core,current_baseline_vs_partial_only,False,after_midmonth_defining_releases,score_center_negative_log_predictive_density,lower,183,-0.13305235516181127,-0.029118992913505393,-0.25478675425383235,-0.04364592680271239,1.0,0.13305235516181127,0.04364592680271234,0.25478675425383207,1.0,0.018196360727854428,12,1,5000,20260722,baseline,major_benchmark
full_sample,student_t_7_reduced_core__vs__student_t_7_combined,student_t_7_reduced_core,student_t_7_combined,evidence_graph_revision,current_baseline_vs_frozen_predecessor,False,after_midmonth_defining_releases,score_center_negative_log_predictive_density,lower,183,-0.04679220171309142,-0.008603262219784469,-0.11965994381634952,0.01795364380479194,0.9198,0.04679220171309142,-0.017953643804792006,0.11965994381634949,0.9198,0.17476504699060189,12,1,5000,20260722,baseline,major_benchmark
full_sample,student_t_7_reduced_core__vs__transition_only,student_t_7_reduced_core,transition_only,complete_reduced_core,current_baseline_vs_transition_only,False,after_midmonth_defining_releases,score_center_negative_log_predictive_density,lower,183,-21.21826817083923,-2.247852268874543,-60.36065554872364,-0.9270290927596728,0.9994,21.21826817083923,0.9270290927596719,60.36065554872364,0.9994,0.07258548290341932,12,1,5000,20260722,baseline,major_benchmark
full_sample,student_t_7_reduced_core_with_expectations__vs__student_t_7_reduced_core,student_t_7_reduced_core_with_expectations,student_t_7_reduced_core,inflation_expectations,add_one,True,after_midmonth_defining_releases,score_center_negative_log_predictive_density,lower,183,-2.989712213663873e-06,0.0,-8.969136640991619e-06,0.0,0.6678,2.989712213663873e-06,-0.0,8.969136640991619e-06,0.6678,0.5298940211957609,12,1,5000,20260722,sensitivity,baseline
full_sample,student_t_7_reduced_core__vs__partial_only,student_t_7_reduced_core,partial_only,non_defining_reduced_core,current_baseline_vs_partial_only,False,before_any_defining_release,hard_quadrant_correct,higher,183,0.01639344262295082,0.0,-0.01092896174863388,0.04918032786885246,0.8018,0.01639344262295082,-0.01092896174863388,0.04918032786885246,0.8018,0.3121375724855029,12,1,5000,20260722,baseline,major_benchmark
full_sample,student_t_7_reduced_core__vs__student_t_7_combined,student_t_7_reduced_core,student_t_7_combined,evidence_graph_revision,current_baseline_vs_frozen_predecessor,False,before_any_defining_release,hard_quadrant_correct,higher,183,0.00546448087431694,0.0,0.0,0.01639344262295082,0.6498,0.00546448087431694,0.0,0.01639344262295082,0.6498,0.4427114577084583,12,1,5000,20260722,baseline,major_benchmark
full_sample,student_t_7_reduced_core__vs__transition_only,student_t_7_reduced_core,transition_only,complete_reduced_core,current_baseline_vs_transition_only,False,before_any_defining_release,hard_quadrant_correct,higher,183,0.01639344262295082,0.0,-0.0273224043715847,0.060109289617486336,0.73,0.01639344262295082,-0.0273224043715847,0.060109289617486336,0.73,0.4573085382923415,12,1,5000,20260722,baseline,major_benchmark
full_sample,student_t_7_reduced_core_with_expectations__vs__student_t_7_reduced_core,student_t_7_reduced_core_with_expectations,student_t_7_reduced_core,inflation_expectations,add_one,True,before_any_defining_release,hard_quadrant_correct,higher,183,0.0,0.0,0.0,0.0,0.0,0.0,0.0,0.0,0.0,1.0,12,1,5000,20260722,sensitivity,baseline
full_sample,student_t_7_reduced_core__vs__partial_only,student_t_7_reduced_core,partial_only,non_defining_reduced_core,current_baseline_vs_partial_only,False,before_any_defining_release,quadrant_brier_distance_to_exact_score_map,lower,183,-5.0603416770799516e-05,0.0,-0.0014693760742081562,0.0010102276292539574,0.4972,5.0603416770799516e-05,-0.0010102276292539574,0.0014693760742081558,0.4972,0.9414117176564687,12,1,5000,20260722,baseline,major_benchmark
full_sample,student_t_7_reduced_core__vs__student_t_7_combined,student_t_7_reduced_core,student_t_7_combined,evidence_graph_revision,current_baseline_vs_frozen_predecessor,False,before_any_defining_release,quadrant_brier_distance_to_exact_score_map,lower,183,-0.00011777924100894572,0.0,-0.00039204166279021576,3.710829498981695e-05,0.7618,0.00011777924100894572,-3.710829498981695e-05,0.00039204166279021576,0.7618,0.4385122975404919,12,1,5000,20260722,baseline,major_benchmark
full_sample,student_t_7_reduced_core__vs__transition_only,student_t_7_reduced_core,transition_only,complete_reduced_core,current_baseline_vs_transition_only,False,before_any_defining_release,quadrant_brier_distance_to_exact_score_map,lower,183,0.0008602506422171855,0.0,-0.0016350848453454438,0.003267866712738971,0.253,-0.0008602506422171855,-0.003267866712738971,0.001635084845345443,0.253,0.49610077984403117,12,1,5000,20260722,baseline,major_benchmark
full_sample,student_t_7_reduced_core_with_expectations__vs__student_t_7_reduced_core,student_t_7_reduced_core_with_expectations,student_t_7_reduced_core,inflation_expectations,add_one,True,before_any_defining_release,quadrant_brier_distance_to_exact_score_map,lower,183,-1.3989581261541213e-06,0.0,-4.1968743784623635e-06,0.0,0.6512,1.3989581261541213e-06,-0.0,4.1968743784623635e-06,0.6512,0.610877824435113,12,1,5000,20260722,sensitivity,baseline
full_sample,student_t_7_reduced_core__vs__partial_only,student_t_7_reduced_core,partial_only,non_defining_reduced_core,current_baseline_vs_partial_only,False,before_any_defining_release,quadrant_cross_entropy_to_exact_score_map,lower,183,-0.0012598533456983781,0.0,-0.004919674460173838,0.0010497192939790158,0.7296,0.0012598533456983781,-0.0010497192939790167,0.004919674460173837,0.7296,0.48150369926014797,12,1,5000,20260722,baseline,major_benchmark
full_sample,student_t_7_reduced_core__vs__student_t_7_combined,student_t_7_reduced_core,student_t_7_combined,evidence_graph_revision,current_baseline_vs_frozen_predecessor,False,before_any_defining_release,quadrant_cross_entropy_to_exact_score_map,lower,183,-0.00024016439610876226,0.0,-0.0007828582275463747,7.224339538188597e-05,0.7642,0.00024016439610876226,-7.224339538188601e-05,0.0007828582275463747,0.7642,0.4321135772845431,12,1,5000,20260722,baseline,major_benchmark
full_sample,student_t_7_reduced_core__vs__transition_only,student_t_7_reduced_core,transition_only,complete_reduced_core,current_baseline_vs_transition_only,False,before_any_defining_release,quadrant_cross_entropy_to_exact_score_map,lower,183,0.0004179205373026565,0.0,-0.005078284949193547,0.00581800572496392,0.4282,-0.0004179205373026565,-0.005818005724963921,0.0050782849491935456,0.4282,0.8778244351129774,12,1,5000,20260722,baseline,major_benchmark
full_sample,student_t_7_reduced_core_with_expectations__vs__student_t_7_reduced_core,student_t_7_reduced_core_with_expectations,student_t_7_reduced_core,inflation_expectations,add_one,True,before_any_defining_release,quadrant_cross_entropy_to_exact_score_map,lower,183,-2.6267419394874907e-06,0.0,-7.880225818462471e-06,0.0,0.6354,2.6267419394874907e-06,-0.0,7.880225818462471e-06,0.6354,0.22835432913417317,12,1,5000,20260722,sensitivity,baseline
full_sample,student_t_7_reduced_core__vs__partial_only,student_t_7_reduced_core,partial_only,non_defining_reduced_core,current_baseline_vs_partial_only,False,before_any_defining_release,score_center_negative_log_predictive_density,lower,183,-0.06671225447767623,-4.440892098500626e-16,-0.2097274838522418,0.03346767260975761,0.9646,0.06671225447767623,-0.03346767260975767,0.20972748385224177,0.9646,0.14657068586282743,12,1,5000,20260722,baseline,major_benchmark
full_sample,student_t_7_reduced_core__vs__student_t_7_combined,student_t_7_reduced_core,student_t_7_combined,evidence_graph_revision,current_baseline_vs_frozen_predecessor,False,before_any_defining_release,score_center_negative_log_predictive_density,lower,183,-0.000914887065494343,0.0,-0.002914602325374551,0.0001595971053657767,0.7798,0.000914887065494343,-0.0001595971053657767,0.0029146023253745503,0.7798,0.4039192161567686,12,1,5000,20260722,baseline,major_benchmark
full_sample,student_t_7_reduced_core__vs__transition_only,student_t_7_reduced_core,transition_only,complete_reduced_core,current_baseline_vs_transition_only,False,before_any_defining_release,score_center_negative_log_predictive_density,lower,183,-0.06741541713508543,-8.881784197001252e-16,-0.20465280837749397,0.027123698563293164,0.9624,0.06741541713508543,-0.027123698563293594,0.20465280837749394,0.9624,0.14397120575884823,12,1,5000,20260722,baseline,major_benchmark
full_sample,student_t_7_reduced_core_with_expectations__vs__student_t_7_reduced_core,student_t_7_reduced_core_with_expectations,student_t_7_reduced_core,inflation_expectations,add_one,True,before_any_defining_release,score_center_negative_log_predictive_density,lower,183,-5.914612223038207e-07,0.0,-1.7743836669114618e-06,0.0,0.644,5.914612223038207e-07,-0.0,1.7743836669114618e-06,0.644,0.42651469706058787,12,1,5000,20260722,sensitivity,baseline
full_sample,student_t_7_reduced_core__vs__partial_only,student_t_7_reduced_core,partial_only,non_defining_reduced_core,current_baseline_vs_partial_only,False,strict_pre_final_score_day,hard_quadrant_correct,higher,183,-0.08743169398907104,0.0,-0.15846994535519127,-0.0273224043715847,0.0,-0.08743169398907104,-0.15846994535519127,-0.0273224043715847,0.0,0.007598480303939212,12,1,5000,20260722,baseline,major_benchmark
full_sample,student_t_7_reduced_core__vs__student_t_7_combined,student_t_7_reduced_core,student_t_7_combined,evidence_graph_revision,current_baseline_vs_frozen_predecessor,False,strict_pre_final_score_day,hard_quadrant_correct,higher,183,-0.02185792349726776,0.0,-0.060109289617486336,0.01639344262295082,0.1036,-0.02185792349726776,-0.060109289617486336,0.01639344262295082,0.1036,0.2731453709258148,12,1,5000,20260722,baseline,major_benchmark
full_sample,student_t_7_reduced_core__vs__transition_only,student_t_7_reduced_core,transition_only,complete_reduced_core,current_baseline_vs_transition_only,False,strict_pre_final_score_day,hard_quadrant_correct,higher,183,0.3879781420765027,0.0,0.2677595628415301,0.5027322404371585,1.0,0.3879781420765027,0.2677595628415301,0.5027322404371585,1.0,0.0001999600079984003,12,1,5000,20260722,baseline,major_benchmark
full_sample,student_t_7_reduced_core_with_expectations__vs__student_t_7_reduced_core,student_t_7_reduced_core_with_expectations,student_t_7_reduced_core,inflation_expectations,add_one,True,strict_pre_final_score_day,hard_quadrant_correct,higher,183,0.0,0.0,0.0,0.0,0.0,0.0,0.0,0.0,0.0,1.0,12,1,5000,20260722,sensitivity,baseline
full_sample,student_t_7_reduced_core__vs__partial_only,student_t_7_reduced_core,partial_only,non_defining_reduced_core,current_baseline_vs_partial_only,False,strict_pre_final_score_day,quadrant_brier_distance_to_exact_score_map,lower,183,-0.0002942391474415968,-0.00019293976595337984,-0.0025638893281311995,0.002407465960267176,0.6118,0.0002942391474415968,-0.0024074659602671767,0.0025638893281311995,0.6118,0.8166366726654669,12,1,5000,20260722,baseline,major_benchmark
full_sample,student_t_7_reduced_core__vs__student_t_7_combined,student_t_7_reduced_core,student_t_7_combined,evidence_graph_revision,current_baseline_vs_frozen_predecessor,False,strict_pre_final_score_day,quadrant_brier_distance_to_exact_score_map,lower,183,-0.0012033923821668678,-7.903040550492077e-05,-0.003304707307816634,0.0006592425870983546,0.8904,0.0012033923821668678,-0.0006592425870983546,0.0033047073078166325,0.8904,0.23315336932613479,12,1,5000,20260722,baseline,major_benchmark
full_sample,student_t_7_reduced_core__vs__transition_only,student_t_7_reduced_core,transition_only,complete_reduced_core,current_baseline_vs_transition_only,False,strict_pre_final_score_day,quadrant_brier_distance_to_exact_score_map,lower,183,-0.11746320746839735,-0.061675231321693905,-0.15467909441342886,-0.08216856876219805,1.0,0.11746320746839735,0.08216856876219805,0.15467909441342886,1.0,0.0001999600079984003,12,1,5000,20260722,baseline,major_benchmark
full_sample,student_t_7_reduced_core_with_expectations__vs__student_t_7_reduced_core,student_t_7_reduced_core_with_expectations,student_t_7_reduced_core,inflation_expectations,add_one,True,strict_pre_final_score_day,quadrant_brier_distance_to_exact_score_map,lower,183,-4.5364428491892773e-07,0.0,-1.3609328547567832e-06,0.0,0.671,4.5364428491892773e-07,-0.0,1.3609328547567832e-06,0.671,0.41271745650869823,12,1,5000,20260722,sensitivity,baseline
full_sample,student_t_7_reduced_core__vs__partial_only,student_t_7_reduced_core,partial_only,non_defining_reduced_core,current_baseline_vs_partial_only,False,strict_pre_final_score_day,quadrant_cross_entropy_to_exact_score_map,lower,183,-0.0022552079311074667,-0.0006665766484291735,-0.006741210008337462,0.003125009709188748,0.8212,0.0022552079311074667,-0.00312500970918875,0.006741210008337457,0.8212,0.36052789442111577,12,1,5000,20260722,baseline,major_benchmark
full_sample,student_t_7_reduced_core__vs__student_t_7_combined,student_t_7_reduced_core,student_t_7_combined,evidence_graph_revision,current_baseline_vs_frozen_predecessor,False,strict_pre_final_score_day,quadrant_cross_entropy_to_exact_score_map,lower,183,-0.004160271418364057,-0.00023793583344344782,-0.0093697775876401,0.0004927554447670065,0.9554,0.004160271418364057,-0.0004927554447670095,0.0093697775876401,0.9554,0.09778044391121776,12,1,5000,20260722,baseline,major_benchmark
full_sample,student_t_7_reduced_core__vs__transition_only,student_t_7_reduced_core,transition_only,complete_reduced_core,current_baseline_vs_transition_only,False,strict_pre_final_score_day,quadrant_cross_entropy_to_exact_score_map,lower,183,-0.2384614827435936,-0.1326804206247898,-0.3094832902093568,-0.17119646303576783,1.0,0.2384614827435936,0.17119646303576777,0.3094832902093568,1.0,0.0001999600079984003,12,1,5000,20260722,baseline,major_benchmark
full_sample,student_t_7_reduced_core_with_expectations__vs__student_t_7_reduced_core,student_t_7_reduced_core_with_expectations,student_t_7_reduced_core,inflation_expectations,add_one,True,strict_pre_final_score_day,quadrant_cross_entropy_to_exact_score_map,lower,183,-1.0432731553980222e-06,0.0,-3.129819466194067e-06,0.0,0.6752,1.0432731553980222e-06,-0.0,3.129819466194067e-06,0.6752,0.20975804839032194,12,1,5000,20260722,sensitivity,baseline
full_sample,student_t_7_reduced_core__vs__partial_only,student_t_7_reduced_core,partial_only,non_defining_reduced_core,current_baseline_vs_partial_only,False,strict_pre_final_score_day,score_center_negative_log_predictive_density,lower,183,-0.17048319368045856,-0.041093933936402705,-0.3211962468386409,-0.05927659282460205,1.0,0.17048319368045856,0.059276592824602035,0.32119624683864084,1.0,0.015396920615876825,12,1,5000,20260722,baseline,major_benchmark
full_sample,student_t_7_reduced_core__vs__student_t_7_combined,student_t_7_reduced_core,student_t_7_combined,evidence_graph_revision,current_baseline_vs_frozen_predecessor,False,strict_pre_final_score_day,score_center_negative_log_predictive_density,lower,183,-0.05603409882159755,-0.009654035748763778,-0.14147200056060363,0.006365085438445784,0.9556,0.05603409882159755,-0.006365085438445823,0.14147200056060363,0.9556,0.1247750449910018,12,1,5000,20260722,baseline,major_benchmark
full_sample,student_t_7_reduced_core__vs__transition_only,student_t_7_reduced_core,transition_only,complete_reduced_core,current_baseline_vs_transition_only,False,strict_pre_final_score_day,score_center_negative_log_predictive_density,lower,183,-21.253944018461215,-2.261545935379086,-60.39087684413254,-0.9507653811252501,0.9986,21.253944018461215,0.9507653811252499,60.390876844132535,0.9986,0.07738452309538092,12,1,5000,20260722,baseline,major_benchmark
full_sample,student_t_7_reduced_core_with_expectations__vs__student_t_7_reduced_core,student_t_7_reduced_core_with_expectations,student_t_7_reduced_core,inflation_expectations,add_one,True,strict_pre_final_score_day,score_center_negative_log_predictive_density,lower,183,-7.4434805047187045e-06,0.0,-2.2330441514156115e-05,0.0,0.6694,7.4434805047187045e-06,-0.0,2.2330441514156115e-05,0.6694,0.23115376924615078,12,1,5000,20260722,sensitivity,baseline
