checkpoint_id,filter_variant,as_of_date,checkpoint_type,regime_0,regime_1,regime_2,regime_3,probability,sobol_samples,maximum_marginal_probability_error
m02:003573,evidence_filter,2026-07-20,latest,growth_up_inflation_up,growth_up_inflation_up,growth_up_inflation_up,growth_up_inflation_up,0.0120849609375,16384,0.001393725632879178
m02:003573,evidence_filter,2026-07-20,latest,growth_up_inflation_up,growth_up_inflation_up,growth_up_inflation_up,growth_down_inflation_up,0.01470947265625,16384,0.001393725632879178
m02:003573,evidence_filter,2026-07-20,latest,growth_up_inflation_up,growth_up_inflation_up,growth_up_inflation_up,growth_up_inflation_down,0.00946044921875,16384,0.001393725632879178
m02:003573,evidence_filter,2026-07-20,latest,growth_up_inflation_up,growth_up_inflation_up,growth_up_inflation_up,growth_down_inflation_down,0.0050048828125,16384,0.001393725632879178
m02:003573,evidence_filter,2026-07-20,latest,growth_up_inflation_up,growth_up_inflation_up,growth_down_inflation_up,growth_up_inflation_up,0.0186767578125,16384,0.001393725632879178
m02:003573,evidence_filter,2026-07-20,latest,growth_up_inflation_up,growth_up_inflation_up,growth_down_inflation_up,growth_down_inflation_up,0.025146484375,16384,0.001393725632879178
m02:003573,evidence_filter,2026-07-20,latest,growth_up_inflation_up,growth_up_inflation_up,growth_down_inflation_up,growth_up_inflation_down,0.01458740234375,16384,0.001393725632879178
m02:003573,evidence_filter,2026-07-20,latest,growth_up_inflation_up,growth_up_inflation_up,growth_down_inflation_up,growth_down_inflation_down,0.01019287109375,16384,0.001393725632879178
m02:003573,evidence_filter,2026-07-20,latest,growth_up_inflation_up,growth_up_inflation_up,growth_up_inflation_down,growth_up_inflation_up,0.00567626953125,16384,0.001393725632879178
m02:003573,evidence_filter,2026-07-20,latest,growth_up_inflation_up,growth_up_inflation_up,growth_up_inflation_down,growth_down_inflation_up,0.00860595703125,16384,0.001393725632879178
m02:003573,evidence_filter,2026-07-20,latest,growth_up_inflation_up,growth_up_inflation_up,growth_up_inflation_down,growth_up_inflation_down,0.00762939453125,16384,0.001393725632879178
m02:003573,evidence_filter,2026-07-20,latest,growth_up_inflation_up,growth_up_inflation_up,growth_up_inflation_down,growth_down_inflation_down,0.00579833984375,16384,0.001393725632879178
m02:003573,evidence_filter,2026-07-20,latest,growth_up_inflation_up,growth_up_inflation_up,growth_down_inflation_down,growth_up_inflation_up,0.006103515625,16384,0.001393725632879178
m02:003573,evidence_filter,2026-07-20,latest,growth_up_inflation_up,growth_up_inflation_up,growth_down_inflation_down,growth_down_inflation_up,0.01031494140625,16384,0.001393725632879178
m02:003573,evidence_filter,2026-07-20,latest,growth_up_inflation_up,growth_up_inflation_up,growth_down_inflation_down,growth_up_inflation_down,0.00909423828125,16384,0.001393725632879178
m02:003573,evidence_filter,2026-07-20,latest,growth_up_inflation_up,growth_up_inflation_up,growth_down_inflation_down,growth_down_inflation_down,0.00799560546875,16384,0.001393725632879178
m02:003573,evidence_filter,2026-07-20,latest,growth_up_inflation_up,growth_down_inflation_up,growth_up_inflation_up,growth_up_inflation_up,0.01171875,16384,0.001393725632879178
m02:003573,evidence_filter,2026-07-20,latest,growth_up_inflation_up,growth_down_inflation_up,growth_up_inflation_up,growth_down_inflation_up,0.01397705078125,16384,0.001393725632879178
m02:003573,evidence_filter,2026-07-20,latest,growth_up_inflation_up,growth_down_inflation_up,growth_up_inflation_up,growth_up_inflation_down,0.00872802734375,16384,0.001393725632879178
m02:003573,evidence_filter,2026-07-20,latest,growth_up_inflation_up,growth_down_inflation_up,growth_up_inflation_up,growth_down_inflation_down,0.00482177734375,16384,0.001393725632879178
m02:003573,evidence_filter,2026-07-20,latest,growth_up_inflation_up,growth_down_inflation_up,growth_down_inflation_up,growth_up_inflation_up,0.01727294921875,16384,0.001393725632879178
m02:003573,evidence_filter,2026-07-20,latest,growth_up_inflation_up,growth_down_inflation_up,growth_down_inflation_up,growth_down_inflation_up,0.024169921875,16384,0.001393725632879178
m02:003573,evidence_filter,2026-07-20,latest,growth_up_inflation_up,growth_down_inflation_up,growth_down_inflation_up,growth_up_inflation_down,0.01434326171875,16384,0.001393725632879178
m02:003573,evidence_filter,2026-07-20,latest,growth_up_inflation_up,growth_down_inflation_up,growth_down_inflation_up,growth_down_inflation_down,0.010009765625,16384,0.001393725632879178
m02:003573,evidence_filter,2026-07-20,latest,growth_up_inflation_up,growth_down_inflation_up,growth_up_inflation_down,growth_up_inflation_up,0.005615234375,16384,0.001393725632879178
m02:003573,evidence_filter,2026-07-20,latest,growth_up_inflation_up,growth_down_inflation_up,growth_up_inflation_down,growth_down_inflation_up,0.00836181640625,16384,0.001393725632879178
m02:003573,evidence_filter,2026-07-20,latest,growth_up_inflation_up,growth_down_inflation_up,growth_up_inflation_down,growth_up_inflation_down,0.00775146484375,16384,0.001393725632879178
m02:003573,evidence_filter,2026-07-20,latest,growth_up_inflation_up,growth_down_inflation_up,growth_up_inflation_down,growth_down_inflation_down,0.005859375,16384,0.001393725632879178
m02:003573,evidence_filter,2026-07-20,latest,growth_up_inflation_up,growth_down_inflation_up,growth_down_inflation_down,growth_up_inflation_up,0.00665283203125,16384,0.001393725632879178
m02:003573,evidence_filter,2026-07-20,latest,growth_up_inflation_up,growth_down_inflation_up,growth_down_inflation_down,growth_down_inflation_up,0.01031494140625,16384,0.001393725632879178
m02:003573,evidence_filter,2026-07-20,latest,growth_up_inflation_up,growth_down_inflation_up,growth_down_inflation_down,growth_up_inflation_down,0.0087890625,16384,0.001393725632879178
m02:003573,evidence_filter,2026-07-20,latest,growth_up_inflation_up,growth_down_inflation_up,growth_down_inflation_down,growth_down_inflation_down,0.0074462890625,16384,0.001393725632879178
m02:003573,evidence_filter,2026-07-20,latest,growth_up_inflation_up,growth_up_inflation_down,growth_up_inflation_up,growth_up_inflation_up,0.0048828125,16384,0.001393725632879178
m02:003573,evidence_filter,2026-07-20,latest,growth_up_inflation_up,growth_up_inflation_down,growth_up_inflation_up,growth_down_inflation_up,0.0057373046875,16384,0.001393725632879178
m02:003573,evidence_filter,2026-07-20,latest,growth_up_inflation_up,growth_up_inflation_down,growth_up_inflation_up,growth_up_inflation_down,0.00311279296875,16384,0.001393725632879178
m02:003573,evidence_filter,2026-07-20,latest,growth_up_inflation_up,growth_up_inflation_down,growth_up_inflation_up,growth_down_inflation_down,0.002197265625,16384,0.001393725632879178
m02:003573,evidence_filter,2026-07-20,latest,growth_up_inflation_up,growth_up_inflation_down,growth_down_inflation_up,growth_up_inflation_up,0.00689697265625,16384,0.001393725632879178
m02:003573,evidence_filter,2026-07-20,latest,growth_up_inflation_up,growth_up_inflation_down,growth_down_inflation_up,growth_down_inflation_up,0.009033203125,16384,0.001393725632879178
m02:003573,evidence_filter,2026-07-20,latest,growth_up_inflation_up,growth_up_inflation_down,growth_down_inflation_up,growth_up_inflation_down,0.005615234375,16384,0.001393725632879178
m02:003573,evidence_filter,2026-07-20,latest,growth_up_inflation_up,growth_up_inflation_down,growth_down_inflation_up,growth_down_inflation_down,0.00390625,16384,0.001393725632879178
m02:003573,evidence_filter,2026-07-20,latest,growth_up_inflation_up,growth_up_inflation_down,growth_up_inflation_down,growth_up_inflation_up,0.00274658203125,16384,0.001393725632879178
m02:003573,evidence_filter,2026-07-20,latest,growth_up_inflation_up,growth_up_inflation_down,growth_up_inflation_down,growth_down_inflation_up,0.003173828125,16384,0.001393725632879178
m02:003573,evidence_filter,2026-07-20,latest,growth_up_inflation_up,growth_up_inflation_down,growth_up_inflation_down,growth_up_inflation_down,0.00299072265625,16384,0.001393725632879178
m02:003573,evidence_filter,2026-07-20,latest,growth_up_inflation_up,growth_up_inflation_down,growth_up_inflation_down,growth_down_inflation_down,0.00244140625,16384,0.001393725632879178
m02:003573,evidence_filter,2026-07-20,latest,growth_up_inflation_up,growth_up_inflation_down,growth_down_inflation_down,growth_up_inflation_up,0.00201416015625,16384,0.001393725632879178
m02:003573,evidence_filter,2026-07-20,latest,growth_up_inflation_up,growth_up_inflation_down,growth_down_inflation_down,growth_down_inflation_up,0.004638671875,16384,0.001393725632879178
m02:003573,evidence_filter,2026-07-20,latest,growth_up_inflation_up,growth_up_inflation_down,growth_down_inflation_down,growth_up_inflation_down,0.00384521484375,16384,0.001393725632879178
m02:003573,evidence_filter,2026-07-20,latest,growth_up_inflation_up,growth_up_inflation_down,growth_down_inflation_down,growth_down_inflation_down,0.002685546875,16384,0.001393725632879178
m02:003573,evidence_filter,2026-07-20,latest,growth_up_inflation_up,growth_down_inflation_down,growth_up_inflation_up,growth_up_inflation_up,0.00469970703125,16384,0.001393725632879178
m02:003573,evidence_filter,2026-07-20,latest,growth_up_inflation_up,growth_down_inflation_down,growth_up_inflation_up,growth_down_inflation_up,0.005859375,16384,0.001393725632879178
m02:003573,evidence_filter,2026-07-20,latest,growth_up_inflation_up,growth_down_inflation_down,growth_up_inflation_up,growth_up_inflation_down,0.00347900390625,16384,0.001393725632879178
m02:003573,evidence_filter,2026-07-20,latest,growth_up_inflation_up,growth_down_inflation_down,growth_up_inflation_up,growth_down_inflation_down,0.0023193359375,16384,0.001393725632879178
m02:003573,evidence_filter,2026-07-20,latest,growth_up_inflation_up,growth_down_inflation_down,growth_down_inflation_up,growth_up_inflation_up,0.0068359375,16384,0.001393725632879178
m02:003573,evidence_filter,2026-07-20,latest,growth_up_inflation_up,growth_down_inflation_down,growth_down_inflation_up,growth_down_inflation_up,0.0087890625,16384,0.001393725632879178
m02:003573,evidence_filter,2026-07-20,latest,growth_up_inflation_up,growth_down_inflation_down,growth_down_inflation_up,growth_up_inflation_down,0.00537109375,16384,0.001393725632879178
m02:003573,evidence_filter,2026-07-20,latest,growth_up_inflation_up,growth_down_inflation_down,growth_down_inflation_up,growth_down_inflation_down,0.00396728515625,16384,0.001393725632879178
m02:003573,evidence_filter,2026-07-20,latest,growth_up_inflation_up,growth_down_inflation_down,growth_up_inflation_down,growth_up_inflation_up,0.0020751953125,16384,0.001393725632879178
m02:003573,evidence_filter,2026-07-20,latest,growth_up_inflation_up,growth_down_inflation_down,growth_up_inflation_down,growth_down_inflation_up,0.0025634765625,16384,0.001393725632879178
m02:003573,evidence_filter,2026-07-20,latest,growth_up_inflation_up,growth_down_inflation_down,growth_up_inflation_down,growth_up_inflation_down,0.002685546875,16384,0.001393725632879178
m02:003573,evidence_filter,2026-07-20,latest,growth_up_inflation_up,growth_down_inflation_down,growth_up_inflation_down,growth_down_inflation_down,0.002197265625,16384,0.001393725632879178
m02:003573,evidence_filter,2026-07-20,latest,growth_up_inflation_up,growth_down_inflation_down,growth_down_inflation_down,growth_up_inflation_up,0.00213623046875,16384,0.001393725632879178
m02:003573,evidence_filter,2026-07-20,latest,growth_up_inflation_up,growth_down_inflation_down,growth_down_inflation_down,growth_down_inflation_up,0.00390625,16384,0.001393725632879178
m02:003573,evidence_filter,2026-07-20,latest,growth_up_inflation_up,growth_down_inflation_down,growth_down_inflation_down,growth_up_inflation_down,0.00360107421875,16384,0.001393725632879178
m02:003573,evidence_filter,2026-07-20,latest,growth_up_inflation_up,growth_down_inflation_down,growth_down_inflation_down,growth_down_inflation_down,0.00274658203125,16384,0.001393725632879178
m02:003573,evidence_filter,2026-07-20,latest,growth_down_inflation_up,growth_up_inflation_up,growth_up_inflation_up,growth_up_inflation_up,0.01092529296875,16384,0.001393725632879178
m02:003573,evidence_filter,2026-07-20,latest,growth_down_inflation_up,growth_up_inflation_up,growth_up_inflation_up,growth_down_inflation_up,0.01202392578125,16384,0.001393725632879178
m02:003573,evidence_filter,2026-07-20,latest,growth_down_inflation_up,growth_up_inflation_up,growth_up_inflation_up,growth_up_inflation_down,0.00799560546875,16384,0.001393725632879178
m02:003573,evidence_filter,2026-07-20,latest,growth_down_inflation_up,growth_up_inflation_up,growth_up_inflation_up,growth_down_inflation_down,0.00494384765625,16384,0.001393725632879178
m02:003573,evidence_filter,2026-07-20,latest,growth_down_inflation_up,growth_up_inflation_up,growth_down_inflation_up,growth_up_inflation_up,0.015869140625,16384,0.001393725632879178
m02:003573,evidence_filter,2026-07-20,latest,growth_down_inflation_up,growth_up_inflation_up,growth_down_inflation_up,growth_down_inflation_up,0.020263671875,16384,0.001393725632879178
m02:003573,evidence_filter,2026-07-20,latest,growth_down_inflation_up,growth_up_inflation_up,growth_down_inflation_up,growth_up_inflation_down,0.0130615234375,16384,0.001393725632879178
m02:003573,evidence_filter,2026-07-20,latest,growth_down_inflation_up,growth_up_inflation_up,growth_down_inflation_up,growth_down_inflation_down,0.0084228515625,16384,0.001393725632879178
m02:003573,evidence_filter,2026-07-20,latest,growth_down_inflation_up,growth_up_inflation_up,growth_up_inflation_down,growth_up_inflation_up,0.00482177734375,16384,0.001393725632879178
m02:003573,evidence_filter,2026-07-20,latest,growth_down_inflation_up,growth_up_inflation_up,growth_up_inflation_down,growth_down_inflation_up,0.00750732421875,16384,0.001393725632879178
m02:003573,evidence_filter,2026-07-20,latest,growth_down_inflation_up,growth_up_inflation_up,growth_up_inflation_down,growth_up_inflation_down,0.00653076171875,16384,0.001393725632879178
m02:003573,evidence_filter,2026-07-20,latest,growth_down_inflation_up,growth_up_inflation_up,growth_up_inflation_down,growth_down_inflation_down,0.0050048828125,16384,0.001393725632879178
m02:003573,evidence_filter,2026-07-20,latest,growth_down_inflation_up,growth_up_inflation_up,growth_down_inflation_down,growth_up_inflation_up,0.00579833984375,16384,0.001393725632879178
m02:003573,evidence_filter,2026-07-20,latest,growth_down_inflation_up,growth_up_inflation_up,growth_down_inflation_down,growth_down_inflation_up,0.009765625,16384,0.001393725632879178
m02:003573,evidence_filter,2026-07-20,latest,growth_down_inflation_up,growth_up_inflation_up,growth_down_inflation_down,growth_up_inflation_down,0.0069580078125,16384,0.001393725632879178
m02:003573,evidence_filter,2026-07-20,latest,growth_down_inflation_up,growth_up_inflation_up,growth_down_inflation_down,growth_down_inflation_down,0.00726318359375,16384,0.001393725632879178
m02:003573,evidence_filter,2026-07-20,latest,growth_down_inflation_up,growth_down_inflation_up,growth_up_inflation_up,growth_up_inflation_up,0.00994873046875,16384,0.001393725632879178
m02:003573,evidence_filter,2026-07-20,latest,growth_down_inflation_up,growth_down_inflation_up,growth_up_inflation_up,growth_down_inflation_up,0.01226806640625,16384,0.001393725632879178
m02:003573,evidence_filter,2026-07-20,latest,growth_down_inflation_up,growth_down_inflation_up,growth_up_inflation_up,growth_up_inflation_down,0.007568359375,16384,0.001393725632879178
m02:003573,evidence_filter,2026-07-20,latest,growth_down_inflation_up,growth_down_inflation_up,growth_up_inflation_up,growth_down_inflation_down,0.0045166015625,16384,0.001393725632879178
m02:003573,evidence_filter,2026-07-20,latest,growth_down_inflation_up,growth_down_inflation_up,growth_down_inflation_up,growth_up_inflation_up,0.015625,16384,0.001393725632879178
m02:003573,evidence_filter,2026-07-20,latest,growth_down_inflation_up,growth_down_inflation_up,growth_down_inflation_up,growth_down_inflation_up,0.02032470703125,16384,0.001393725632879178
m02:003573,evidence_filter,2026-07-20,latest,growth_down_inflation_up,growth_down_inflation_up,growth_down_inflation_up,growth_up_inflation_down,0.01153564453125,16384,0.001393725632879178
m02:003573,evidence_filter,2026-07-20,latest,growth_down_inflation_up,growth_down_inflation_up,growth_down_inflation_up,growth_down_inflation_down,0.0087890625,16384,0.001393725632879178
m02:003573,evidence_filter,2026-07-20,latest,growth_down_inflation_up,growth_down_inflation_up,growth_up_inflation_down,growth_up_inflation_up,0.0048828125,16384,0.001393725632879178
m02:003573,evidence_filter,2026-07-20,latest,growth_down_inflation_up,growth_down_inflation_up,growth_up_inflation_down,growth_down_inflation_up,0.0076904296875,16384,0.001393725632879178
m02:003573,evidence_filter,2026-07-20,latest,growth_down_inflation_up,growth_down_inflation_up,growth_up_inflation_down,growth_up_inflation_down,0.00665283203125,16384,0.001393725632879178
m02:003573,evidence_filter,2026-07-20,latest,growth_down_inflation_up,growth_down_inflation_up,growth_up_inflation_down,growth_down_inflation_down,0.0050048828125,16384,0.001393725632879178
m02:003573,evidence_filter,2026-07-20,latest,growth_down_inflation_up,growth_down_inflation_up,growth_down_inflation_down,growth_up_inflation_up,0.00604248046875,16384,0.001393725632879178
m02:003573,evidence_filter,2026-07-20,latest,growth_down_inflation_up,growth_down_inflation_up,growth_down_inflation_down,growth_down_inflation_up,0.00823974609375,16384,0.001393725632879178
m02:003573,evidence_filter,2026-07-20,latest,growth_down_inflation_up,growth_down_inflation_up,growth_down_inflation_down,growth_up_inflation_down,0.00714111328125,16384,0.001393725632879178
m02:003573,evidence_filter,2026-07-20,latest,growth_down_inflation_up,growth_down_inflation_up,growth_down_inflation_down,growth_down_inflation_down,0.00634765625,16384,0.001393725632879178
m02:003573,evidence_filter,2026-07-20,latest,growth_down_inflation_up,growth_up_inflation_down,growth_up_inflation_up,growth_up_inflation_up,0.004150390625,16384,0.001393725632879178
m02:003573,evidence_filter,2026-07-20,latest,growth_down_inflation_up,growth_up_inflation_down,growth_up_inflation_up,growth_down_inflation_up,0.00439453125,16384,0.001393725632879178
m02:003573,evidence_filter,2026-07-20,latest,growth_down_inflation_up,growth_up_inflation_down,growth_up_inflation_up,growth_up_inflation_down,0.002685546875,16384,0.001393725632879178
m02:003573,evidence_filter,2026-07-20,latest,growth_down_inflation_up,growth_up_inflation_down,growth_up_inflation_up,growth_down_inflation_down,0.0020751953125,16384,0.001393725632879178
m02:003573,evidence_filter,2026-07-20,latest,growth_down_inflation_up,growth_up_inflation_down,growth_down_inflation_up,growth_up_inflation_up,0.005859375,16384,0.001393725632879178
m02:003573,evidence_filter,2026-07-20,latest,growth_down_inflation_up,growth_up_inflation_down,growth_down_inflation_up,growth_down_inflation_up,0.00799560546875,16384,0.001393725632879178
m02:003573,evidence_filter,2026-07-20,latest,growth_down_inflation_up,growth_up_inflation_down,growth_down_inflation_up,growth_up_inflation_down,0.005126953125,16384,0.001393725632879178
m02:003573,evidence_filter,2026-07-20,latest,growth_down_inflation_up,growth_up_inflation_down,growth_down_inflation_up,growth_down_inflation_down,0.0030517578125,16384,0.001393725632879178
m02:003573,evidence_filter,2026-07-20,latest,growth_down_inflation_up,growth_up_inflation_down,growth_up_inflation_down,growth_up_inflation_up,0.0020751953125,16384,0.001393725632879178
m02:003573,evidence_filter,2026-07-20,latest,growth_down_inflation_up,growth_up_inflation_down,growth_up_inflation_down,growth_down_inflation_up,0.00262451171875,16384,0.001393725632879178
m02:003573,evidence_filter,2026-07-20,latest,growth_down_inflation_up,growth_up_inflation_down,growth_up_inflation_down,growth_up_inflation_down,0.00262451171875,16384,0.001393725632879178
m02:003573,evidence_filter,2026-07-20,latest,growth_down_inflation_up,growth_up_inflation_down,growth_up_inflation_down,growth_down_inflation_down,0.002197265625,16384,0.001393725632879178
m02:003573,evidence_filter,2026-07-20,latest,growth_down_inflation_up,growth_up_inflation_down,growth_down_inflation_down,growth_up_inflation_up,0.00225830078125,16384,0.001393725632879178
m02:003573,evidence_filter,2026-07-20,latest,growth_down_inflation_up,growth_up_inflation_down,growth_down_inflation_down,growth_down_inflation_up,0.00384521484375,16384,0.001393725632879178
m02:003573,evidence_filter,2026-07-20,latest,growth_down_inflation_up,growth_up_inflation_down,growth_down_inflation_down,growth_up_inflation_down,0.003173828125,16384,0.001393725632879178
m02:003573,evidence_filter,2026-07-20,latest,growth_down_inflation_up,growth_up_inflation_down,growth_down_inflation_down,growth_down_inflation_down,0.00250244140625,16384,0.001393725632879178
m02:003573,evidence_filter,2026-07-20,latest,growth_down_inflation_up,growth_down_inflation_down,growth_up_inflation_up,growth_up_inflation_up,0.00360107421875,16384,0.001393725632879178
m02:003573,evidence_filter,2026-07-20,latest,growth_down_inflation_up,growth_down_inflation_down,growth_up_inflation_up,growth_down_inflation_up,0.00445556640625,16384,0.001393725632879178
m02:003573,evidence_filter,2026-07-20,latest,growth_down_inflation_up,growth_down_inflation_down,growth_up_inflation_up,growth_up_inflation_down,0.00299072265625,16384,0.001393725632879178
m02:003573,evidence_filter,2026-07-20,latest,growth_down_inflation_up,growth_down_inflation_down,growth_up_inflation_up,growth_down_inflation_down,0.0018310546875,16384,0.001393725632879178
m02:003573,evidence_filter,2026-07-20,latest,growth_down_inflation_up,growth_down_inflation_down,growth_down_inflation_up,growth_up_inflation_up,0.00634765625,16384,0.001393725632879178
m02:003573,evidence_filter,2026-07-20,latest,growth_down_inflation_up,growth_down_inflation_down,growth_down_inflation_up,growth_down_inflation_up,0.00830078125,16384,0.001393725632879178
m02:003573,evidence_filter,2026-07-20,latest,growth_down_inflation_up,growth_down_inflation_down,growth_down_inflation_up,growth_up_inflation_down,0.00457763671875,16384,0.001393725632879178
m02:003573,evidence_filter,2026-07-20,latest,growth_down_inflation_up,growth_down_inflation_down,growth_down_inflation_up,growth_down_inflation_down,0.0032958984375,16384,0.001393725632879178
m02:003573,evidence_filter,2026-07-20,latest,growth_down_inflation_up,growth_down_inflation_down,growth_up_inflation_down,growth_up_inflation_up,0.001953125,16384,0.001393725632879178
m02:003573,evidence_filter,2026-07-20,latest,growth_down_inflation_up,growth_down_inflation_down,growth_up_inflation_down,growth_down_inflation_up,0.00244140625,16384,0.001393725632879178
m02:003573,evidence_filter,2026-07-20,latest,growth_down_inflation_up,growth_down_inflation_down,growth_up_inflation_down,growth_up_inflation_down,0.00225830078125,16384,0.001393725632879178
m02:003573,evidence_filter,2026-07-20,latest,growth_down_inflation_up,growth_down_inflation_down,growth_up_inflation_down,growth_down_inflation_down,0.00177001953125,16384,0.001393725632879178
m02:003573,evidence_filter,2026-07-20,latest,growth_down_inflation_up,growth_down_inflation_down,growth_down_inflation_down,growth_up_inflation_up,0.00177001953125,16384,0.001393725632879178
m02:003573,evidence_filter,2026-07-20,latest,growth_down_inflation_up,growth_down_inflation_down,growth_down_inflation_down,growth_down_inflation_up,0.0032958984375,16384,0.001393725632879178
m02:003573,evidence_filter,2026-07-20,latest,growth_down_inflation_up,growth_down_inflation_down,growth_down_inflation_down,growth_up_inflation_down,0.0032958984375,16384,0.001393725632879178
m02:003573,evidence_filter,2026-07-20,latest,growth_down_inflation_up,growth_down_inflation_down,growth_down_inflation_down,growth_down_inflation_down,0.00262451171875,16384,0.001393725632879178
m02:003573,evidence_filter,2026-07-20,latest,growth_up_inflation_down,growth_up_inflation_up,growth_up_inflation_up,growth_up_inflation_up,0.00177001953125,16384,0.001393725632879178
m02:003573,evidence_filter,2026-07-20,latest,growth_up_inflation_down,growth_up_inflation_up,growth_up_inflation_up,growth_down_inflation_up,0.002197265625,16384,0.001393725632879178
m02:003573,evidence_filter,2026-07-20,latest,growth_up_inflation_down,growth_up_inflation_up,growth_up_inflation_up,growth_up_inflation_down,0.0015869140625,16384,0.001393725632879178
m02:003573,evidence_filter,2026-07-20,latest,growth_up_inflation_down,growth_up_inflation_up,growth_up_inflation_up,growth_down_inflation_down,0.00091552734375,16384,0.001393725632879178
m02:003573,evidence_filter,2026-07-20,latest,growth_up_inflation_down,growth_up_inflation_up,growth_down_inflation_up,growth_up_inflation_up,0.0029296875,16384,0.001393725632879178
m02:003573,evidence_filter,2026-07-20,latest,growth_up_inflation_down,growth_up_inflation_up,growth_down_inflation_up,growth_down_inflation_up,0.00390625,16384,0.001393725632879178
m02:003573,evidence_filter,2026-07-20,latest,growth_up_inflation_down,growth_up_inflation_up,growth_down_inflation_up,growth_up_inflation_down,0.00238037109375,16384,0.001393725632879178
m02:003573,evidence_filter,2026-07-20,latest,growth_up_inflation_down,growth_up_inflation_up,growth_down_inflation_up,growth_down_inflation_down,0.00115966796875,16384,0.001393725632879178
m02:003573,evidence_filter,2026-07-20,latest,growth_up_inflation_down,growth_up_inflation_up,growth_up_inflation_down,growth_up_inflation_up,0.0006103515625,16384,0.001393725632879178
m02:003573,evidence_filter,2026-07-20,latest,growth_up_inflation_down,growth_up_inflation_up,growth_up_inflation_down,growth_down_inflation_up,0.001220703125,16384,0.001393725632879178
m02:003573,evidence_filter,2026-07-20,latest,growth_up_inflation_down,growth_up_inflation_up,growth_up_inflation_down,growth_up_inflation_down,0.00140380859375,16384,0.001393725632879178
m02:003573,evidence_filter,2026-07-20,latest,growth_up_inflation_down,growth_up_inflation_up,growth_up_inflation_down,growth_down_inflation_down,0.0008544921875,16384,0.001393725632879178
m02:003573,evidence_filter,2026-07-20,latest,growth_up_inflation_down,growth_up_inflation_up,growth_down_inflation_down,growth_up_inflation_up,0.00115966796875,16384,0.001393725632879178
m02:003573,evidence_filter,2026-07-20,latest,growth_up_inflation_down,growth_up_inflation_up,growth_down_inflation_down,growth_down_inflation_up,0.001708984375,16384,0.001393725632879178
m02:003573,evidence_filter,2026-07-20,latest,growth_up_inflation_down,growth_up_inflation_up,growth_down_inflation_down,growth_up_inflation_down,0.001220703125,16384,0.001393725632879178
m02:003573,evidence_filter,2026-07-20,latest,growth_up_inflation_down,growth_up_inflation_up,growth_down_inflation_down,growth_down_inflation_down,0.001220703125,16384,0.001393725632879178
m02:003573,evidence_filter,2026-07-20,latest,growth_up_inflation_down,growth_down_inflation_up,growth_up_inflation_up,growth_up_inflation_up,0.0020751953125,16384,0.001393725632879178
m02:003573,evidence_filter,2026-07-20,latest,growth_up_inflation_down,growth_down_inflation_up,growth_up_inflation_up,growth_down_inflation_up,0.00213623046875,16384,0.001393725632879178
m02:003573,evidence_filter,2026-07-20,latest,growth_up_inflation_down,growth_down_inflation_up,growth_up_inflation_up,growth_up_inflation_down,0.0013427734375,16384,0.001393725632879178
m02:003573,evidence_filter,2026-07-20,latest,growth_up_inflation_down,growth_down_inflation_up,growth_up_inflation_up,growth_down_inflation_down,0.000732421875,16384,0.001393725632879178
m02:003573,evidence_filter,2026-07-20,latest,growth_up_inflation_down,growth_down_inflation_up,growth_down_inflation_up,growth_up_inflation_up,0.00274658203125,16384,0.001393725632879178
m02:003573,evidence_filter,2026-07-20,latest,growth_up_inflation_down,growth_down_inflation_up,growth_down_inflation_up,growth_down_inflation_up,0.00384521484375,16384,0.001393725632879178
m02:003573,evidence_filter,2026-07-20,latest,growth_up_inflation_down,growth_down_inflation_up,growth_down_inflation_up,growth_up_inflation_down,0.00189208984375,16384,0.001393725632879178
m02:003573,evidence_filter,2026-07-20,latest,growth_up_inflation_down,growth_down_inflation_up,growth_down_inflation_up,growth_down_inflation_down,0.00128173828125,16384,0.001393725632879178
m02:003573,evidence_filter,2026-07-20,latest,growth_up_inflation_down,growth_down_inflation_up,growth_up_inflation_down,growth_up_inflation_up,0.00079345703125,16384,0.001393725632879178
m02:003573,evidence_filter,2026-07-20,latest,growth_up_inflation_down,growth_down_inflation_up,growth_up_inflation_down,growth_down_inflation_up,0.00164794921875,16384,0.001393725632879178
m02:003573,evidence_filter,2026-07-20,latest,growth_up_inflation_down,growth_down_inflation_up,growth_up_inflation_down,growth_up_inflation_down,0.00128173828125,16384,0.001393725632879178
m02:003573,evidence_filter,2026-07-20,latest,growth_up_inflation_down,growth_down_inflation_up,growth_up_inflation_down,growth_down_inflation_down,0.00091552734375,16384,0.001393725632879178
m02:003573,evidence_filter,2026-07-20,latest,growth_up_inflation_down,growth_down_inflation_up,growth_down_inflation_down,growth_up_inflation_up,0.000732421875,16384,0.001393725632879178
m02:003573,evidence_filter,2026-07-20,latest,growth_up_inflation_down,growth_down_inflation_up,growth_down_inflation_down,growth_down_inflation_up,0.001220703125,16384,0.001393725632879178
m02:003573,evidence_filter,2026-07-20,latest,growth_up_inflation_down,growth_down_inflation_up,growth_down_inflation_down,growth_up_inflation_down,0.0015869140625,16384,0.001393725632879178
m02:003573,evidence_filter,2026-07-20,latest,growth_up_inflation_down,growth_down_inflation_up,growth_down_inflation_down,growth_down_inflation_down,0.00115966796875,16384,0.001393725632879178
m02:003573,evidence_filter,2026-07-20,latest,growth_up_inflation_down,growth_up_inflation_down,growth_up_inflation_up,growth_up_inflation_up,0.00054931640625,16384,0.001393725632879178
m02:003573,evidence_filter,2026-07-20,latest,growth_up_inflation_down,growth_up_inflation_down,growth_up_inflation_up,growth_down_inflation_up,0.00091552734375,16384,0.001393725632879178
m02:003573,evidence_filter,2026-07-20,latest,growth_up_inflation_down,growth_up_inflation_down,growth_up_inflation_up,growth_up_inflation_down,0.00048828125,16384,0.001393725632879178
m02:003573,evidence_filter,2026-07-20,latest,growth_up_inflation_down,growth_up_inflation_down,growth_up_inflation_up,growth_down_inflation_down,0.000244140625,16384,0.001393725632879178
m02:003573,evidence_filter,2026-07-20,latest,growth_up_inflation_down,growth_up_inflation_down,growth_down_inflation_up,growth_up_inflation_up,0.0010986328125,16384,0.001393725632879178
m02:003573,evidence_filter,2026-07-20,latest,growth_up_inflation_down,growth_up_inflation_down,growth_down_inflation_up,growth_down_inflation_up,0.00146484375,16384,0.001393725632879178
m02:003573,evidence_filter,2026-07-20,latest,growth_up_inflation_down,growth_up_inflation_down,growth_down_inflation_up,growth_up_inflation_down,0.0009765625,16384,0.001393725632879178
m02:003573,evidence_filter,2026-07-20,latest,growth_up_inflation_down,growth_up_inflation_down,growth_down_inflation_up,growth_down_inflation_down,0.00067138671875,16384,0.001393725632879178
m02:003573,evidence_filter,2026-07-20,latest,growth_up_inflation_down,growth_up_inflation_down,growth_up_inflation_down,growth_up_inflation_up,0.000244140625,16384,0.001393725632879178
m02:003573,evidence_filter,2026-07-20,latest,growth_up_inflation_down,growth_up_inflation_down,growth_up_inflation_down,growth_down_inflation_up,0.000244140625,16384,0.001393725632879178
m02:003573,evidence_filter,2026-07-20,latest,growth_up_inflation_down,growth_up_inflation_down,growth_up_inflation_down,growth_up_inflation_down,0.0006103515625,16384,0.001393725632879178
m02:003573,evidence_filter,2026-07-20,latest,growth_up_inflation_down,growth_up_inflation_down,growth_up_inflation_down,growth_down_inflation_down,0.00042724609375,16384,0.001393725632879178
m02:003573,evidence_filter,2026-07-20,latest,growth_up_inflation_down,growth_up_inflation_down,growth_down_inflation_down,growth_up_inflation_up,0.00048828125,16384,0.001393725632879178
m02:003573,evidence_filter,2026-07-20,latest,growth_up_inflation_down,growth_up_inflation_down,growth_down_inflation_down,growth_down_inflation_up,0.00067138671875,16384,0.001393725632879178
m02:003573,evidence_filter,2026-07-20,latest,growth_up_inflation_down,growth_up_inflation_down,growth_down_inflation_down,growth_up_inflation_down,0.00048828125,16384,0.001393725632879178
m02:003573,evidence_filter,2026-07-20,latest,growth_up_inflation_down,growth_up_inflation_down,growth_down_inflation_down,growth_down_inflation_down,0.00054931640625,16384,0.001393725632879178
m02:003573,evidence_filter,2026-07-20,latest,growth_up_inflation_down,growth_down_inflation_down,growth_up_inflation_up,growth_up_inflation_up,0.00067138671875,16384,0.001393725632879178
m02:003573,evidence_filter,2026-07-20,latest,growth_up_inflation_down,growth_down_inflation_down,growth_up_inflation_up,growth_down_inflation_up,0.0006103515625,16384,0.001393725632879178
m02:003573,evidence_filter,2026-07-20,latest,growth_up_inflation_down,growth_down_inflation_down,growth_up_inflation_up,growth_up_inflation_down,0.00048828125,16384,0.001393725632879178
m02:003573,evidence_filter,2026-07-20,latest,growth_up_inflation_down,growth_down_inflation_down,growth_up_inflation_up,growth_down_inflation_down,0.00030517578125,16384,0.001393725632879178
m02:003573,evidence_filter,2026-07-20,latest,growth_up_inflation_down,growth_down_inflation_down,growth_down_inflation_up,growth_up_inflation_up,0.0010986328125,16384,0.001393725632879178
m02:003573,evidence_filter,2026-07-20,latest,growth_up_inflation_down,growth_down_inflation_down,growth_down_inflation_up,growth_down_inflation_up,0.00177001953125,16384,0.001393725632879178
m02:003573,evidence_filter,2026-07-20,latest,growth_up_inflation_down,growth_down_inflation_down,growth_down_inflation_up,growth_up_inflation_down,0.0010986328125,16384,0.001393725632879178
m02:003573,evidence_filter,2026-07-20,latest,growth_up_inflation_down,growth_down_inflation_down,growth_down_inflation_up,growth_down_inflation_down,0.00030517578125,16384,0.001393725632879178
m02:003573,evidence_filter,2026-07-20,latest,growth_up_inflation_down,growth_down_inflation_down,growth_up_inflation_down,growth_up_inflation_up,0.0003662109375,16384,0.001393725632879178
m02:003573,evidence_filter,2026-07-20,latest,growth_up_inflation_down,growth_down_inflation_down,growth_up_inflation_down,growth_down_inflation_up,0.0006103515625,16384,0.001393725632879178
m02:003573,evidence_filter,2026-07-20,latest,growth_up_inflation_down,growth_down_inflation_down,growth_up_inflation_down,growth_up_inflation_down,0.0003662109375,16384,0.001393725632879178
m02:003573,evidence_filter,2026-07-20,latest,growth_up_inflation_down,growth_down_inflation_down,growth_up_inflation_down,growth_down_inflation_down,0.000244140625,16384,0.001393725632879178
m02:003573,evidence_filter,2026-07-20,latest,growth_up_inflation_down,growth_down_inflation_down,growth_down_inflation_down,growth_up_inflation_up,0.00030517578125,16384,0.001393725632879178
m02:003573,evidence_filter,2026-07-20,latest,growth_up_inflation_down,growth_down_inflation_down,growth_down_inflation_down,growth_down_inflation_up,0.00067138671875,16384,0.001393725632879178
m02:003573,evidence_filter,2026-07-20,latest,growth_up_inflation_down,growth_down_inflation_down,growth_down_inflation_down,growth_up_inflation_down,0.0003662109375,16384,0.001393725632879178
m02:003573,evidence_filter,2026-07-20,latest,growth_up_inflation_down,growth_down_inflation_down,growth_down_inflation_down,growth_down_inflation_down,0.00054931640625,16384,0.001393725632879178
m02:003573,evidence_filter,2026-07-20,latest,growth_down_inflation_down,growth_up_inflation_up,growth_up_inflation_up,growth_up_inflation_up,0.00140380859375,16384,0.001393725632879178
m02:003573,evidence_filter,2026-07-20,latest,growth_down_inflation_down,growth_up_inflation_up,growth_up_inflation_up,growth_down_inflation_up,0.00213623046875,16384,0.001393725632879178
m02:003573,evidence_filter,2026-07-20,latest,growth_down_inflation_down,growth_up_inflation_up,growth_up_inflation_up,growth_up_inflation_down,0.00115966796875,16384,0.001393725632879178
m02:003573,evidence_filter,2026-07-20,latest,growth_down_inflation_down,growth_up_inflation_up,growth_up_inflation_up,growth_down_inflation_down,0.00067138671875,16384,0.001393725632879178
m02:003573,evidence_filter,2026-07-20,latest,growth_down_inflation_down,growth_up_inflation_up,growth_down_inflation_up,growth_up_inflation_up,0.00262451171875,16384,0.001393725632879178
m02:003573,evidence_filter,2026-07-20,latest,growth_down_inflation_down,growth_up_inflation_up,growth_down_inflation_up,growth_down_inflation_up,0.003173828125,16384,0.001393725632879178
m02:003573,evidence_filter,2026-07-20,latest,growth_down_inflation_down,growth_up_inflation_up,growth_down_inflation_up,growth_up_inflation_down,0.0015869140625,16384,0.001393725632879178
m02:003573,evidence_filter,2026-07-20,latest,growth_down_inflation_down,growth_up_inflation_up,growth_down_inflation_up,growth_down_inflation_down,0.00140380859375,16384,0.001393725632879178
m02:003573,evidence_filter,2026-07-20,latest,growth_down_inflation_down,growth_up_inflation_up,growth_up_inflation_down,growth_up_inflation_up,0.00079345703125,16384,0.001393725632879178
m02:003573,evidence_filter,2026-07-20,latest,growth_down_inflation_down,growth_up_inflation_up,growth_up_inflation_down,growth_down_inflation_up,0.0009765625,16384,0.001393725632879178
m02:003573,evidence_filter,2026-07-20,latest,growth_down_inflation_down,growth_up_inflation_up,growth_up_inflation_down,growth_up_inflation_down,0.0010986328125,16384,0.001393725632879178
m02:003573,evidence_filter,2026-07-20,latest,growth_down_inflation_down,growth_up_inflation_up,growth_up_inflation_down,growth_down_inflation_down,0.00067138671875,16384,0.001393725632879178
m02:003573,evidence_filter,2026-07-20,latest,growth_down_inflation_down,growth_up_inflation_up,growth_down_inflation_down,growth_up_inflation_up,0.000732421875,16384,0.001393725632879178
m02:003573,evidence_filter,2026-07-20,latest,growth_down_inflation_down,growth_up_inflation_up,growth_down_inflation_down,growth_down_inflation_up,0.00140380859375,16384,0.001393725632879178
m02:003573,evidence_filter,2026-07-20,latest,growth_down_inflation_down,growth_up_inflation_up,growth_down_inflation_down,growth_up_inflation_down,0.001220703125,16384,0.001393725632879178
m02:003573,evidence_filter,2026-07-20,latest,growth_down_inflation_down,growth_up_inflation_up,growth_down_inflation_down,growth_down_inflation_down,0.00128173828125,16384,0.001393725632879178
m02:003573,evidence_filter,2026-07-20,latest,growth_down_inflation_down,growth_down_inflation_up,growth_up_inflation_up,growth_up_inflation_up,0.0015869140625,16384,0.001393725632879178
m02:003573,evidence_filter,2026-07-20,latest,growth_down_inflation_down,growth_down_inflation_up,growth_up_inflation_up,growth_down_inflation_up,0.00177001953125,16384,0.001393725632879178
m02:003573,evidence_filter,2026-07-20,latest,growth_down_inflation_down,growth_down_inflation_up,growth_up_inflation_up,growth_up_inflation_down,0.001220703125,16384,0.001393725632879178
m02:003573,evidence_filter,2026-07-20,latest,growth_down_inflation_down,growth_down_inflation_up,growth_up_inflation_up,growth_down_inflation_down,0.00054931640625,16384,0.001393725632879178
m02:003573,evidence_filter,2026-07-20,latest,growth_down_inflation_down,growth_down_inflation_up,growth_down_inflation_up,growth_up_inflation_up,0.0025634765625,16384,0.001393725632879178
m02:003573,evidence_filter,2026-07-20,latest,growth_down_inflation_down,growth_down_inflation_up,growth_down_inflation_up,growth_down_inflation_up,0.0029296875,16384,0.001393725632879178
m02:003573,evidence_filter,2026-07-20,latest,growth_down_inflation_down,growth_down_inflation_up,growth_down_inflation_up,growth_up_inflation_down,0.00201416015625,16384,0.001393725632879178
m02:003573,evidence_filter,2026-07-20,latest,growth_down_inflation_down,growth_down_inflation_up,growth_down_inflation_up,growth_down_inflation_down,0.00146484375,16384,0.001393725632879178
m02:003573,evidence_filter,2026-07-20,latest,growth_down_inflation_down,growth_down_inflation_up,growth_up_inflation_down,growth_up_inflation_up,0.00067138671875,16384,0.001393725632879178
m02:003573,evidence_filter,2026-07-20,latest,growth_down_inflation_down,growth_down_inflation_up,growth_up_inflation_down,growth_down_inflation_up,0.00115966796875,16384,0.001393725632879178
m02:003573,evidence_filter,2026-07-20,latest,growth_down_inflation_down,growth_down_inflation_up,growth_up_inflation_down,growth_up_inflation_down,0.0008544921875,16384,0.001393725632879178
m02:003573,evidence_filter,2026-07-20,latest,growth_down_inflation_down,growth_down_inflation_up,growth_up_inflation_down,growth_down_inflation_down,0.00079345703125,16384,0.001393725632879178
m02:003573,evidence_filter,2026-07-20,latest,growth_down_inflation_down,growth_down_inflation_up,growth_down_inflation_down,growth_up_inflation_up,0.0008544921875,16384,0.001393725632879178
m02:003573,evidence_filter,2026-07-20,latest,growth_down_inflation_down,growth_down_inflation_up,growth_down_inflation_down,growth_down_inflation_up,0.00146484375,16384,0.001393725632879178
m02:003573,evidence_filter,2026-07-20,latest,growth_down_inflation_down,growth_down_inflation_up,growth_down_inflation_down,growth_up_inflation_down,0.00103759765625,16384,0.001393725632879178
m02:003573,evidence_filter,2026-07-20,latest,growth_down_inflation_down,growth_down_inflation_up,growth_down_inflation_down,growth_down_inflation_down,0.0009765625,16384,0.001393725632879178
m02:003573,evidence_filter,2026-07-20,latest,growth_down_inflation_down,growth_up_inflation_down,growth_up_inflation_up,growth_up_inflation_up,0.00067138671875,16384,0.001393725632879178
m02:003573,evidence_filter,2026-07-20,latest,growth_down_inflation_down,growth_up_inflation_down,growth_up_inflation_up,growth_down_inflation_up,0.0008544921875,16384,0.001393725632879178
m02:003573,evidence_filter,2026-07-20,latest,growth_down_inflation_down,growth_up_inflation_down,growth_up_inflation_up,growth_up_inflation_down,0.00048828125,16384,0.001393725632879178
m02:003573,evidence_filter,2026-07-20,latest,growth_down_inflation_down,growth_up_inflation_down,growth_up_inflation_up,growth_down_inflation_down,0.0003662109375,16384,0.001393725632879178
m02:003573,evidence_filter,2026-07-20,latest,growth_down_inflation_down,growth_up_inflation_down,growth_down_inflation_up,growth_up_inflation_up,0.0010986328125,16384,0.001393725632879178
m02:003573,evidence_filter,2026-07-20,latest,growth_down_inflation_down,growth_up_inflation_down,growth_down_inflation_up,growth_down_inflation_up,0.0010986328125,16384,0.001393725632879178
m02:003573,evidence_filter,2026-07-20,latest,growth_down_inflation_down,growth_up_inflation_down,growth_down_inflation_up,growth_up_inflation_down,0.00054931640625,16384,0.001393725632879178
m02:003573,evidence_filter,2026-07-20,latest,growth_down_inflation_down,growth_up_inflation_down,growth_down_inflation_up,growth_down_inflation_down,0.00048828125,16384,0.001393725632879178
m02:003573,evidence_filter,2026-07-20,latest,growth_down_inflation_down,growth_up_inflation_down,growth_up_inflation_down,growth_up_inflation_up,0.0003662109375,16384,0.001393725632879178
m02:003573,evidence_filter,2026-07-20,latest,growth_down_inflation_down,growth_up_inflation_down,growth_up_inflation_down,growth_down_inflation_up,0.00054931640625,16384,0.001393725632879178
m02:003573,evidence_filter,2026-07-20,latest,growth_down_inflation_down,growth_up_inflation_down,growth_up_inflation_down,growth_up_inflation_down,0.0003662109375,16384,0.001393725632879178
m02:003573,evidence_filter,2026-07-20,latest,growth_down_inflation_down,growth_up_inflation_down,growth_up_inflation_down,growth_down_inflation_down,0.00030517578125,16384,0.001393725632879178
m02:003573,evidence_filter,2026-07-20,latest,growth_down_inflation_down,growth_up_inflation_down,growth_down_inflation_down,growth_up_inflation_up,0.0003662109375,16384,0.001393725632879178
m02:003573,evidence_filter,2026-07-20,latest,growth_down_inflation_down,growth_up_inflation_down,growth_down_inflation_down,growth_down_inflation_up,0.00054931640625,16384,0.001393725632879178
m02:003573,evidence_filter,2026-07-20,latest,growth_down_inflation_down,growth_up_inflation_down,growth_down_inflation_down,growth_up_inflation_down,0.00030517578125,16384,0.001393725632879178
m02:003573,evidence_filter,2026-07-20,latest,growth_down_inflation_down,growth_up_inflation_down,growth_down_inflation_down,growth_down_inflation_down,0.00030517578125,16384,0.001393725632879178
m02:003573,evidence_filter,2026-07-20,latest,growth_down_inflation_down,growth_down_inflation_down,growth_up_inflation_up,growth_up_inflation_up,0.00067138671875,16384,0.001393725632879178
m02:003573,evidence_filter,2026-07-20,latest,growth_down_inflation_down,growth_down_inflation_down,growth_up_inflation_up,growth_down_inflation_up,0.00079345703125,16384,0.001393725632879178
m02:003573,evidence_filter,2026-07-20,latest,growth_down_inflation_down,growth_down_inflation_down,growth_up_inflation_up,growth_up_inflation_down,0.00054931640625,16384,0.001393725632879178
m02:003573,evidence_filter,2026-07-20,latest,growth_down_inflation_down,growth_down_inflation_down,growth_up_inflation_up,growth_down_inflation_down,0.0003662109375,16384,0.001393725632879178
m02:003573,evidence_filter,2026-07-20,latest,growth_down_inflation_down,growth_down_inflation_down,growth_down_inflation_up,growth_up_inflation_up,0.00054931640625,16384,0.001393725632879178
m02:003573,evidence_filter,2026-07-20,latest,growth_down_inflation_down,growth_down_inflation_down,growth_down_inflation_up,growth_down_inflation_up,0.0010986328125,16384,0.001393725632879178
m02:003573,evidence_filter,2026-07-20,latest,growth_down_inflation_down,growth_down_inflation_down,growth_down_inflation_up,growth_up_inflation_down,0.00067138671875,16384,0.001393725632879178
m02:003573,evidence_filter,2026-07-20,latest,growth_down_inflation_down,growth_down_inflation_down,growth_down_inflation_up,growth_down_inflation_down,0.0006103515625,16384,0.001393725632879178
m02:003573,evidence_filter,2026-07-20,latest,growth_down_inflation_down,growth_down_inflation_down,growth_up_inflation_down,growth_up_inflation_up,0.000244140625,16384,0.001393725632879178
m02:003573,evidence_filter,2026-07-20,latest,growth_down_inflation_down,growth_down_inflation_down,growth_up_inflation_down,growth_down_inflation_up,0.0003662109375,16384,0.001393725632879178
m02:003573,evidence_filter,2026-07-20,latest,growth_down_inflation_down,growth_down_inflation_down,growth_up_inflation_down,growth_up_inflation_down,0.0003662109375,16384,0.001393725632879178
m02:003573,evidence_filter,2026-07-20,latest,growth_down_inflation_down,growth_down_inflation_down,growth_up_inflation_down,growth_down_inflation_down,0.00030517578125,16384,0.001393725632879178
m02:003573,evidence_filter,2026-07-20,latest,growth_down_inflation_down,growth_down_inflation_down,growth_down_inflation_down,growth_up_inflation_up,0.000244140625,16384,0.001393725632879178
m02:003573,evidence_filter,2026-07-20,latest,growth_down_inflation_down,growth_down_inflation_down,growth_down_inflation_down,growth_down_inflation_up,0.00054931640625,16384,0.001393725632879178
m02:003573,evidence_filter,2026-07-20,latest,growth_down_inflation_down,growth_down_inflation_down,growth_down_inflation_down,growth_up_inflation_down,0.00054931640625,16384,0.001393725632879178
m02:003573,evidence_filter,2026-07-20,latest,growth_down_inflation_down,growth_down_inflation_down,growth_down_inflation_down,growth_down_inflation_down,0.000244140625,16384,0.001393725632879178
