evaluation_sample,filter_variant,comparison_reference,evaluation_checkpoint,metric,better_direction,paired_months,mean_candidate_minus_baseline,bootstrap_confidence_level,bootstrap_lower,bootstrap_upper,bootstrap_probability_candidate_better,centered_two_sided_p_value,block_length_months,replications,random_seed,holm_family_member,holm_adjusted_p_value
excluding_2020_03_through_2020_05,candidate_all_six,student_t_7_combined,after_employment_situation,hard_quadrant_correct,higher,180,-0.03888888888888889,0.95,-0.08333333333333333,-0.005555555555555556,0.007,0.055188962207558485,12,5000,20260722,False,
excluding_2020_03_through_2020_05,priority_01_surveys,student_t_7_combined,after_employment_situation,hard_quadrant_correct,higher,180,-0.016666666666666666,0.95,-0.05,0.011111111111111112,0.086,0.28654269146170763,12,5000,20260722,True,1.0
excluding_2020_03_through_2020_05,priority_02_claims,student_t_7_combined,after_employment_situation,hard_quadrant_correct,higher,180,0.0,0.95,-0.022222222222222223,0.022222222222222223,0.4208,1.0,12,5000,20260722,True,1.0
excluding_2020_03_through_2020_05,priority_03_consumer,student_t_7_combined,after_employment_situation,hard_quadrant_correct,higher,180,-0.005555555555555556,0.95,-0.03333333333333333,0.022222222222222223,0.2756,0.7086582683463307,12,5000,20260722,True,1.0
excluding_2020_03_through_2020_05,priority_04_housing,student_t_7_combined,after_employment_situation,hard_quadrant_correct,higher,180,0.0,0.95,0.0,0.0,0.0,1.0,12,5000,20260722,True,1.0
excluding_2020_03_through_2020_05,priority_05_import_prices,student_t_7_combined,after_employment_situation,hard_quadrant_correct,higher,180,0.0,0.95,0.0,0.0,0.0,1.0,12,5000,20260722,True,1.0
excluding_2020_03_through_2020_05,priority_06_backlog,student_t_7_combined,after_employment_situation,hard_quadrant_correct,higher,180,0.0,0.95,0.0,0.0,0.0,1.0,12,5000,20260722,True,1.0
excluding_2020_03_through_2020_05,candidate_all_six,student_t_7_combined,after_employment_situation,quadrant_brier_distance_to_exact_score_map,lower,180,0.007475531873334708,0.95,0.0014571934607454664,0.014462607560375006,0.0012,0.020795840831833633,12,5000,20260722,False,
excluding_2020_03_through_2020_05,priority_01_surveys,student_t_7_combined,after_employment_situation,quadrant_brier_distance_to_exact_score_map,lower,180,0.007086961891758733,0.95,0.0016426048507203396,0.01347810694099913,0.0002,0.017996400719856028,12,5000,20260722,True,0.10797840431913616
excluding_2020_03_through_2020_05,priority_02_claims,student_t_7_combined,after_employment_situation,quadrant_brier_distance_to_exact_score_map,lower,180,-0.0001476696652092929,0.95,-0.0005823046239557647,0.00024370756331241176,0.7632,0.46910617876424715,12,5000,20260722,True,1.0
excluding_2020_03_through_2020_05,priority_03_consumer,student_t_7_combined,after_employment_situation,quadrant_brier_distance_to_exact_score_map,lower,180,-0.0003329131857880518,0.95,-0.0013387685315784405,0.0005301012878485471,0.7376,0.48670265946810637,12,5000,20260722,True,1.0
excluding_2020_03_through_2020_05,priority_04_housing,student_t_7_combined,after_employment_situation,quadrant_brier_distance_to_exact_score_map,lower,180,-1.0218665946353055e-06,0.95,-2.8212662966684247e-06,2.1027825037309504e-08,0.9464,0.15096980603879223,12,5000,20260722,True,0.7548490301939612
excluding_2020_03_through_2020_05,priority_05_import_prices,student_t_7_combined,after_employment_situation,quadrant_brier_distance_to_exact_score_map,lower,180,-4.7993369592713475e-05,0.95,-0.00016773405940529755,2.46713989458668e-05,0.708,0.5022995400919816,12,5000,20260722,True,1.0
excluding_2020_03_through_2020_05,priority_06_backlog,student_t_7_combined,after_employment_situation,quadrant_brier_distance_to_exact_score_map,lower,180,6.23300286866273e-06,0.95,-6.06968646598314e-09,1.6860539964712687e-05,0.095,0.21055788842231554,12,5000,20260722,True,0.8422315536892622
excluding_2020_03_through_2020_05,candidate_all_six,student_t_7_combined,after_employment_situation,quadrant_cross_entropy_to_exact_score_map,lower,180,0.012504119747296781,0.95,7.578243103040316e-05,0.027211373455838763,0.024,0.07018596280743851,12,5000,20260722,False,
excluding_2020_03_through_2020_05,priority_01_surveys,student_t_7_combined,after_employment_situation,quadrant_cross_entropy_to_exact_score_map,lower,180,0.011759395399595876,0.95,0.0006686102880563519,0.025383794064259595,0.0126,0.054989002199560086,12,5000,20260722,True,0.3299340131973605
excluding_2020_03_through_2020_05,priority_02_claims,student_t_7_combined,after_employment_situation,quadrant_cross_entropy_to_exact_score_map,lower,180,-0.000274981590559518,0.95,-0.0008674367213552229,0.00022844389895934156,0.8354,0.3271345730853829,12,5000,20260722,True,0.9814037192561487
excluding_2020_03_through_2020_05,priority_03_consumer,student_t_7_combined,after_employment_situation,quadrant_cross_entropy_to_exact_score_map,lower,180,-0.0007191904079013092,0.95,-0.0027222113251134084,0.0007800997912543165,0.7762,0.4319136172765447,12,5000,20260722,True,0.9814037192561487
excluding_2020_03_through_2020_05,priority_04_housing,student_t_7_combined,after_employment_situation,quadrant_cross_entropy_to_exact_score_map,lower,180,-1.8896682372750625e-06,0.95,-5.390701319029611e-06,1.1982163377709994e-07,0.963,0.14777044591081784,12,5000,20260722,True,0.7388522295540891
excluding_2020_03_through_2020_05,priority_05_import_prices,student_t_7_combined,after_employment_situation,quadrant_cross_entropy_to_exact_score_map,lower,180,-9.153093994320461e-05,0.95,-0.00032195093333395477,5.836645751972065e-05,0.6998,0.5342931413717257,12,5000,20260722,True,0.9814037192561487
excluding_2020_03_through_2020_05,priority_06_backlog,student_t_7_combined,after_employment_situation,quadrant_cross_entropy_to_exact_score_map,lower,180,1.2517356917382846e-05,0.95,-1.3208811104660946e-08,3.561234949044142e-05,0.1054,0.22455508898220355,12,5000,20260722,True,0.8982203559288142
excluding_2020_03_through_2020_05,candidate_all_six,student_t_7_combined,after_employment_situation,score_center_negative_log_predictive_density,lower,180,0.0044006836814981555,0.95,-0.055760161524891404,0.060802776171899664,0.4278,0.8748250349930013,12,5000,20260722,False,
excluding_2020_03_through_2020_05,priority_01_surveys,student_t_7_combined,after_employment_situation,score_center_negative_log_predictive_density,lower,180,0.006280477764584215,0.95,-0.04827903207473475,0.05700953951737578,0.4032,0.8094381123775245,12,5000,20260722,True,1.0
excluding_2020_03_through_2020_05,priority_02_claims,student_t_7_combined,after_employment_situation,score_center_negative_log_predictive_density,lower,180,-0.0034024256329868423,0.95,-0.008467758364718974,0.002575788664843201,0.8886,0.21495700859828035,12,5000,20260722,True,0.8094381123775245
excluding_2020_03_through_2020_05,priority_03_consumer,student_t_7_combined,after_employment_situation,score_center_negative_log_predictive_density,lower,180,-0.004959391933238702,0.95,-0.012097241907728236,-9.56152859212561e-05,0.9772,0.09378124375124974,12,5000,20260722,True,0.5626874625074985
excluding_2020_03_through_2020_05,priority_04_housing,student_t_7_combined,after_employment_situation,score_center_negative_log_predictive_density,lower,180,-5.230198497196892e-06,0.95,-1.4272784507275186e-05,1.0972982805689986e-09,0.9744,0.131373725254949,12,5000,20260722,True,0.656868626274745
excluding_2020_03_through_2020_05,priority_05_import_prices,student_t_7_combined,after_employment_situation,score_center_negative_log_predictive_density,lower,180,-0.000378249048605172,0.95,-0.00130637959293366,0.00014398093410781328,0.7102,0.501499700059988,12,5000,20260722,True,1.0
excluding_2020_03_through_2020_05,priority_06_backlog,student_t_7_combined,after_employment_situation,score_center_negative_log_predictive_density,lower,180,3.400484611191076e-05,0.95,-3.071652582864613e-08,9.593548977076096e-05,0.0904,0.20235952809438112,12,5000,20260722,True,0.8094381123775245
excluding_2020_03_through_2020_05,candidate_all_six,student_t_7_combined,after_midmonth_defining_releases,hard_quadrant_correct,higher,180,-0.03888888888888889,0.95,-0.1111111111111111,0.022222222222222223,0.0996,0.276744651069786,12,5000,20260722,False,
excluding_2020_03_through_2020_05,priority_01_surveys,student_t_7_combined,after_midmonth_defining_releases,hard_quadrant_correct,higher,180,-0.03333333333333333,0.95,-0.07777777777777778,0.0,0.0156,0.09638072385522896,12,5000,20260722,True,0.4819036192761448
excluding_2020_03_through_2020_05,priority_02_claims,student_t_7_combined,after_midmonth_defining_releases,hard_quadrant_correct,higher,180,-0.005555555555555556,0.95,-0.03333333333333333,0.016666666666666666,0.2402,0.6422715456908619,12,5000,20260722,True,1.0
excluding_2020_03_through_2020_05,priority_03_consumer,student_t_7_combined,after_midmonth_defining_releases,hard_quadrant_correct,higher,180,0.03888888888888889,0.95,0.005555555555555556,0.08333333333333333,0.9774,0.0609878024395121,12,5000,20260722,True,0.3659268146370726
excluding_2020_03_through_2020_05,priority_04_housing,student_t_7_combined,after_midmonth_defining_releases,hard_quadrant_correct,higher,180,-0.005555555555555556,0.95,-0.022222222222222223,0.011111111111111112,0.178,0.6038792241551689,12,5000,20260722,True,1.0
excluding_2020_03_through_2020_05,priority_05_import_prices,student_t_7_combined,after_midmonth_defining_releases,hard_quadrant_correct,higher,180,-0.005555555555555556,0.95,-0.03888888888888889,0.022222222222222223,0.2976,0.7238552289542092,12,5000,20260722,True,1.0
excluding_2020_03_through_2020_05,priority_06_backlog,student_t_7_combined,after_midmonth_defining_releases,hard_quadrant_correct,higher,180,0.0,0.95,0.0,0.0,0.0,1.0,12,5000,20260722,True,1.0
excluding_2020_03_through_2020_05,candidate_all_six,student_t_7_combined,after_midmonth_defining_releases,quadrant_brier_distance_to_exact_score_map,lower,180,0.006133420200175525,0.95,0.00046784691329825685,0.013328012522126384,0.0102,0.054989002199560086,12,5000,20260722,False,
excluding_2020_03_through_2020_05,priority_01_surveys,student_t_7_combined,after_midmonth_defining_releases,quadrant_brier_distance_to_exact_score_map,lower,180,0.005504902164049156,0.95,0.0001753478246515392,0.011884558017383055,0.0172,0.05798840231953609,12,5000,20260722,True,0.3479304139172166
excluding_2020_03_through_2020_05,priority_02_claims,student_t_7_combined,after_midmonth_defining_releases,quadrant_brier_distance_to_exact_score_map,lower,180,-0.00011394054470973375,0.95,-0.0002733230206571168,1.1049775665854708e-05,0.961,0.10917816436712657,12,5000,20260722,True,0.5458908218356329
excluding_2020_03_through_2020_05,priority_03_consumer,student_t_7_combined,after_midmonth_defining_releases,quadrant_brier_distance_to_exact_score_map,lower,180,-0.00014405635193543624,0.95,-0.0013554695725552686,0.0008881277278653907,0.5798,0.7980403919216157,12,5000,20260722,True,1.0
excluding_2020_03_through_2020_05,priority_04_housing,student_t_7_combined,after_midmonth_defining_releases,quadrant_brier_distance_to_exact_score_map,lower,180,9.878632327625966e-06,0.95,-3.295226216962693e-05,7.281486401238087e-05,0.4078,0.7206558688262348,12,5000,20260722,True,1.0
excluding_2020_03_through_2020_05,priority_05_import_prices,student_t_7_combined,after_midmonth_defining_releases,quadrant_brier_distance_to_exact_score_map,lower,180,0.0006601552315293857,0.95,-0.0006380663103216524,0.002261213636918124,0.1952,0.375124975004999,12,5000,20260722,True,1.0
excluding_2020_03_through_2020_05,priority_06_backlog,student_t_7_combined,after_midmonth_defining_releases,quadrant_brier_distance_to_exact_score_map,lower,180,-9.209938194500424e-06,0.95,-3.0580447404653e-05,2.41515513866611e-06,0.6932,0.5474905018996201,12,5000,20260722,True,1.0
excluding_2020_03_through_2020_05,candidate_all_six,student_t_7_combined,after_midmonth_defining_releases,quadrant_cross_entropy_to_exact_score_map,lower,180,0.011174014168179062,0.95,-0.0015907018662623018,0.027344441739654512,0.0468,0.1275744851029794,12,5000,20260722,False,
excluding_2020_03_through_2020_05,priority_01_surveys,student_t_7_combined,after_midmonth_defining_releases,quadrant_cross_entropy_to_exact_score_map,lower,180,0.01088639220767156,0.95,-0.00020401729250689254,0.024097533685255166,0.0284,0.07978404319136173,12,5000,20260722,True,0.4787042591481704
excluding_2020_03_through_2020_05,priority_02_claims,student_t_7_combined,after_midmonth_defining_releases,quadrant_cross_entropy_to_exact_score_map,lower,180,-0.00013724528281529931,0.95,-0.00035563743715570113,5.368520661877629e-05,0.9094,0.1865626874625075,12,5000,20260722,True,0.9328134373125375
excluding_2020_03_through_2020_05,priority_03_consumer,student_t_7_combined,after_midmonth_defining_releases,quadrant_cross_entropy_to_exact_score_map,lower,180,-0.00034690224373277084,0.95,-0.002689225927770408,0.0016735928276221737,0.6046,0.7464507098580284,12,5000,20260722,True,1.0
excluding_2020_03_through_2020_05,priority_04_housing,student_t_7_combined,after_midmonth_defining_releases,quadrant_cross_entropy_to_exact_score_map,lower,180,-1.7366645657502912e-07,0.95,-8.4954626544909e-05,0.00011310366880507005,0.5338,0.9972005598880224,12,5000,20260722,True,1.0
excluding_2020_03_through_2020_05,priority_05_import_prices,student_t_7_combined,after_midmonth_defining_releases,quadrant_cross_entropy_to_exact_score_map,lower,180,0.000617239664960854,0.95,-0.0036664756812070844,0.005014019840137806,0.3846,0.7696460707858428,12,5000,20260722,True,1.0
excluding_2020_03_through_2020_05,priority_06_backlog,student_t_7_combined,after_midmonth_defining_releases,quadrant_cross_entropy_to_exact_score_map,lower,180,-1.880666311326113e-05,0.95,-6.359409362606444e-05,4.921595811840821e-06,0.7328,0.48990201959608076,12,5000,20260722,True,1.0
excluding_2020_03_through_2020_05,candidate_all_six,student_t_7_combined,after_midmonth_defining_releases,score_center_negative_log_predictive_density,lower,180,0.06900171175286866,0.95,-0.04571318076088106,0.20627465811378817,0.142,0.29154169166166766,12,5000,20260722,False,
excluding_2020_03_through_2020_05,priority_01_surveys,student_t_7_combined,after_midmonth_defining_releases,score_center_negative_log_predictive_density,lower,180,0.045102166361502286,0.95,-0.024412911303013686,0.1259369967980038,0.1124,0.22695460907818435,12,5000,20260722,True,0.6808638272345531
excluding_2020_03_through_2020_05,priority_02_claims,student_t_7_combined,after_midmonth_defining_releases,score_center_negative_log_predictive_density,lower,180,-0.0016074902378226063,0.95,-0.004864273046922081,0.001547160448193763,0.8404,0.3087382523495301,12,5000,20260722,True,0.6808638272345531
excluding_2020_03_through_2020_05,priority_03_consumer,student_t_7_combined,after_midmonth_defining_releases,score_center_negative_log_predictive_density,lower,180,0.03329629611364098,0.95,0.0016731242021512127,0.06801706386727098,0.02,0.04879024195160968,12,5000,20260722,True,0.2439512097580484
excluding_2020_03_through_2020_05,priority_04_housing,student_t_7_combined,after_midmonth_defining_releases,score_center_negative_log_predictive_density,lower,180,-0.0012453377535973198,0.95,-0.0025501265741437757,-0.00021362694875723395,0.9948,0.03579284143171366,12,5000,20260722,True,0.21475704859028194
excluding_2020_03_through_2020_05,priority_05_import_prices,student_t_7_combined,after_midmonth_defining_releases,score_center_negative_log_predictive_density,lower,180,-0.029392745122632992,0.95,-0.0774924280259292,0.003809835894094405,0.9418,0.15796840631873627,12,5000,20260722,True,0.6318736252749451
excluding_2020_03_through_2020_05,priority_06_backlog,student_t_7_combined,after_midmonth_defining_releases,score_center_negative_log_predictive_density,lower,180,-0.00013505128096051743,0.95,-0.0004517902435195609,4.663285581966093e-05,0.717,0.5058988202359528,12,5000,20260722,True,0.6808638272345531
excluding_2020_03_through_2020_05,candidate_all_six,student_t_7_combined,before_any_defining_release,hard_quadrant_correct,higher,180,-0.011111111111111112,0.95,-0.05555555555555555,0.02236111111110909,0.2356,0.5704859028194361,12,5000,20260722,False,
excluding_2020_03_through_2020_05,priority_01_surveys,student_t_7_combined,before_any_defining_release,hard_quadrant_correct,higher,180,-0.027777777777777776,0.95,-0.06666666666666667,0.005555555555555556,0.0354,0.13537292541491702,12,5000,20260722,True,0.8122375524895021
excluding_2020_03_through_2020_05,priority_02_claims,student_t_7_combined,before_any_defining_release,hard_quadrant_correct,higher,180,0.022222222222222223,0.95,-0.005555555555555556,0.05555555555555555,0.9092,0.1357728454309138,12,5000,20260722,True,0.8122375524895021
excluding_2020_03_through_2020_05,priority_03_consumer,student_t_7_combined,before_any_defining_release,hard_quadrant_correct,higher,180,0.011111111111111112,0.95,0.0,0.027777777777777776,0.8832,0.24595080983803239,12,5000,20260722,True,0.9838032393521295
excluding_2020_03_through_2020_05,priority_04_housing,student_t_7_combined,before_any_defining_release,hard_quadrant_correct,higher,180,0.0,0.95,0.0,0.0,0.0,1.0,12,5000,20260722,True,1.0
excluding_2020_03_through_2020_05,priority_05_import_prices,student_t_7_combined,before_any_defining_release,hard_quadrant_correct,higher,180,0.005555555555555556,0.95,0.0,0.016666666666666666,0.6364,0.6290741851629674,12,5000,20260722,True,1.0
excluding_2020_03_through_2020_05,priority_06_backlog,student_t_7_combined,before_any_defining_release,hard_quadrant_correct,higher,180,0.0,0.95,0.0,0.0,0.0,1.0,12,5000,20260722,True,1.0
excluding_2020_03_through_2020_05,candidate_all_six,student_t_7_combined,before_any_defining_release,quadrant_brier_distance_to_exact_score_map,lower,180,0.024794821251979272,0.95,0.004284131229642799,0.051251603303692966,0.0026,0.03419316136772645,12,5000,20260722,False,
excluding_2020_03_through_2020_05,priority_01_surveys,student_t_7_combined,before_any_defining_release,quadrant_brier_distance_to_exact_score_map,lower,180,0.024399736034823875,0.95,0.00537016921771358,0.048346786814021596,0.0018,0.02439512097580484,12,5000,20260722,True,0.14637072585482902
excluding_2020_03_through_2020_05,priority_02_claims,student_t_7_combined,before_any_defining_release,quadrant_brier_distance_to_exact_score_map,lower,180,-0.0009211779576446653,0.95,-0.002932553061577051,0.0006509147037944102,0.8426,0.3103379324135173,12,5000,20260722,True,0.9310137972405519
excluding_2020_03_through_2020_05,priority_03_consumer,student_t_7_combined,before_any_defining_release,quadrant_brier_distance_to_exact_score_map,lower,180,3.070480227735986e-05,0.95,-0.00040541928644496786,0.0005622375823284838,0.4728,0.9100179964007199,12,5000,20260722,True,1.0
excluding_2020_03_through_2020_05,priority_04_housing,student_t_7_combined,before_any_defining_release,quadrant_brier_distance_to_exact_score_map,lower,180,-1.399965346328847e-06,0.95,-3.6447886250480856e-06,-3.696579438115983e-08,0.9888,0.09878024395120975,12,5000,20260722,True,0.4939012197560488
excluding_2020_03_through_2020_05,priority_05_import_prices,student_t_7_combined,before_any_defining_release,quadrant_brier_distance_to_exact_score_map,lower,180,-4.800122280749541e-05,0.95,-0.00017205836237277523,2.7292329071158837e-05,0.7016,0.5134973005398921,12,5000,20260722,True,1.0
excluding_2020_03_through_2020_05,priority_06_backlog,student_t_7_combined,before_any_defining_release,quadrant_brier_distance_to_exact_score_map,lower,180,6.0702587286600914e-06,0.95,-2.4379445613477117e-08,1.646045540177869e-05,0.0982,0.21655668866226754,12,5000,20260722,True,0.8662267546490702
excluding_2020_03_through_2020_05,candidate_all_six,student_t_7_combined,before_any_defining_release,quadrant_cross_entropy_to_exact_score_map,lower,180,0.05270278069420622,0.95,0.007756728274726489,0.11243848630477554,0.006,0.04339132173565287,12,5000,20260722,False,
excluding_2020_03_through_2020_05,priority_01_surveys,student_t_7_combined,before_any_defining_release,quadrant_cross_entropy_to_exact_score_map,lower,180,0.0483432492254315,0.95,0.010025281838350166,0.10018090666157663,0.0018,0.033393321335732855,12,5000,20260722,True,0.20035992801439712
excluding_2020_03_through_2020_05,priority_02_claims,student_t_7_combined,before_any_defining_release,quadrant_cross_entropy_to_exact_score_map,lower,180,-0.002504436161468872,0.95,-0.006722193392059578,0.0005372852487682038,0.9328,0.17016596680663867,12,5000,20260722,True,0.6806638672265547
excluding_2020_03_through_2020_05,priority_03_consumer,student_t_7_combined,before_any_defining_release,quadrant_cross_entropy_to_exact_score_map,lower,180,0.00011455919435470073,0.95,-0.0007632683962675879,0.0011697762560693133,0.432,0.8144371125774845,12,5000,20260722,True,1.0
excluding_2020_03_through_2020_05,priority_04_housing,student_t_7_combined,before_any_defining_release,quadrant_cross_entropy_to_exact_score_map,lower,180,-2.8109992141287263e-06,0.95,-7.4586983973999125e-06,-1.0215474963246372e-07,0.9914,0.09998000399920016,12,5000,20260722,True,0.4999000199960008
excluding_2020_03_through_2020_05,priority_05_import_prices,student_t_7_combined,before_any_defining_release,quadrant_cross_entropy_to_exact_score_map,lower,180,-8.418539281074833e-05,0.95,-0.00033001288986299245,7.123311066083123e-05,0.6942,0.5288942211557689,12,5000,20260722,True,1.0
excluding_2020_03_through_2020_05,priority_06_backlog,student_t_7_combined,before_any_defining_release,quadrant_cross_entropy_to_exact_score_map,lower,180,1.2767502305262764e-05,0.95,-5.09274714980628e-08,3.4887916740569104e-05,0.0916,0.20475904819036192,12,5000,20260722,True,0.6806638672265547
excluding_2020_03_through_2020_05,candidate_all_six,student_t_7_combined,before_any_defining_release,score_center_negative_log_predictive_density,lower,180,0.015132605074331942,0.95,-0.07610929299496741,0.12878897210691886,0.418,0.7818436312737452,12,5000,20260722,False,
excluding_2020_03_through_2020_05,priority_01_surveys,student_t_7_combined,before_any_defining_release,score_center_negative_log_predictive_density,lower,180,0.015421294008983025,0.95,-0.06757695080025362,0.11291328106791518,0.3866,0.7430513897220556,12,5000,20260722,True,1.0
excluding_2020_03_through_2020_05,priority_02_claims,student_t_7_combined,before_any_defining_release,score_center_negative_log_predictive_density,lower,180,-0.021918962507934805,0.95,-0.038514347791237004,-0.006353558179835995,0.998,0.006798640271945611,12,5000,20260722,True,0.04079184163167367
excluding_2020_03_through_2020_05,priority_03_consumer,student_t_7_combined,before_any_defining_release,score_center_negative_log_predictive_density,lower,180,-0.0012316938059040484,0.95,-0.002657980052166332,-7.206288294963176e-05,0.9842,0.057788442311537694,12,5000,20260722,True,0.28894221155768846
excluding_2020_03_through_2020_05,priority_04_housing,student_t_7_combined,before_any_defining_release,score_center_negative_log_predictive_density,lower,180,-5.927797187368602e-06,0.95,-1.4587051267543538e-05,-3.746479931251691e-07,0.9932,0.08538292341531693,12,5000,20260722,True,0.34153169366126773
excluding_2020_03_through_2020_05,priority_05_import_prices,student_t_7_combined,before_any_defining_release,score_center_negative_log_predictive_density,lower,180,-0.0004084194173116861,0.95,-0.0014029376951756533,0.00015781364897925998,0.696,0.5286942611477704,12,5000,20260722,True,1.0
excluding_2020_03_through_2020_05,priority_06_backlog,student_t_7_combined,before_any_defining_release,score_center_negative_log_predictive_density,lower,180,3.083898250381998e-05,0.95,-3.020441066216135e-08,8.909545205128349e-05,0.0608,0.17296540691861628,12,5000,20260722,True,0.5188962207558488
excluding_2020_03_through_2020_05,candidate_all_six,student_t_7_combined,strict_pre_final_score_day,hard_quadrant_correct,higher,180,-0.03888888888888889,0.95,-0.10555555555555556,0.022222222222222223,0.091,0.23595280943811237,12,5000,20260722,False,
excluding_2020_03_through_2020_05,priority_01_surveys,student_t_7_combined,strict_pre_final_score_day,hard_quadrant_correct,higher,180,-0.027777777777777776,0.95,-0.06666666666666667,0.0,0.0096,0.124375124975005,12,5000,20260722,True,0.7462507498500299
excluding_2020_03_through_2020_05,priority_02_claims,student_t_7_combined,strict_pre_final_score_day,hard_quadrant_correct,higher,180,0.005555555555555556,0.95,0.0,0.016666666666666666,0.6538,0.6230753849230154,12,5000,20260722,True,1.0
excluding_2020_03_through_2020_05,priority_03_consumer,student_t_7_combined,strict_pre_final_score_day,hard_quadrant_correct,higher,180,0.016666666666666666,0.95,-0.016666666666666666,0.06111111111111111,0.7596,0.3567286542691462,12,5000,20260722,True,1.0
excluding_2020_03_through_2020_05,priority_04_housing,student_t_7_combined,strict_pre_final_score_day,hard_quadrant_correct,higher,180,-0.011111111111111112,0.95,-0.05,0.016666666666666666,0.2076,0.504499100179964,12,5000,20260722,True,1.0
excluding_2020_03_through_2020_05,priority_05_import_prices,student_t_7_combined,strict_pre_final_score_day,hard_quadrant_correct,higher,180,-0.011111111111111112,0.95,-0.03888888888888889,0.011111111111111112,0.142,0.4371125774845031,12,5000,20260722,True,1.0
excluding_2020_03_through_2020_05,priority_06_backlog,student_t_7_combined,strict_pre_final_score_day,hard_quadrant_correct,higher,180,-0.005555555555555556,0.95,-0.022222222222222223,0.005555555555555556,0.1042,0.5124975004999001,12,5000,20260722,True,1.0
excluding_2020_03_through_2020_05,candidate_all_six,student_t_7_combined,strict_pre_final_score_day,quadrant_brier_distance_to_exact_score_map,lower,180,0.006527948560152123,0.95,0.00010992655093166557,0.015035841659695995,0.0204,0.07838432313537293,12,5000,20260722,False,
excluding_2020_03_through_2020_05,priority_01_surveys,student_t_7_combined,strict_pre_final_score_day,quadrant_brier_distance_to_exact_score_map,lower,180,0.006168800027359686,0.95,0.00023548720681935506,0.013477394975764645,0.0172,0.0593881223755249,12,5000,20260722,True,0.35632873425314937
excluding_2020_03_through_2020_05,priority_02_claims,student_t_7_combined,strict_pre_final_score_day,quadrant_brier_distance_to_exact_score_map,lower,180,-0.00014118153868618901,0.95,-0.00039899298204786304,6.140714100037554e-05,0.8894,0.23555288942211558,12,5000,20260722,True,0.9422115576884623
excluding_2020_03_through_2020_05,priority_03_consumer,student_t_7_combined,strict_pre_final_score_day,quadrant_brier_distance_to_exact_score_map,lower,180,-0.00028740687942925466,0.95,-0.0019652527522520326,0.001009668010454486,0.6298,0.7128574285142971,12,5000,20260722,True,1.0
excluding_2020_03_through_2020_05,priority_04_housing,student_t_7_combined,strict_pre_final_score_day,quadrant_brier_distance_to_exact_score_map,lower,180,0.00017362338888450218,0.95,-0.00027246095313166585,0.0007213771588802566,0.2636,0.4949010197960408,12,5000,20260722,True,1.0
excluding_2020_03_through_2020_05,priority_05_import_prices,student_t_7_combined,strict_pre_final_score_day,quadrant_brier_distance_to_exact_score_map,lower,180,0.00041082040822832837,0.95,-0.0008635581770892141,0.0020185249809476073,0.3186,0.5856828634273146,12,5000,20260722,True,1.0
excluding_2020_03_through_2020_05,priority_06_backlog,student_t_7_combined,strict_pre_final_score_day,quadrant_brier_distance_to_exact_score_map,lower,180,-0.000264954635337788,0.95,-0.000605970290076541,3.5800379536721295e-06,0.9732,0.08758248350329934,12,5000,20260722,True,0.4379124175164967
excluding_2020_03_through_2020_05,candidate_all_six,student_t_7_combined,strict_pre_final_score_day,quadrant_cross_entropy_to_exact_score_map,lower,180,0.011640430598486424,0.95,-0.002901148530595612,0.030019297970623724,0.0718,0.16356728654269145,12,5000,20260722,False,
excluding_2020_03_through_2020_05,priority_01_surveys,student_t_7_combined,strict_pre_final_score_day,quadrant_cross_entropy_to_exact_score_map,lower,180,0.01221536174550299,0.95,-0.0006410752269560265,0.027888073001909597,0.0354,0.09658068386322735,12,5000,20260722,True,0.4829034193161368
excluding_2020_03_through_2020_05,priority_02_claims,student_t_7_combined,strict_pre_final_score_day,quadrant_cross_entropy_to_exact_score_map,lower,180,-0.00014650098225122945,0.95,-0.000452488805308951,0.00012260504951868637,0.8434,0.31073785242951407,12,5000,20260722,True,1.0
excluding_2020_03_through_2020_05,priority_03_consumer,student_t_7_combined,strict_pre_final_score_day,quadrant_cross_entropy_to_exact_score_map,lower,180,-0.0009567219333490124,0.95,-0.004565124196524685,0.0018094080481660957,0.7032,0.5692861427714457,12,5000,20260722,True,1.0
excluding_2020_03_through_2020_05,priority_04_housing,student_t_7_combined,strict_pre_final_score_day,quadrant_cross_entropy_to_exact_score_map,lower,180,0.00014431982789218768,0.95,-0.0005373614022152921,0.0009625491249058195,0.36,0.6982603479304139,12,5000,20260722,True,1.0
excluding_2020_03_through_2020_05,priority_05_import_prices,student_t_7_combined,strict_pre_final_score_day,quadrant_cross_entropy_to_exact_score_map,lower,180,9.639785318194169e-05,0.95,-0.004184005250275551,0.00450241388456441,0.4848,0.9640071985602879,12,5000,20260722,True,1.0
excluding_2020_03_through_2020_05,priority_06_backlog,student_t_7_combined,strict_pre_final_score_day,quadrant_cross_entropy_to_exact_score_map,lower,180,-0.0005853725241035551,0.95,-0.0013234187795166008,-4.649918477828497e-05,0.9924,0.0635872825434913,12,5000,20260722,True,0.3815236952609478
excluding_2020_03_through_2020_05,candidate_all_six,student_t_7_combined,strict_pre_final_score_day,score_center_negative_log_predictive_density,lower,180,0.07088020435359423,0.95,-0.061943919711211354,0.23427077722400086,0.1762,0.35272945410917816,12,5000,20260722,False,
excluding_2020_03_through_2020_05,priority_01_surveys,student_t_7_combined,strict_pre_final_score_day,score_center_negative_log_predictive_density,lower,180,0.05280590179241962,0.95,-0.031060256539358067,0.15047005978312664,0.123,0.2521495700859828,12,5000,20260722,True,1.0
excluding_2020_03_through_2020_05,priority_02_claims,student_t_7_combined,strict_pre_final_score_day,score_center_negative_log_predictive_density,lower,180,1.9703619689967785e-05,0.95,-0.0029163840224117436,0.003514232385427586,0.522,0.9892021595680864,12,5000,20260722,True,1.0
excluding_2020_03_through_2020_05,priority_03_consumer,student_t_7_combined,strict_pre_final_score_day,score_center_negative_log_predictive_density,lower,180,0.023034077395449677,0.95,-0.020335482046767644,0.06420244333926571,0.1328,0.2659468106378724,12,5000,20260722,True,1.0
excluding_2020_03_through_2020_05,priority_04_housing,student_t_7_combined,strict_pre_final_score_day,score_center_negative_log_predictive_density,lower,180,-0.00038070696930642443,0.95,-0.008830514231988723,0.010382458800027443,0.5688,0.9432113577284543,12,5000,20260722,True,1.0
excluding_2020_03_through_2020_05,priority_05_import_prices,student_t_7_combined,strict_pre_final_score_day,score_center_negative_log_predictive_density,lower,180,-0.029415424430692845,0.95,-0.08039798953458016,0.010816723017937872,0.9038,0.20475904819036192,12,5000,20260722,True,1.0
excluding_2020_03_through_2020_05,priority_06_backlog,student_t_7_combined,strict_pre_final_score_day,score_center_negative_log_predictive_density,lower,180,-0.004219086816651462,0.95,-0.012502991381170319,0.001707458125314505,0.8874,0.2461507698460308,12,5000,20260722,True,1.0
full_sample,candidate_all_six,student_t_7_combined,after_employment_situation,hard_quadrant_correct,higher,183,-0.03825136612021858,0.95,-0.08196721311475409,0.0,0.0088,0.05538892221555689,12,5000,20260722,False,
full_sample,priority_01_surveys,student_t_7_combined,after_employment_situation,hard_quadrant_correct,higher,183,-0.01639344262295082,0.95,-0.04918032786885246,0.01092896174863388,0.1074,0.33453309338132375,12,5000,20260722,True,1.0
full_sample,priority_02_claims,student_t_7_combined,after_employment_situation,hard_quadrant_correct,higher,183,0.0,0.95,-0.02185792349726776,0.0273224043715847,0.4196,1.0,12,5000,20260722,True,1.0
full_sample,priority_03_consumer,student_t_7_combined,after_employment_situation,hard_quadrant_correct,higher,183,-0.00546448087431694,0.95,-0.03278688524590164,0.02185792349726776,0.2664,0.71125774845031,12,5000,20260722,True,1.0
full_sample,priority_04_housing,student_t_7_combined,after_employment_situation,hard_quadrant_correct,higher,183,0.0,0.95,0.0,0.0,0.0,1.0,12,5000,20260722,True,1.0
full_sample,priority_05_import_prices,student_t_7_combined,after_employment_situation,hard_quadrant_correct,higher,183,0.0,0.95,0.0,0.0,0.0,1.0,12,5000,20260722,True,1.0
full_sample,priority_06_backlog,student_t_7_combined,after_employment_situation,hard_quadrant_correct,higher,183,0.0,0.95,0.0,0.0,0.0,1.0,12,5000,20260722,True,1.0
full_sample,candidate_all_six,student_t_7_combined,after_employment_situation,quadrant_brier_distance_to_exact_score_map,lower,183,0.007410248787776118,0.95,0.001683259155449592,0.014579430855494077,0.001,0.02399520095980804,12,5000,20260722,False,
full_sample,priority_01_surveys,student_t_7_combined,after_employment_situation,quadrant_brier_distance_to_exact_score_map,lower,183,0.006973624730736131,0.95,0.0016542642505881482,0.013360661448928033,0.0004,0.019396120775844832,12,5000,20260722,True,0.11637672465506899
full_sample,priority_02_claims,student_t_7_combined,after_employment_situation,quadrant_brier_distance_to_exact_score_map,lower,183,-0.00014319910372267105,0.95,-0.0005595474809716705,0.00026161917621419676,0.7608,0.48470305938812236,12,5000,20260722,True,1.0
full_sample,priority_03_consumer,student_t_7_combined,after_employment_situation,quadrant_brier_distance_to_exact_score_map,lower,183,-0.0002752293116285099,0.95,-0.0013047865807976732,0.0006360128229012306,0.7024,0.564887022595481,12,5000,20260722,True,1.0
full_sample,priority_04_housing,student_t_7_combined,after_employment_situation,quadrant_brier_distance_to_exact_score_map,lower,183,-1.0051170127820998e-06,0.95,-2.783445918793555e-06,1.1146848257143199e-08,0.9514,0.14517096580683864,12,5000,20260722,True,0.7258548290341932
full_sample,priority_05_import_prices,student_t_7_combined,after_employment_situation,quadrant_brier_distance_to_exact_score_map,lower,183,-4.720658825665715e-05,0.95,-0.00017007173826178828,2.4084314411302066e-05,0.7132,0.510497900419916,12,5000,20260722,True,1.0
full_sample,priority_06_backlog,student_t_7_combined,after_employment_situation,quadrant_brier_distance_to_exact_score_map,lower,183,6.130822545617068e-06,0.95,-5.599549304333709e-09,1.6385111555516188e-05,0.1068,0.22595480903819237,12,5000,20260722,True,0.9038192361527695
full_sample,candidate_all_six,student_t_7_combined,after_employment_situation,quadrant_cross_entropy_to_exact_score_map,lower,183,0.012376141887192106,0.95,0.00019472364553419953,0.027382086147490537,0.0212,0.07118576284743051,12,5000,20260722,False,
full_sample,priority_01_surveys,student_t_7_combined,after_employment_situation,quadrant_cross_entropy_to_exact_score_map,lower,183,0.01156535847395396,0.95,0.00061459949991534,0.02454088275728135,0.0148,0.05598880223955209,12,5000,20260722,True,0.3359328134373125
full_sample,priority_02_claims,student_t_7_combined,after_employment_situation,quadrant_cross_entropy_to_exact_score_map,lower,183,-0.00026268840127054166,0.95,-0.0008661485408993069,0.00025561064260061717,0.8298,0.34353129374125174,12,5000,20260722,True,1.0
full_sample,priority_03_consumer,student_t_7_combined,after_employment_situation,quadrant_cross_entropy_to_exact_score_map,lower,183,-0.0006377719691222803,0.95,-0.0026966175085437354,0.0009497769439209937,0.7356,0.5060987802439512,12,5000,20260722,True,1.0
full_sample,priority_04_housing,student_t_7_combined,after_employment_situation,quadrant_cross_entropy_to_exact_score_map,lower,183,-1.8598519249612855e-06,0.95,-5.3204590620272855e-06,3.80096204706048e-07,0.957,0.14237152569486103,12,5000,20260722,True,0.7118576284743051
full_sample,priority_05_import_prices,student_t_7_combined,after_employment_situation,quadrant_cross_entropy_to_exact_score_map,lower,183,-9.002939819707365e-05,0.95,-0.0003332467448074855,5.9001130653799845e-05,0.7048,0.5088982203559288,12,5000,20260722,True,1.0
full_sample,priority_06_backlog,student_t_7_combined,after_employment_situation,quadrant_cross_entropy_to_exact_score_map,lower,183,1.231215441058759e-05,0.95,-1.3253707233285854e-08,3.5025983845001586e-05,0.1034,0.22095580883823235,12,5000,20260722,True,0.8838232353529294
full_sample,candidate_all_six,student_t_7_combined,after_employment_situation,score_center_negative_log_predictive_density,lower,183,4.844954369499354,0.95,-0.0422557977684714,14.559423924958308,0.1644,0.3251349730053989,12,5000,20260722,False,
full_sample,priority_01_surveys,student_t_7_combined,after_employment_situation,score_center_negative_log_predictive_density,lower,183,0.0742553544890247,0.95,-0.03438024698545727,0.23279050342682117,0.1442,0.2923415316936613,12,5000,20260722,True,1.0
full_sample,priority_02_claims,student_t_7_combined,after_employment_situation,score_center_negative_log_predictive_density,lower,183,-0.014778360319423027,0.95,-0.050345885032365825,0.018056386524810078,0.9334,0.19736052789442113,12,5000,20260722,True,1.0
full_sample,priority_03_consumer,student_t_7_combined,after_employment_situation,score_center_negative_log_predictive_density,lower,183,4.837695610643569,0.95,-0.0218046640092689,14.541084646352218,0.3584,0.611877624475105,12,5000,20260722,True,1.0
full_sample,priority_04_housing,student_t_7_combined,after_employment_situation,score_center_negative_log_predictive_density,lower,183,1.1901417466636957e-06,0.95,-1.1831847604782942e-05,1.7529216087053664e-05,0.4938,0.8778244351129774,12,5000,20260722,True,1.0
full_sample,priority_05_import_prices,student_t_7_combined,after_employment_situation,score_center_negative_log_predictive_density,lower,183,-0.00037752450982021253,0.95,-0.001300160467979266,0.00013907640517746146,0.7648,0.45550889822035595,12,5000,20260722,True,1.0
full_sample,priority_06_backlog,student_t_7_combined,after_employment_situation,score_center_negative_log_predictive_density,lower,183,3.3446304908236454e-05,0.95,-2.9301082161116488e-08,9.331150882454607e-05,0.0858,0.19536092781443712,12,5000,20260722,True,1.0
full_sample,candidate_all_six,student_t_7_combined,after_midmonth_defining_releases,hard_quadrant_correct,higher,183,-0.03825136612021858,0.95,-0.1092896174863388,0.02185792349726776,0.095,0.249750049990002,12,5000,20260722,False,
full_sample,priority_01_surveys,student_t_7_combined,after_midmonth_defining_releases,hard_quadrant_correct,higher,183,-0.03278688524590164,0.95,-0.07650273224043716,0.0,0.0206,0.10697860427914417,12,5000,20260722,True,0.5348930213957208
full_sample,priority_02_claims,student_t_7_combined,after_midmonth_defining_releases,hard_quadrant_correct,higher,183,-0.00546448087431694,0.95,-0.03278688524590164,0.01639344262295082,0.2558,0.6696660667866426,12,5000,20260722,True,1.0
full_sample,priority_03_consumer,student_t_7_combined,after_midmonth_defining_releases,hard_quadrant_correct,higher,183,0.03825136612021858,0.95,0.00546448087431694,0.08196721311475409,0.9832,0.04999000199960008,12,5000,20260722,True,0.2999400119976005
full_sample,priority_04_housing,student_t_7_combined,after_midmonth_defining_releases,hard_quadrant_correct,higher,183,-0.00546448087431694,0.95,-0.02185792349726776,0.01092896174863388,0.1848,0.5770845830833833,12,5000,20260722,True,1.0
full_sample,priority_05_import_prices,student_t_7_combined,after_midmonth_defining_releases,hard_quadrant_correct,higher,183,-0.00546448087431694,0.95,-0.03825136612021858,0.02185792349726776,0.2978,0.7242551489702059,12,5000,20260722,True,1.0
full_sample,priority_06_backlog,student_t_7_combined,after_midmonth_defining_releases,hard_quadrant_correct,higher,183,0.0,0.95,0.0,0.0,0.0,1.0,12,5000,20260722,True,1.0
full_sample,candidate_all_six,student_t_7_combined,after_midmonth_defining_releases,quadrant_brier_distance_to_exact_score_map,lower,183,0.006038797723460237,0.95,0.0003784990789552541,0.013436128751699127,0.0128,0.0627874425114977,12,5000,20260722,False,
full_sample,priority_01_surveys,student_t_7_combined,after_midmonth_defining_releases,quadrant_brier_distance_to_exact_score_map,lower,183,0.00541503765488252,0.95,0.00030176961458666603,0.011537441581425011,0.015,0.05578884223155369,12,5000,20260722,True,0.33473305338932213
full_sample,priority_02_claims,student_t_7_combined,after_midmonth_defining_releases,quadrant_brier_distance_to_exact_score_map,lower,183,-0.00011193275717699001,0.95,-0.00026552310147433353,1.1684787197753153e-05,0.96,0.10577884423115377,12,5000,20260722,True,0.5288942211557689
full_sample,priority_03_consumer,student_t_7_combined,after_midmonth_defining_releases,quadrant_brier_distance_to_exact_score_map,lower,183,-0.00014126479140119988,0.95,-0.001330932701661497,0.0008535218724557548,0.5834,0.8008398320335933,12,5000,20260722,True,1.0
full_sample,priority_04_housing,student_t_7_combined,after_midmonth_defining_releases,quadrant_brier_distance_to_exact_score_map,lower,183,9.716682786566391e-06,0.95,-3.1821073113535346e-05,6.984648449828326e-05,0.4174,0.7284543091381723,12,5000,20260722,True,1.0
full_sample,priority_05_import_prices,student_t_7_combined,after_midmonth_defining_releases,quadrant_brier_distance_to_exact_score_map,lower,183,0.0006542642470173092,0.95,-0.0005945857940371514,0.0022545813909574997,0.1846,0.3639272145570886,12,5000,20260722,True,1.0
full_sample,priority_06_backlog,student_t_7_combined,after_midmonth_defining_releases,quadrant_brier_distance_to_exact_score_map,lower,183,-9.058955598684575e-06,0.95,-2.9937385705974197e-05,2.3758354562573037e-06,0.6778,0.5516896620675865,12,5000,20260722,True,1.0
full_sample,candidate_all_six,student_t_7_combined,after_midmonth_defining_releases,quadrant_cross_entropy_to_exact_score_map,lower,183,0.011002672603803828,0.95,-0.0014831749976983262,0.026530720875205333,0.0474,0.1249750049990002,12,5000,20260722,False,
full_sample,priority_01_surveys,student_t_7_combined,after_midmonth_defining_releases,quadrant_cross_entropy_to_exact_score_map,lower,183,0.010706536505628956,0.95,-3.5600465426124905e-05,0.02438664875943736,0.0258,0.08318336332733453,12,5000,20260722,True,0.4991001799640072
full_sample,priority_02_claims,student_t_7_combined,after_midmonth_defining_releases,quadrant_cross_entropy_to_exact_score_map,lower,183,-0.00013187750746016257,0.95,-0.0003473369017090454,5.290352300596816e-05,0.9086,0.19556088782243553,12,5000,20260722,True,0.9778044391121776
full_sample,priority_03_consumer,student_t_7_combined,after_midmonth_defining_releases,quadrant_cross_entropy_to_exact_score_map,lower,183,-0.000340582214342268,0.95,-0.0026312149023457205,0.0015987347144078854,0.6044,0.762247550489902,12,5000,20260722,True,1.0
full_sample,priority_04_housing,student_t_7_combined,after_midmonth_defining_releases,quadrant_cross_entropy_to_exact_score_map,lower,183,-1.7132666134271757e-07,0.95,-8.558098771089891e-05,0.0001085475931733901,0.5362,0.9978004399120176,12,5000,20260722,True,1.0
full_sample,priority_05_import_prices,student_t_7_combined,after_midmonth_defining_releases,quadrant_cross_entropy_to_exact_score_map,lower,183,0.0006160526639622008,0.95,-0.003590377145058766,0.004760234883257414,0.3874,0.7694461107778444,12,5000,20260722,True,1.0
full_sample,priority_06_backlog,student_t_7_combined,after_midmonth_defining_releases,quadrant_cross_entropy_to_exact_score_map,lower,183,-1.849835715633675e-05,0.95,-6.145115169956132e-05,4.840841404357039e-06,0.7272,0.4879024195160968,12,5000,20260722,True,1.0
full_sample,candidate_all_six,student_t_7_combined,after_midmonth_defining_releases,score_center_negative_log_predictive_density,lower,183,3.167427903203316,0.95,-0.017503232790034996,9.414818130379704,0.0474,0.14557088582283542,12,5000,20260722,False,
full_sample,priority_01_surveys,student_t_7_combined,after_midmonth_defining_releases,score_center_negative_log_predictive_density,lower,183,0.09432581618139653,0.95,-0.008362602624343206,0.22454325585012522,0.0412,0.11017796440711858,12,5000,20260722,True,0.45290941811637675
full_sample,priority_02_claims,student_t_7_combined,after_midmonth_defining_releases,score_center_negative_log_predictive_density,lower,183,-0.011510990444096205,0.95,-0.039549492938356794,0.013737232598113155,0.9308,0.20375924815036991,12,5000,20260722,True,0.6112777444511097
full_sample,priority_03_consumer,student_t_7_combined,after_midmonth_defining_releases,score_center_negative_log_predictive_density,lower,183,3.1265853906267913,0.95,0.007550007175283765,9.328906699111362,0.0102,0.09058188362327535,12,5000,20260722,True,0.45290941811637675
full_sample,priority_04_housing,student_t_7_combined,after_midmonth_defining_releases,score_center_negative_log_predictive_density,lower,183,-0.0012213480999572724,0.95,-0.0024975817785219917,-0.0002056106706408294,0.9944,0.03519296140771846,12,5000,20260722,True,0.21115776844631073
full_sample,priority_05_import_prices,student_t_7_combined,after_midmonth_defining_releases,score_center_negative_log_predictive_density,lower,183,-0.02653194548269799,0.95,-0.07691420338887842,0.006419755049825204,0.8988,0.22315536892621476,12,5000,20260722,True,0.6112777444511097
full_sample,priority_06_backlog,student_t_7_combined,after_midmonth_defining_releases,score_center_negative_log_predictive_density,lower,183,-0.00013283796841101662,0.95,-0.0004443842188051468,4.5867190181089227e-05,0.7294,0.5010997800439912,12,5000,20260722,True,0.6112777444511097
full_sample,candidate_all_six,student_t_7_combined,before_any_defining_release,hard_quadrant_correct,higher,183,-0.01092896174863388,0.95,-0.0546448087431694,0.0273224043715847,0.2444,0.595880823835233,12,5000,20260722,False,
full_sample,priority_01_surveys,student_t_7_combined,before_any_defining_release,hard_quadrant_correct,higher,183,-0.0273224043715847,0.95,-0.06557377049180328,0.00546448087431694,0.0328,0.1367726454709058,12,5000,20260722,True,0.8206358728254348
full_sample,priority_02_claims,student_t_7_combined,before_any_defining_release,hard_quadrant_correct,higher,183,0.02185792349726776,0.95,-0.00546448087431694,0.0546448087431694,0.9126,0.14457108578284344,12,5000,20260722,True,0.8206358728254348
full_sample,priority_03_consumer,student_t_7_combined,before_any_defining_release,hard_quadrant_correct,higher,183,0.01092896174863388,0.95,0.0,0.0273224043715847,0.886,0.15296940611877624,12,5000,20260722,True,0.8206358728254348
full_sample,priority_04_housing,student_t_7_combined,before_any_defining_release,hard_quadrant_correct,higher,183,0.0,0.95,0.0,0.0,0.0,1.0,12,5000,20260722,True,1.0
full_sample,priority_05_import_prices,student_t_7_combined,before_any_defining_release,hard_quadrant_correct,higher,183,0.00546448087431694,0.95,0.0,0.01639344262295082,0.6364,0.4487102579484103,12,5000,20260722,True,1.0
full_sample,priority_06_backlog,student_t_7_combined,before_any_defining_release,hard_quadrant_correct,higher,183,0.0,0.95,0.0,0.0,0.0,1.0,12,5000,20260722,True,1.0
full_sample,candidate_all_six,student_t_7_combined,before_any_defining_release,quadrant_brier_distance_to_exact_score_map,lower,183,0.024278468740072223,0.95,0.003939193950781557,0.04993451375748226,0.0042,0.03559288142371526,12,5000,20260722,False,
full_sample,priority_01_surveys,student_t_7_combined,before_any_defining_release,quadrant_brier_distance_to_exact_score_map,lower,183,0.023917006529699185,0.95,0.005455122434358501,0.04763243733433221,0.001,0.025994801039792043,12,5000,20260722,True,0.15596880623875226
full_sample,priority_02_claims,student_t_7_combined,before_any_defining_release,quadrant_brier_distance_to_exact_score_map,lower,183,-0.0009336967057174356,0.95,-0.002783808920023815,0.0005831491084897773,0.8612,0.27714457108578283,12,5000,20260722,True,0.9006198760247951
full_sample,priority_03_consumer,student_t_7_combined,before_any_defining_release,quadrant_brier_distance_to_exact_score_map,lower,183,3.0242949173237576e-05,0.95,-0.00040889175602567,0.0005453378569333392,0.4826,0.906618676264747,12,5000,20260722,True,1.0
full_sample,priority_04_housing,student_t_7_combined,before_any_defining_release,quadrant_brier_distance_to_exact_score_map,lower,183,-1.3770865905249844e-06,0.95,-3.685587327937635e-06,-3.53718415941318e-08,0.989,0.10217956408718257,12,5000,20260722,True,0.5108978204359128
full_sample,priority_05_import_prices,student_t_7_combined,before_any_defining_release,quadrant_brier_distance_to_exact_score_map,lower,183,-4.721428368179195e-05,0.95,-0.00017072974395407686,2.591905970436984e-05,0.7042,0.5126974605078984,12,5000,20260722,True,1.0
full_sample,priority_06_backlog,student_t_7_combined,before_any_defining_release,quadrant_brier_distance_to_exact_score_map,lower,183,5.970747192792102e-06,0.95,-2.3159610876107633e-08,1.707080034433622e-05,0.099,0.22515496900619877,12,5000,20260722,True,0.9006198760247951
full_sample,candidate_all_six,student_t_7_combined,before_any_defining_release,quadrant_cross_entropy_to_exact_score_map,lower,183,0.05160010294342504,0.95,0.008040723219819839,0.11034656364783887,0.0056,0.04539092181563687,12,5000,20260722,False,
full_sample,priority_01_surveys,student_t_7_combined,before_any_defining_release,quadrant_cross_entropy_to_exact_score_map,lower,183,0.04737044112156282,0.95,0.008844205351317337,0.09472925216470243,0.002,0.027194561087782444,12,5000,20260722,True,0.16316736652669467
full_sample,priority_02_claims,student_t_7_combined,before_any_defining_release,quadrant_cross_entropy_to_exact_score_map,lower,183,-0.0025256164184252277,0.95,-0.0066075755128152105,0.0004376588546113502,0.9344,0.16196760647870426,12,5000,20260722,True,0.647870425914817
full_sample,priority_03_consumer,student_t_7_combined,before_any_defining_release,quadrant_cross_entropy_to_exact_score_map,lower,183,0.00011413116547835871,0.95,-0.000753974767952795,0.00115867822699168,0.413,0.8048390321935612,12,5000,20260722,True,1.0
full_sample,priority_04_housing,student_t_7_combined,before_any_defining_release,quadrant_cross_entropy_to_exact_score_map,lower,183,-2.7666383182280947e-06,0.95,-7.370308772436369e-06,-1.0357767866849353e-07,0.9914,0.09938012397520496,12,5000,20260722,True,0.4969006198760248
full_sample,priority_05_import_prices,student_t_7_combined,before_any_defining_release,quadrant_cross_entropy_to_exact_score_map,lower,183,-8.280384263405406e-05,0.95,-0.00032192594571330604,7.035283465071805e-05,0.6706,0.5436912617476505,12,5000,20260722,True,1.0
full_sample,priority_06_backlog,student_t_7_combined,before_any_defining_release,quadrant_cross_entropy_to_exact_score_map,lower,183,1.2558199038297173e-05,0.95,-4.7661220236091935e-08,3.599183378996617e-05,0.09,0.20655868826234752,12,5000,20260722,True,0.647870425914817
full_sample,candidate_all_six,student_t_7_combined,before_any_defining_release,score_center_negative_log_predictive_density,lower,183,0.06266887339038894,0.95,-0.054414110979235764,0.19624943476419765,0.1684,0.32373525294941013,12,5000,20260722,False,
full_sample,priority_01_surveys,student_t_7_combined,before_any_defining_release,score_center_negative_log_predictive_density,lower,183,0.07187181324821906,0.95,-0.039731450441757285,0.21620566125363902,0.1262,0.27494501099780044,12,5000,20260722,True,0.9550089982003599
full_sample,priority_02_claims,student_t_7_combined,before_any_defining_release,score_center_negative_log_predictive_density,lower,183,-0.016999554142711346,0.95,-0.07213081128161562,0.04282124454332225,0.8806,0.23875224955008997,12,5000,20260722,True,0.9550089982003599
full_sample,priority_03_consumer,student_t_7_combined,before_any_defining_release,score_center_negative_log_predictive_density,lower,183,-0.008824339658012785,0.95,-0.024269714571216135,-0.00033107243352515324,0.9964,0.07798440311937613,12,5000,20260722,True,0.46790641871625677
full_sample,priority_04_housing,student_t_7_combined,before_any_defining_release,score_center_negative_log_predictive_density,lower,183,3.87719416950413e-06,0.95,-1.2501143136600728e-05,2.599390023271101e-05,0.3988,0.7018596280743852,12,5000,20260722,True,0.9550089982003599
full_sample,priority_05_import_prices,student_t_7_combined,before_any_defining_release,score_center_negative_log_predictive_density,lower,183,-0.0004102245025405468,0.95,-0.0013975269012675622,0.00013886308799603936,0.7688,0.4335132973405319,12,5000,20260722,True,0.9550089982003599
full_sample,priority_06_backlog,student_t_7_combined,before_any_defining_release,score_center_negative_log_predictive_density,lower,183,3.0329098506527625e-05,0.95,-3.31824306653641e-08,8.432622731455007e-05,0.07,0.18136372725454908,12,5000,20260722,True,0.9068186362727454
full_sample,candidate_all_six,student_t_7_combined,strict_pre_final_score_day,hard_quadrant_correct,higher,183,-0.03825136612021858,0.95,-0.09836065573770492,0.01639344262295082,0.0904,0.21195760847830433,12,5000,20260722,False,
full_sample,priority_01_surveys,student_t_7_combined,strict_pre_final_score_day,hard_quadrant_correct,higher,183,-0.0273224043715847,0.95,-0.06557377049180328,0.0,0.0112,0.07758448310337933,12,5000,20260722,True,0.46550689862027594
full_sample,priority_02_claims,student_t_7_combined,strict_pre_final_score_day,hard_quadrant_correct,higher,183,0.00546448087431694,0.95,0.0,0.01639344262295082,0.6294,0.46370725854829037,12,5000,20260722,True,1.0
full_sample,priority_03_consumer,student_t_7_combined,strict_pre_final_score_day,hard_quadrant_correct,higher,183,0.01639344262295082,0.95,-0.01639344262295082,0.0546448087431694,0.7746,0.3745250949810038,12,5000,20260722,True,1.0
full_sample,priority_04_housing,student_t_7_combined,strict_pre_final_score_day,hard_quadrant_correct,higher,183,-0.01092896174863388,0.95,-0.04918032786885246,0.01639344262295082,0.2124,0.5350929814037193,12,5000,20260722,True,1.0
full_sample,priority_05_import_prices,student_t_7_combined,strict_pre_final_score_day,hard_quadrant_correct,higher,183,-0.01092896174863388,0.95,-0.03825136612021858,0.01092896174863388,0.141,0.4349130173965207,12,5000,20260722,True,1.0
full_sample,priority_06_backlog,student_t_7_combined,strict_pre_final_score_day,hard_quadrant_correct,higher,183,-0.00546448087431694,0.95,-0.02185792349726776,0.00546448087431694,0.0958,0.5072985402919417,12,5000,20260722,True,1.0
full_sample,candidate_all_six,student_t_7_combined,strict_pre_final_score_day,quadrant_brier_distance_to_exact_score_map,lower,183,0.006428041938442683,0.95,0.00027112353645820215,0.014711444975575614,0.0184,0.07678464307138572,12,5000,20260722,False,
full_sample,priority_01_surveys,student_t_7_combined,strict_pre_final_score_day,quadrant_brier_distance_to_exact_score_map,lower,183,0.006068126468580851,0.95,0.00026135817095445377,0.013036045334474852,0.0166,0.0611877624475105,12,5000,20260722,True,0.367126574685063
full_sample,priority_02_claims,student_t_7_combined,strict_pre_final_score_day,quadrant_brier_distance_to_exact_score_map,lower,183,-0.00013829824587462236,0.95,-0.00038922224584431934,5.725456481910341e-05,0.8988,0.22675464907018597,12,5000,20260722,True,0.9070185962807439
full_sample,priority_03_consumer,student_t_7_combined,strict_pre_final_score_day,quadrant_brier_distance_to_exact_score_map,lower,183,-0.00028226574654205964,0.95,-0.001938029809849076,0.0010004939309607498,0.6128,0.7230553889222155,12,5000,20260722,True,1.0
full_sample,priority_04_housing,student_t_7_combined,strict_pre_final_score_day,quadrant_brier_distance_to_exact_score_map,lower,183,0.0001710435020374526,0.95,-0.00027300173005455065,0.0007267378691554755,0.2524,0.4939012197560488,12,5000,20260722,True,1.0
full_sample,priority_05_import_prices,student_t_7_combined,strict_pre_final_score_day,quadrant_brier_distance_to_exact_score_map,lower,183,0.00040900542457354466,0.95,-0.0008376146057723779,0.0019494038738600838,0.3054,0.5768846230753849,12,5000,20260722,True,1.0
full_sample,priority_06_backlog,student_t_7_combined,strict_pre_final_score_day,quadrant_brier_distance_to_exact_score_map,lower,183,-0.00026022234286987074,0.95,-0.0006120447283564707,1.8416340669957073e-06,0.9728,0.08998200359928014,12,5000,20260722,True,0.44991001799640074
full_sample,candidate_all_six,student_t_7_combined,strict_pre_final_score_day,quadrant_cross_entropy_to_exact_score_map,lower,183,0.011469741229372938,0.95,-0.0028074999791571115,0.028995816464978452,0.0688,0.16056788642271547,12,5000,20260722,False,
full_sample,priority_01_surveys,student_t_7_combined,strict_pre_final_score_day,quadrant_cross_entropy_to_exact_score_map,lower,183,0.012019488152382306,0.95,-0.0005281337210979684,0.027414373880552272,0.033,0.09258148370325935,12,5000,20260722,True,0.46290741851629674
full_sample,priority_02_claims,student_t_7_combined,strict_pre_final_score_day,quadrant_cross_entropy_to_exact_score_map,lower,183,-0.00013747655538074268,0.95,-0.000421114782397748,0.0001189601807766918,0.843,0.3053389322135573,12,5000,20260722,True,1.0
full_sample,priority_03_consumer,student_t_7_combined,strict_pre_final_score_day,quadrant_cross_entropy_to_exact_score_map,lower,183,-0.0009403868705575063,0.95,-0.0043289905436697885,0.001770236012409391,0.7004,0.5558888222355529,12,5000,20260722,True,1.0
full_sample,priority_04_housing,student_t_7_combined,strict_pre_final_score_day,quadrant_cross_entropy_to_exact_score_map,lower,183,0.0001411691754193359,0.95,-0.0005249605518984349,0.0009126217303670386,0.3672,0.6960607878424315,12,5000,20260722,True,1.0
full_sample,priority_05_import_prices,student_t_7_combined,strict_pre_final_score_day,quadrant_cross_entropy_to_exact_score_map,lower,183,0.00010365732882387176,0.95,-0.004085817535281042,0.004450766406570183,0.4744,0.9592081583683263,12,5000,20260722,True,1.0
full_sample,priority_06_backlog,student_t_7_combined,strict_pre_final_score_day,quadrant_cross_entropy_to_exact_score_map,lower,183,-0.0005756484508935926,0.95,-0.0013468530812565565,-4.532907438485313e-05,0.991,0.06898620275944811,12,5000,20260722,True,0.41391721655668867
full_sample,candidate_all_six,student_t_7_combined,strict_pre_final_score_day,score_center_negative_log_predictive_density,lower,183,3.1442851852233114,0.95,-0.035235759297972444,9.359374623834787,0.0604,0.16336732653469307,12,5000,20260722,False,
full_sample,priority_01_surveys,student_t_7_combined,strict_pre_final_score_day,score_center_negative_log_predictive_density,lower,183,0.08238885134171335,0.95,-0.011774486898869847,0.189823659868871,0.0458,0.11177764447110577,12,5000,20260722,True,0.5588882223555289
full_sample,priority_02_claims,student_t_7_combined,strict_pre_final_score_day,score_center_negative_log_predictive_density,lower,183,-0.02656691406296397,0.95,-0.09593626760691387,0.017401082518413193,0.9082,0.2409518096380724,12,5000,20260722,True,0.7228554289142172
full_sample,priority_03_consumer,student_t_7_combined,strict_pre_final_score_day,score_center_negative_log_predictive_density,lower,183,3.123879786284929,0.95,-0.0025567189588551766,9.33284377570962,0.033,0.1279744051189762,12,5000,20260722,True,0.5588882223555289
full_sample,priority_04_housing,student_t_7_combined,strict_pre_final_score_day,score_center_negative_log_predictive_density,lower,183,-0.011335359860576153,0.95,-0.027257763734467953,-0.000590140392803077,0.9828,0.08138372325534893,12,5000,20260722,True,0.48830233953209357
full_sample,priority_05_import_prices,student_t_7_combined,strict_pre_final_score_day,score_center_negative_log_predictive_density,lower,183,-0.0265394947161023,0.95,-0.07809638447682186,0.01245367711083817,0.8784,0.252749450109978,12,5000,20260722,True,0.7228554289142172
full_sample,priority_06_backlog,student_t_7_combined,strict_pre_final_score_day,score_center_negative_log_predictive_density,lower,183,0.0025515923121644155,0.95,-0.007122534461071944,0.014989660356353037,0.3518,0.648870225954809,12,5000,20260722,True,0.7228554289142172
