evaluation_sample,comparison_id,candidate_id,reference_id,block_id,experiment_arm,primary_atomic,evaluation_checkpoint,metric,better_direction,paired_months,mean_candidate_minus_reference,median_candidate_minus_reference,bootstrap_lower,bootstrap_upper,bootstrap_probability_candidate_better,mean_block_benefit,block_benefit_lower,block_benefit_upper,bootstrap_probability_block_beneficial,centered_two_sided_p_value,block_length_months,calendar_segments,replications,random_seed,holm_adjusted_p_value_replacement_candidates
excluding_2020_03_through_2020_05,priority_03_consumer__vs__leave_one_out_consumer_demand,priority_03_consumer,leave_one_out_consumer_demand,consumer_demand,replacement_against_reduced_core,False,after_employment_situation,hard_quadrant_correct,higher,180,-0.011111111111111112,0.0,-0.044444444444444446,0.022222222222222223,0.2006,-0.011111111111111112,-0.044444444444444446,0.022222222222222223,0.2006,0.5092981403719257,12,2,5000,20260722,1.0
excluding_2020_03_through_2020_05,priority_04_housing__vs__leave_one_out_housing_activity,priority_04_housing,leave_one_out_housing_activity,housing_activity,replacement_against_reduced_core,False,after_employment_situation,hard_quadrant_correct,higher,180,0.0,0.0,0.0,0.0,0.0,0.0,0.0,0.0,0.0,1.0,12,2,5000,20260722,1.0
excluding_2020_03_through_2020_05,priority_06_backlog__vs__leave_one_out_business_investment,priority_06_backlog,leave_one_out_business_investment,business_investment,replacement_against_reduced_core,False,after_employment_situation,hard_quadrant_correct,higher,180,0.0,0.0,0.0,0.0,0.0,0.0,0.0,0.0,0.0,1.0,12,2,5000,20260722,1.0
excluding_2020_03_through_2020_05,priority_03_consumer__vs__leave_one_out_consumer_demand,priority_03_consumer,leave_one_out_consumer_demand,consumer_demand,replacement_against_reduced_core,False,after_employment_situation,quadrant_brier_distance_to_exact_score_map,lower,180,-0.0003610567769663026,0.0,-0.0012289178773290707,0.0004420585058011647,0.7972,0.0003610567769663026,-0.0004420585058011647,0.00122891787732907,0.7972,0.4055188962207559,12,2,5000,20260722,0.4055188962207559
excluding_2020_03_through_2020_05,priority_04_housing__vs__leave_one_out_housing_activity,priority_04_housing,leave_one_out_housing_activity,housing_activity,replacement_against_reduced_core,False,after_employment_situation,quadrant_brier_distance_to_exact_score_map,lower,180,-4.1576776376572653e-07,0.0,-1.0293978099042213e-06,-9.017195039277174e-10,0.9768,4.1576776376572653e-07,9.017195039277071e-10,1.0293978099042204e-06,0.9768,0.09578084383123375,12,2,5000,20260722,0.28734253149370126
excluding_2020_03_through_2020_05,priority_06_backlog__vs__leave_one_out_business_investment,priority_06_backlog,leave_one_out_business_investment,business_investment,replacement_against_reduced_core,False,after_employment_situation,quadrant_brier_distance_to_exact_score_map,lower,180,4.265172165230258e-06,0.0,-1.6285311662959493e-09,1.1168931492124e-05,0.0666,-4.265172165230258e-06,-1.1168931492124e-05,1.628531166295949e-09,0.0666,0.17296540691861628,12,2,5000,20260722,0.34593081383723256
excluding_2020_03_through_2020_05,priority_03_consumer__vs__leave_one_out_consumer_demand,priority_03_consumer,leave_one_out_consumer_demand,consumer_demand,replacement_against_reduced_core,False,after_employment_situation,quadrant_cross_entropy_to_exact_score_map,lower,180,-0.0007756889217694768,0.0,-0.002551354992915813,0.000703965930619322,0.8112,0.0007756889217694768,-0.0007039659306193222,0.002551354992915812,0.8112,0.3755248950209958,12,2,5000,20260722,0.3755248950209958
excluding_2020_03_through_2020_05,priority_04_housing__vs__leave_one_out_housing_activity,priority_04_housing,leave_one_out_housing_activity,housing_activity,replacement_against_reduced_core,False,after_employment_situation,quadrant_cross_entropy_to_exact_score_map,lower,180,-8.258959054889702e-07,0.0,-2.0956052671886665e-06,6.546955073835353e-09,0.9678,8.258959054889702e-07,-6.546955073835545e-09,2.0956052671886665e-06,0.9678,0.1187762447510498,12,2,5000,20260722,0.35632873425314937
excluding_2020_03_through_2020_05,priority_06_backlog__vs__leave_one_out_business_investment,priority_06_backlog,leave_one_out_business_investment,business_investment,replacement_against_reduced_core,False,after_employment_situation,quadrant_cross_entropy_to_exact_score_map,lower,180,8.52353180618807e-06,0.0,-2.3960299096721493e-09,2.1654774865468037e-05,0.054,-8.52353180618807e-06,-2.1654774865468037e-05,2.3960299096721485e-09,0.054,0.14677064587082583,12,2,5000,20260722,0.35632873425314937
excluding_2020_03_through_2020_05,priority_03_consumer__vs__leave_one_out_consumer_demand,priority_03_consumer,leave_one_out_consumer_demand,consumer_demand,replacement_against_reduced_core,False,after_employment_situation,score_center_negative_log_predictive_density,lower,180,-0.005128668628874461,0.0,-0.010814842425530187,-0.000764323563553791,0.9928,0.005128668628874461,0.0007643235635537898,0.010814842425530184,0.9928,0.047190561887622474,12,2,5000,20260722,0.14157168566286743
excluding_2020_03_through_2020_05,priority_04_housing__vs__leave_one_out_housing_activity,priority_04_housing,leave_one_out_housing_activity,housing_activity,replacement_against_reduced_core,False,after_employment_situation,score_center_negative_log_predictive_density,lower,180,-2.626511043410616e-06,0.0,-6.944327706019649e-06,-1.8880696869447793e-08,0.983,2.626511043410616e-06,1.88806968694474e-08,6.944327706019648e-06,0.983,0.10797840431913618,12,2,5000,20260722,0.21595680863827235
excluding_2020_03_through_2020_05,priority_06_backlog__vs__leave_one_out_business_investment,priority_06_backlog,leave_one_out_business_investment,business_investment,replacement_against_reduced_core,False,after_employment_situation,score_center_negative_log_predictive_density,lower,180,2.362759151911269e-05,0.0,-7.574151173962397e-09,5.876707870811279e-05,0.0562,-2.362759151911269e-05,-5.876707870811279e-05,7.574151173962395e-09,0.0562,0.14557088582283542,12,2,5000,20260722,0.21595680863827235
excluding_2020_03_through_2020_05,priority_03_consumer__vs__leave_one_out_consumer_demand,priority_03_consumer,leave_one_out_consumer_demand,consumer_demand,replacement_against_reduced_core,False,after_midmonth_defining_releases,hard_quadrant_correct,higher,180,0.011111111111111112,0.0,-0.016666666666666666,0.03888888888888889,0.7202,0.011111111111111112,-0.016666666666666666,0.03888888888888889,0.7202,0.4389122175564887,12,2,5000,20260722,0.5282943411317736
excluding_2020_03_through_2020_05,priority_04_housing__vs__leave_one_out_housing_activity,priority_04_housing,leave_one_out_housing_activity,housing_activity,replacement_against_reduced_core,False,after_midmonth_defining_releases,hard_quadrant_correct,higher,180,-0.011111111111111112,0.0,-0.022222222222222223,0.0,0.0,-0.011111111111111112,-0.022222222222222223,0.0,0.0,0.09838032393521295,12,2,5000,20260722,0.29514097180563886
excluding_2020_03_through_2020_05,priority_06_backlog__vs__leave_one_out_business_investment,priority_06_backlog,leave_one_out_business_investment,business_investment,replacement_against_reduced_core,False,after_midmonth_defining_releases,hard_quadrant_correct,higher,180,-0.005555555555555556,0.0,-0.016666666666666666,0.0,0.0,-0.005555555555555556,-0.016666666666666666,0.0,0.0,0.2641471705658868,12,2,5000,20260722,0.5282943411317736
excluding_2020_03_through_2020_05,priority_03_consumer__vs__leave_one_out_consumer_demand,priority_03_consumer,leave_one_out_consumer_demand,consumer_demand,replacement_against_reduced_core,False,after_midmonth_defining_releases,quadrant_brier_distance_to_exact_score_map,lower,180,-0.0001423169892973152,0.0,-0.000385822030776231,0.0001032428663636643,0.866,0.0001423169892973152,-0.00010324286636366432,0.0003858220307762309,0.866,0.2735452909418116,12,2,5000,20260722,0.5470905818836233
excluding_2020_03_through_2020_05,priority_04_housing__vs__leave_one_out_housing_activity,priority_04_housing,leave_one_out_housing_activity,housing_activity,replacement_against_reduced_core,False,after_midmonth_defining_releases,quadrant_brier_distance_to_exact_score_map,lower,180,-2.907430272813867e-06,0.0,-9.972608326452429e-05,9.081957844131053e-05,0.5496,2.907430272813867e-06,-9.081957844131057e-05,9.972608326452428e-05,0.5496,0.9160167966406718,12,2,5000,20260722,0.9160167966406718
excluding_2020_03_through_2020_05,priority_06_backlog__vs__leave_one_out_business_investment,priority_06_backlog,leave_one_out_business_investment,business_investment,replacement_against_reduced_core,False,after_midmonth_defining_releases,quadrant_brier_distance_to_exact_score_map,lower,180,2.5191512921060903e-06,0.0,-3.215122531272624e-10,6.489212654432703e-06,0.05,-2.5191512921060903e-06,-6.489212654432703e-06,3.215122531272606e-10,0.05,0.14337132573485303,12,2,5000,20260722,0.43011397720455913
excluding_2020_03_through_2020_05,priority_03_consumer__vs__leave_one_out_consumer_demand,priority_03_consumer,leave_one_out_consumer_demand,consumer_demand,replacement_against_reduced_core,False,after_midmonth_defining_releases,quadrant_cross_entropy_to_exact_score_map,lower,180,-0.00021393025739588776,0.0,-0.0006593539001790517,0.00018631772870819058,0.8376,0.00021393025739588776,-0.0001863177287081909,0.0006593539001790514,0.8376,0.33553289342131576,12,2,5000,20260722,0.6710657868426315
excluding_2020_03_through_2020_05,priority_04_housing__vs__leave_one_out_housing_activity,priority_04_housing,leave_one_out_housing_activity,housing_activity,replacement_against_reduced_core,False,after_midmonth_defining_releases,quadrant_cross_entropy_to_exact_score_map,lower,180,3.6069160266988255e-05,0.0,-9.382609470985246e-05,0.0002100826713854604,0.3672,-3.6069160266988255e-05,-0.00021008267138546044,9.382609470985241e-05,0.3672,0.6554689062187562,12,2,5000,20260722,0.6710657868426315
excluding_2020_03_through_2020_05,priority_06_backlog__vs__leave_one_out_business_investment,priority_06_backlog,leave_one_out_business_investment,business_investment,replacement_against_reduced_core,False,after_midmonth_defining_releases,quadrant_cross_entropy_to_exact_score_map,lower,180,5.027389059161163e-06,0.0,1.5388431590718894e-10,1.3110827636990696e-05,0.015,-5.027389059161163e-06,-1.3110827636990696e-05,-1.5388431590719e-10,0.015,0.10557888422315537,12,2,5000,20260722,0.3167366526694661
excluding_2020_03_through_2020_05,priority_03_consumer__vs__leave_one_out_consumer_demand,priority_03_consumer,leave_one_out_consumer_demand,consumer_demand,replacement_against_reduced_core,False,after_midmonth_defining_releases,score_center_negative_log_predictive_density,lower,180,-0.021543751877254956,0.0,-0.0440672987682103,-0.006733275307290447,1.0,0.021543751877254956,0.006733275307290445,0.04406729876821029,1.0,0.028794241151769647,12,2,5000,20260722,0.08638272345530894
excluding_2020_03_through_2020_05,priority_04_housing__vs__leave_one_out_housing_activity,priority_04_housing,leave_one_out_housing_activity,housing_activity,replacement_against_reduced_core,False,after_midmonth_defining_releases,score_center_negative_log_predictive_density,lower,180,-0.0010393360712072524,0.0,-0.0022758805319627305,9.387495600957047e-05,0.9608,0.0010393360712072524,-9.387495600957068e-05,0.0022758805319627305,0.9608,0.09018196360727855,12,2,5000,20260722,0.16396720655868827
excluding_2020_03_through_2020_05,priority_06_backlog__vs__leave_one_out_business_investment,priority_06_backlog,leave_one_out_business_investment,business_investment,replacement_against_reduced_core,False,after_midmonth_defining_releases,score_center_negative_log_predictive_density,lower,180,3.3898122867758664e-05,0.0,1.6028795021827441e-09,8.332813509414206e-05,0.0112,-3.3898122867758664e-05,-8.332813509414206e-05,-1.6028795021827508e-09,0.0112,0.08198360327934413,12,2,5000,20260722,0.16396720655868827
excluding_2020_03_through_2020_05,priority_03_consumer__vs__leave_one_out_consumer_demand,priority_03_consumer,leave_one_out_consumer_demand,consumer_demand,replacement_against_reduced_core,False,before_any_defining_release,hard_quadrant_correct,higher,180,0.011111111111111112,0.0,0.0,0.022222222222222223,0.9056,0.011111111111111112,0.0,0.022222222222222223,0.9056,0.10337932413517296,12,2,5000,20260722,0.3101379724055189
excluding_2020_03_through_2020_05,priority_04_housing__vs__leave_one_out_housing_activity,priority_04_housing,leave_one_out_housing_activity,housing_activity,replacement_against_reduced_core,False,before_any_defining_release,hard_quadrant_correct,higher,180,0.0,0.0,0.0,0.0,0.0,0.0,0.0,0.0,0.0,1.0,12,2,5000,20260722,1.0
excluding_2020_03_through_2020_05,priority_06_backlog__vs__leave_one_out_business_investment,priority_06_backlog,leave_one_out_business_investment,business_investment,replacement_against_reduced_core,False,before_any_defining_release,hard_quadrant_correct,higher,180,0.0,0.0,0.0,0.0,0.0,0.0,0.0,0.0,0.0,1.0,12,2,5000,20260722,1.0
excluding_2020_03_through_2020_05,priority_03_consumer__vs__leave_one_out_consumer_demand,priority_03_consumer,leave_one_out_consumer_demand,consumer_demand,replacement_against_reduced_core,False,before_any_defining_release,quadrant_brier_distance_to_exact_score_map,lower,180,-2.5374905199140352e-06,0.0,-0.0004521403255805176,0.0005237263676644587,0.5242,2.5374905199140352e-06,-0.0005237263676644588,0.0004521403255805174,0.5242,0.9880023995200959,12,2,5000,20260722,0.9880023995200959
excluding_2020_03_through_2020_05,priority_04_housing__vs__leave_one_out_housing_activity,priority_04_housing,leave_one_out_housing_activity,housing_activity,replacement_against_reduced_core,False,before_any_defining_release,quadrant_brier_distance_to_exact_score_map,lower,180,-7.196170558112185e-07,0.0,-2.0323465891959093e-06,1.6346391006067527e-08,0.9582,7.196170558112185e-07,-1.6346391006067537e-08,2.0323465891959093e-06,0.9582,0.13737252549490103,12,2,5000,20260722,0.4121175764847031
excluding_2020_03_through_2020_05,priority_06_backlog__vs__leave_one_out_business_investment,priority_06_backlog,leave_one_out_business_investment,business_investment,replacement_against_reduced_core,False,before_any_defining_release,quadrant_brier_distance_to_exact_score_map,lower,180,4.1349182407692864e-06,0.0,-1.1973481007119621e-08,1.0633014680119563e-05,0.0866,-4.1349182407692864e-06,-1.0633014680119563e-05,1.1973481007119618e-08,0.0866,0.19696060787842432,12,2,5000,20260722,0.4121175764847031
excluding_2020_03_through_2020_05,priority_03_consumer__vs__leave_one_out_consumer_demand,priority_03_consumer,leave_one_out_consumer_demand,consumer_demand,replacement_against_reduced_core,False,before_any_defining_release,quadrant_cross_entropy_to_exact_score_map,lower,180,4.436928882136895e-05,0.0,-0.0008474483603817391,0.0010089868233509698,0.4842,-4.436928882136895e-05,-0.0010089868233509704,0.0008474483603817389,0.4842,0.9268146370725855,12,2,5000,20260722,0.9268146370725855
excluding_2020_03_through_2020_05,priority_04_housing__vs__leave_one_out_housing_activity,priority_04_housing,leave_one_out_housing_activity,housing_activity,replacement_against_reduced_core,False,before_any_defining_release,quadrant_cross_entropy_to_exact_score_map,lower,180,-1.4455116773744632e-06,0.0,-4.04779308066984e-06,2.0746294209351403e-08,0.9664,1.4455116773744632e-06,-2.07462942093517e-08,4.047793080669837e-06,0.9664,0.1205758848230354,12,2,5000,20260722,0.3617276544691062
excluding_2020_03_through_2020_05,priority_06_backlog__vs__leave_one_out_business_investment,priority_06_backlog,leave_one_out_business_investment,business_investment,replacement_against_reduced_core,False,before_any_defining_release,quadrant_cross_entropy_to_exact_score_map,lower,180,8.60346795199961e-06,0.0,-2.2994960426702577e-08,2.234591800781719e-05,0.0826,-8.60346795199961e-06,-2.234591800781719e-05,2.2994960426702474e-08,0.0826,0.1861627674465107,12,2,5000,20260722,0.3723255348930214
excluding_2020_03_through_2020_05,priority_03_consumer__vs__leave_one_out_consumer_demand,priority_03_consumer,leave_one_out_consumer_demand,consumer_demand,replacement_against_reduced_core,False,before_any_defining_release,score_center_negative_log_predictive_density,lower,180,-0.001429335603113403,0.0,-0.0027702055108414876,-0.0003036058072984686,0.9954,0.001429335603113403,0.00030360580729846845,0.002770205510841487,0.9954,0.023395320935812838,12,2,5000,20260722,0.07018596280743851
excluding_2020_03_through_2020_05,priority_04_housing__vs__leave_one_out_housing_activity,priority_04_housing,leave_one_out_housing_activity,housing_activity,replacement_against_reduced_core,False,before_any_defining_release,score_center_negative_log_predictive_density,lower,180,-3.5347856037987796e-06,0.0,-8.923343435806211e-06,6.099683860007244e-08,0.9626,3.5347856037987796e-06,-6.099683860007321e-08,8.9233434358062e-06,0.9626,0.11597680463907219,12,2,5000,20260722,0.23195360927814437
excluding_2020_03_through_2020_05,priority_06_backlog__vs__leave_one_out_business_investment,priority_06_backlog,leave_one_out_business_investment,business_investment,replacement_against_reduced_core,False,before_any_defining_release,score_center_negative_log_predictive_density,lower,180,2.068307731006796e-05,0.0,-2.9008514075803644e-08,5.523819424058066e-05,0.071,-2.068307731006796e-05,-5.523819424058066e-05,2.9008514075803635e-08,0.071,0.16896620675864826,12,2,5000,20260722,0.23195360927814437
excluding_2020_03_through_2020_05,priority_03_consumer__vs__leave_one_out_consumer_demand,priority_03_consumer,leave_one_out_consumer_demand,consumer_demand,replacement_against_reduced_core,False,strict_pre_final_score_day,hard_quadrant_correct,higher,180,0.005555555555555556,0.0,-0.011111111111111112,0.022222222222222223,0.6352,0.005555555555555556,-0.011111111111111112,0.022222222222222223,0.6352,0.52249550089982,12,2,5000,20260722,1.0
excluding_2020_03_through_2020_05,priority_04_housing__vs__leave_one_out_housing_activity,priority_04_housing,leave_one_out_housing_activity,housing_activity,replacement_against_reduced_core,False,strict_pre_final_score_day,hard_quadrant_correct,higher,180,-0.005555555555555556,0.0,-0.027777777777777776,0.016666666666666666,0.2482,-0.005555555555555556,-0.027777777777777776,0.016666666666666666,0.2482,0.6280743851229754,12,2,5000,20260722,1.0
excluding_2020_03_through_2020_05,priority_06_backlog__vs__leave_one_out_business_investment,priority_06_backlog,leave_one_out_business_investment,business_investment,replacement_against_reduced_core,False,strict_pre_final_score_day,hard_quadrant_correct,higher,180,-0.016666666666666666,0.0,-0.027777777777777776,-0.005555555555555556,0.0,-0.016666666666666666,-0.027777777777777776,-0.005555555555555556,0.0,0.007198560287942412,12,2,5000,20260722,0.021595680863827234
excluding_2020_03_through_2020_05,priority_03_consumer__vs__leave_one_out_consumer_demand,priority_03_consumer,leave_one_out_consumer_demand,consumer_demand,replacement_against_reduced_core,False,strict_pre_final_score_day,quadrant_brier_distance_to_exact_score_map,lower,180,-0.00010850055352808808,0.0,-0.0003666232575082431,0.00019353583068195467,0.773,0.00010850055352808808,-0.0001935358306819547,0.0003666232575082427,0.773,0.4517096580683863,12,2,5000,20260722,0.8082383523295341
excluding_2020_03_through_2020_05,priority_04_housing__vs__leave_one_out_housing_activity,priority_04_housing,leave_one_out_housing_activity,housing_activity,replacement_against_reduced_core,False,strict_pre_final_score_day,quadrant_brier_distance_to_exact_score_map,lower,180,0.00024038808519852414,0.0,-0.0002723123958280361,0.0008395833690563276,0.2092,-0.00024038808519852414,-0.0008395833690563282,0.0002723123958280358,0.2092,0.40411917616476706,12,2,5000,20260722,0.8082383523295341
excluding_2020_03_through_2020_05,priority_06_backlog__vs__leave_one_out_business_investment,priority_06_backlog,leave_one_out_business_investment,business_investment,replacement_against_reduced_core,False,strict_pre_final_score_day,quadrant_brier_distance_to_exact_score_map,lower,180,0.00021562354219982485,0.0,7.236434346322811e-05,0.000357844136803327,0.0004,-0.00021562354219982485,-0.00035784413680332703,-7.236434346322826e-05,0.0004,0.002999400119976005,12,2,5000,20260722,0.008998200359928016
excluding_2020_03_through_2020_05,priority_03_consumer__vs__leave_one_out_consumer_demand,priority_03_consumer,leave_one_out_consumer_demand,consumer_demand,replacement_against_reduced_core,False,strict_pre_final_score_day,quadrant_cross_entropy_to_exact_score_map,lower,180,-0.00014007399092426685,0.0,-0.0005512041519911216,0.0003520465451636967,0.7392,0.00014007399092426685,-0.0003520465451636969,0.0005512041519911215,0.7392,0.5438912217556489,12,2,5000,20260722,0.7450509898020395
excluding_2020_03_through_2020_05,priority_04_housing__vs__leave_one_out_housing_activity,priority_04_housing,leave_one_out_housing_activity,housing_activity,replacement_against_reduced_core,False,strict_pre_final_score_day,quadrant_cross_entropy_to_exact_score_map,lower,180,0.0003461976634134072,0.0,-0.00033498312905590606,0.0011598062934331137,0.188,-0.0003461976634134072,-0.001159806293433115,0.000334983129055906,0.188,0.37252549490101977,12,2,5000,20260722,0.7450509898020395
excluding_2020_03_through_2020_05,priority_06_backlog__vs__leave_one_out_business_investment,priority_06_backlog,leave_one_out_business_investment,business_investment,replacement_against_reduced_core,False,strict_pre_final_score_day,quadrant_cross_entropy_to_exact_score_map,lower,180,0.0003784814009914449,0.0,0.00010265444850610702,0.0006805947646973418,0.003,-0.0003784814009914449,-0.0006805947646973422,-0.00010265444850610703,0.003,0.011397720455908818,12,2,5000,20260722,0.03419316136772645
excluding_2020_03_through_2020_05,priority_03_consumer__vs__leave_one_out_consumer_demand,priority_03_consumer,leave_one_out_consumer_demand,consumer_demand,replacement_against_reduced_core,False,strict_pre_final_score_day,score_center_negative_log_predictive_density,lower,180,-0.03041169065152071,0.0,-0.0650991475893119,-0.006425333199644024,1.0,0.03041169065152071,0.006425333199644024,0.06509914758931189,1.0,0.04079184163167367,12,2,5000,20260722,0.122375524895021
excluding_2020_03_through_2020_05,priority_04_housing__vs__leave_one_out_housing_activity,priority_04_housing,leave_one_out_housing_activity,housing_activity,replacement_against_reduced_core,False,strict_pre_final_score_day,score_center_negative_log_predictive_density,lower,180,0.0016925772005864253,0.0,-0.006870385790414864,0.013448297103708325,0.409,-0.0016925772005864253,-0.01344829710370833,0.0068703857904148635,0.409,0.754249150169966,12,2,5000,20260722,0.754249150169966
excluding_2020_03_through_2020_05,priority_06_backlog__vs__leave_one_out_business_investment,priority_06_backlog,leave_one_out_business_investment,business_investment,replacement_against_reduced_core,False,strict_pre_final_score_day,score_center_negative_log_predictive_density,lower,180,0.002701013692396043,0.0,-0.0017409192501822086,0.007837658211532374,0.1426,-0.002701013692396043,-0.007837658211532376,0.0017409192501822047,0.1426,0.27794441111777646,12,2,5000,20260722,0.5558888222355529
full_sample,priority_03_consumer__vs__leave_one_out_consumer_demand,priority_03_consumer,leave_one_out_consumer_demand,consumer_demand,replacement_against_reduced_core,False,after_employment_situation,hard_quadrant_correct,higher,183,-0.01092896174863388,0.0,-0.04371584699453552,0.02185792349726776,0.2074,-0.01092896174863388,-0.04371584699453552,0.02185792349726776,0.2074,0.520495900819836,12,1,5000,20260722,1.0
full_sample,priority_04_housing__vs__leave_one_out_housing_activity,priority_04_housing,leave_one_out_housing_activity,housing_activity,replacement_against_reduced_core,False,after_employment_situation,hard_quadrant_correct,higher,183,0.0,0.0,0.0,0.0,0.0,0.0,0.0,0.0,0.0,1.0,12,1,5000,20260722,1.0
full_sample,priority_06_backlog__vs__leave_one_out_business_investment,priority_06_backlog,leave_one_out_business_investment,business_investment,replacement_against_reduced_core,False,after_employment_situation,hard_quadrant_correct,higher,183,0.0,0.0,0.0,0.0,0.0,0.0,0.0,0.0,0.0,1.0,12,1,5000,20260722,1.0
full_sample,priority_03_consumer__vs__leave_one_out_consumer_demand,priority_03_consumer,leave_one_out_consumer_demand,consumer_demand,replacement_against_reduced_core,False,after_employment_situation,quadrant_brier_distance_to_exact_score_map,lower,183,-0.0003029115058096367,0.0,-0.0013104244285720031,0.0006180918853405543,0.7194,0.0003029115058096367,-0.0006180918853405544,0.0013104244285720027,0.7194,0.5246950609878024,12,1,5000,20260722,0.5246950609878024
full_sample,priority_04_housing__vs__leave_one_out_housing_activity,priority_04_housing,leave_one_out_housing_activity,housing_activity,replacement_against_reduced_core,False,after_employment_situation,quadrant_brier_distance_to_exact_score_map,lower,183,-4.089524231800891e-07,0.0,-1.0285619817593528e-06,2.8770681021513533e-09,0.966,4.089524231800891e-07,-2.877068102151369e-09,1.0285619817593526e-06,0.966,0.10937812437512498,12,1,5000,20260722,0.32813437312537497
full_sample,priority_06_backlog__vs__leave_one_out_business_investment,priority_06_backlog,leave_one_out_business_investment,business_investment,replacement_against_reduced_core,False,after_employment_situation,quadrant_brier_distance_to_exact_score_map,lower,183,4.195251357832473e-06,0.0,-1.4018351919720257e-09,1.1576129257875905e-05,0.0674,-4.195251357832473e-06,-1.1576129257875905e-05,1.4018351919720253e-09,0.0674,0.17016596680663867,12,1,5000,20260722,0.34033193361327735
full_sample,priority_03_consumer__vs__leave_one_out_consumer_demand,priority_03_consumer,leave_one_out_consumer_demand,consumer_demand,replacement_against_reduced_core,False,after_employment_situation,quadrant_cross_entropy_to_exact_score_map,lower,183,-0.0006933441949680855,0.0,-0.002775495101206645,0.0009460134127030048,0.7572,0.0006933441949680855,-0.000946013412703005,0.0027754951012066444,0.7572,0.4553089382123575,12,1,5000,20260722,0.4553089382123575
full_sample,priority_04_housing__vs__leave_one_out_housing_activity,priority_04_housing,leave_one_out_housing_activity,housing_activity,replacement_against_reduced_core,False,after_employment_situation,quadrant_cross_entropy_to_exact_score_map,lower,183,-8.126695949022982e-07,0.0,-2.0373280781568666e-06,7.559573178853818e-09,0.97,8.126695949022982e-07,-7.55957317885383e-09,2.037328078156865e-06,0.97,0.10597880423915217,12,1,5000,20260722,0.3179364127174565
full_sample,priority_06_backlog__vs__leave_one_out_business_investment,priority_06_backlog,leave_one_out_business_investment,business_investment,replacement_against_reduced_core,False,after_employment_situation,quadrant_cross_entropy_to_exact_score_map,lower,183,8.383801837297317e-06,0.0,-2.570032757814533e-09,2.2550081720103818e-05,0.0606,-8.383801837297317e-06,-2.2550081720103824e-05,2.5700327578145325e-09,0.0606,0.16776644671065788,12,1,5000,20260722,0.33553289342131576
full_sample,priority_03_consumer__vs__leave_one_out_consumer_demand,priority_03_consumer,leave_one_out_consumer_demand,consumer_demand,replacement_against_reduced_core,False,after_employment_situation,score_center_negative_log_predictive_density,lower,183,4.837528815810549,0.0,-0.022326034579326137,14.540155313450487,0.3494,-4.837528815810549,-14.540155313450487,0.022326034579326123,0.3494,0.5894821035792841,12,1,5000,20260722,1.0
full_sample,priority_04_housing__vs__leave_one_out_housing_activity,priority_04_housing,leave_one_out_housing_activity,housing_activity,replacement_against_reduced_core,False,after_employment_situation,score_center_negative_log_predictive_density,lower,183,-7.504832661645928e-07,0.0,-5.93817244747053e-06,4.367493385782574e-06,0.6436,7.504832661645928e-07,-4.367493385782579e-06,5.938172447470524e-06,0.6436,0.735252949410118,12,1,5000,20260722,1.0
full_sample,priority_06_backlog__vs__leave_one_out_business_investment,priority_06_backlog,leave_one_out_business_investment,business_investment,replacement_against_reduced_core,False,after_employment_situation,score_center_negative_log_predictive_density,lower,183,2.323950229499267e-05,0.0,-8.113372573235396e-09,6.374769834021293e-05,0.0586,-2.323950229499267e-05,-6.374769834021293e-05,8.11337257323537e-09,0.0586,0.16436712657468505,12,1,5000,20260722,0.49310137972405516
full_sample,priority_03_consumer__vs__leave_one_out_consumer_demand,priority_03_consumer,leave_one_out_consumer_demand,consumer_demand,replacement_against_reduced_core,False,after_midmonth_defining_releases,hard_quadrant_correct,higher,183,0.01092896174863388,0.0,-0.01639344262295082,0.03825136612021858,0.7152,0.01092896174863388,-0.01639344262295082,0.03825136612021858,0.7152,0.4381123775244951,12,1,5000,20260722,0.8762247550489902
full_sample,priority_04_housing__vs__leave_one_out_housing_activity,priority_04_housing,leave_one_out_housing_activity,housing_activity,replacement_against_reduced_core,False,after_midmonth_defining_releases,hard_quadrant_correct,higher,183,-0.01092896174863388,0.0,-0.0273224043715847,0.0,0.0,-0.01092896174863388,-0.0273224043715847,0.0,0.0,0.15436912617476506,12,1,5000,20260722,0.4631073785242952
full_sample,priority_06_backlog__vs__leave_one_out_business_investment,priority_06_backlog,leave_one_out_business_investment,business_investment,replacement_against_reduced_core,False,after_midmonth_defining_releases,hard_quadrant_correct,higher,183,-0.00546448087431694,0.0,-0.01639344262295082,0.0,0.0,-0.00546448087431694,-0.01639344262295082,0.0,0.0,0.4445110977804439,12,1,5000,20260722,0.8762247550489902
full_sample,priority_03_consumer__vs__leave_one_out_consumer_demand,priority_03_consumer,leave_one_out_consumer_demand,consumer_demand,replacement_against_reduced_core,False,after_midmonth_defining_releases,quadrant_brier_distance_to_exact_score_map,lower,183,-0.00013822245995442206,0.0,-0.00041278812906081843,9.343295833942608e-05,0.8624,0.00013822245995442206,-9.343295833942623e-05,0.0004127881290608184,0.8624,0.27554489102179563,12,1,5000,20260722,0.5510897820435913
full_sample,priority_04_housing__vs__leave_one_out_housing_activity,priority_04_housing,leave_one_out_housing_activity,housing_activity,replacement_against_reduced_core,False,after_midmonth_defining_releases,quadrant_brier_distance_to_exact_score_map,lower,183,-2.859768798185436e-06,0.0,-9.46935717211773e-05,9.188143972180092e-05,0.5632,2.859768798185436e-06,-9.1881439721801e-05,9.469357172117729e-05,0.5632,0.8968206358728255,12,1,5000,20260722,0.8968206358728255
full_sample,priority_06_backlog__vs__leave_one_out_business_investment,priority_06_backlog,leave_one_out_business_investment,business_investment,replacement_against_reduced_core,False,after_midmonth_defining_releases,quadrant_brier_distance_to_exact_score_map,lower,183,2.4778537322109518e-06,0.0,-2.7944047471443907e-10,6.521937351300296e-06,0.0526,-2.4778537322109518e-06,-6.521937351300296e-06,2.794404747144381e-10,0.0526,0.14617076584683064,12,1,5000,20260722,0.4385122975404919
full_sample,priority_03_consumer__vs__leave_one_out_consumer_demand,priority_03_consumer,leave_one_out_consumer_demand,consumer_demand,replacement_against_reduced_core,False,after_midmonth_defining_releases,quadrant_cross_entropy_to_exact_score_map,lower,183,-0.00020610676884597512,0.0,-0.0006893142881117285,0.00018250505978385337,0.821,0.00020610676884597512,-0.0001825050597838534,0.0006893142881117284,0.821,0.35272945410917816,12,1,5000,20260722,0.7054589082183563
full_sample,priority_04_housing__vs__leave_one_out_housing_activity,priority_04_housing,leave_one_out_housing_activity,housing_activity,replacement_against_reduced_core,False,after_midmonth_defining_releases,quadrant_cross_entropy_to_exact_score_map,lower,183,3.547772147987302e-05,0.0,-8.454712538477392e-05,0.00021080141199882838,0.3702,-3.547772147987302e-05,-0.0002108014119988285,8.454712538477392e-05,0.3702,0.6672665466906619,12,1,5000,20260722,0.7054589082183563
full_sample,priority_06_backlog__vs__leave_one_out_business_investment,priority_06_backlog,leave_one_out_business_investment,business_investment,replacement_against_reduced_core,False,after_midmonth_defining_releases,quadrant_cross_entropy_to_exact_score_map,lower,183,4.944972849115218e-06,0.0,1.571135130162526e-10,1.3618182661516857e-05,0.0156,-4.944972849115218e-06,-1.3618182661516882e-05,-1.5711351301625334e-10,0.0156,0.10577884423115377,12,1,5000,20260722,0.3173365326934613
full_sample,priority_03_consumer__vs__leave_one_out_consumer_demand,priority_03_consumer,leave_one_out_consumer_demand,consumer_demand,replacement_against_reduced_core,False,after_midmonth_defining_releases,score_center_negative_log_predictive_density,lower,183,3.057409717638352,0.0,-0.04417059552250518,9.231708508325216,0.3526,-3.057409717638352,-9.231708508325216,0.04417059552250517,0.3526,0.6050789842031594,12,1,5000,20260722,0.6050789842031594
full_sample,priority_04_housing__vs__leave_one_out_housing_activity,priority_04_housing,leave_one_out_housing_activity,housing_activity,replacement_against_reduced_core,False,after_midmonth_defining_releases,score_center_negative_log_predictive_density,lower,183,-0.0010212193628294142,0.0,-0.0025223161849122137,0.00016036183921672373,0.9514,0.0010212193628294142,-0.00016036183921672373,0.0025223161849122137,0.9514,0.1251749650069986,12,1,5000,20260722,0.2503499300139972
full_sample,priority_06_backlog__vs__leave_one_out_business_investment,priority_06_backlog,leave_one_out_business_investment,business_investment,replacement_against_reduced_core,False,after_midmonth_defining_releases,score_center_negative_log_predictive_density,lower,183,3.334196975395567e-05,0.0,1.58830811716278e-09,8.010701472322542e-05,0.0122,-3.334196975395567e-05,-8.010701472322542e-05,-1.5883081171627827e-09,0.0122,0.07978404319136173,12,1,5000,20260722,0.2393521295740852
full_sample,priority_03_consumer__vs__leave_one_out_consumer_demand,priority_03_consumer,leave_one_out_consumer_demand,consumer_demand,replacement_against_reduced_core,False,before_any_defining_release,hard_quadrant_correct,higher,183,0.01092896174863388,0.0,0.0,0.0273224043715847,0.8758,0.01092896174863388,0.0,0.0273224043715847,0.8758,0.16636672665466906,12,1,5000,20260722,0.4991001799640072
full_sample,priority_04_housing__vs__leave_one_out_housing_activity,priority_04_housing,leave_one_out_housing_activity,housing_activity,replacement_against_reduced_core,False,before_any_defining_release,hard_quadrant_correct,higher,183,0.0,0.0,0.0,0.0,0.0,0.0,0.0,0.0,0.0,1.0,12,1,5000,20260722,1.0
full_sample,priority_06_backlog__vs__leave_one_out_business_investment,priority_06_backlog,leave_one_out_business_investment,business_investment,replacement_against_reduced_core,False,before_any_defining_release,hard_quadrant_correct,higher,183,0.0,0.0,0.0,0.0,0.0,0.0,0.0,0.0,0.0,1.0,12,1,5000,20260722,1.0
full_sample,priority_03_consumer__vs__leave_one_out_consumer_demand,priority_03_consumer,leave_one_out_consumer_demand,consumer_demand,replacement_against_reduced_core,False,before_any_defining_release,quadrant_brier_distance_to_exact_score_map,lower,183,-2.454745225381224e-06,0.0,-0.0004453206185158611,0.00052889046361977,0.525,2.454745225381224e-06,-0.0005288904636197702,0.00044532061851586106,0.525,0.9882023595280944,12,1,5000,20260722,0.9882023595280944
full_sample,priority_04_housing__vs__leave_one_out_housing_activity,priority_04_housing,leave_one_out_housing_activity,housing_activity,replacement_against_reduced_core,False,before_any_defining_release,quadrant_brier_distance_to_exact_score_map,lower,183,-7.078410188305727e-07,0.0,-2.0102840429944145e-06,4.5236478770004395e-08,0.9376,7.078410188305727e-07,-4.523647877000453e-08,2.0102840429944145e-06,0.9376,0.16336732653469307,12,1,5000,20260722,0.4901019796040792
full_sample,priority_06_backlog__vs__leave_one_out_business_investment,priority_06_backlog,leave_one_out_business_investment,business_investment,replacement_against_reduced_core,False,before_any_defining_release,quadrant_brier_distance_to_exact_score_map,lower,183,4.067133135365624e-06,0.0,-1.2446323625509395e-08,1.092735168009963e-05,0.0906,-4.067133135365624e-06,-1.092735168009963e-05,1.2446323625509393e-08,0.0906,0.20375924815036991,12,1,5000,20260722,0.4901019796040792
full_sample,priority_03_consumer__vs__leave_one_out_consumer_demand,priority_03_consumer,leave_one_out_consumer_demand,consumer_demand,replacement_against_reduced_core,False,before_any_defining_release,quadrant_cross_entropy_to_exact_score_map,lower,183,4.5091176547076125e-05,0.0,-0.0008172626582186295,0.0010284410735409096,0.4944,-4.5091176547076125e-05,-0.001028441073540911,0.0008172626582186286,0.4944,0.9232153569286142,12,1,5000,20260722,0.9232153569286142
full_sample,priority_04_housing__vs__leave_one_out_housing_activity,priority_04_housing,leave_one_out_housing_activity,housing_activity,replacement_against_reduced_core,False,before_any_defining_release,quadrant_cross_entropy_to_exact_score_map,lower,183,-1.4222737304316248e-06,0.0,-4.013637946048607e-06,8.675352748810609e-08,0.9392,1.4222737304316248e-06,-8.675352748810614e-08,4.013637946048607e-06,0.9392,0.15676864627074585,12,1,5000,20260722,0.4703059388122376
full_sample,priority_06_backlog__vs__leave_one_out_business_investment,priority_06_backlog,leave_one_out_business_investment,business_investment,replacement_against_reduced_core,False,before_any_defining_release,quadrant_cross_entropy_to_exact_score_map,lower,183,8.462427141956204e-06,0.0,-2.8270255242400014e-08,2.3235421019465588e-05,0.0912,-8.462427141956204e-06,-2.3235421019465588e-05,2.8270255242400007e-08,0.0912,0.20495900819836033,12,1,5000,20260722,0.4703059388122376
full_sample,priority_03_consumer__vs__leave_one_out_consumer_demand,priority_03_consumer,leave_one_out_consumer_demand,consumer_demand,replacement_against_reduced_core,False,before_any_defining_release,score_center_negative_log_predictive_density,lower,183,-0.009019241908568258,0.0,-0.024698746897423036,-0.0005386417624489598,0.9996,0.009019241908568258,0.0005386417624489596,0.024698746897423036,0.9996,0.07618476304739052,12,1,5000,20260722,0.22855428914217157
full_sample,priority_04_housing__vs__leave_one_out_housing_activity,priority_04_housing,leave_one_out_housing_activity,housing_activity,replacement_against_reduced_core,False,before_any_defining_release,score_center_negative_log_predictive_density,lower,183,-7.432489235976555e-07,0.0,-6.6252115670875364e-06,4.308151910216548e-06,0.6058,7.432489235976555e-07,-4.308151910216552e-06,6.625211567087535e-06,0.6058,0.7842431513697261,12,1,5000,20260722,0.7842431513697261
full_sample,priority_06_backlog__vs__leave_one_out_business_investment,priority_06_backlog,leave_one_out_business_investment,business_investment,replacement_against_reduced_core,False,before_any_defining_release,score_center_negative_log_predictive_density,lower,183,2.0341031668296018e-05,0.0,-3.493608455827443e-08,5.766949004852818e-05,0.0802,-2.0341031668296018e-05,-5.766949004852818e-05,3.493608455827438e-08,0.0802,0.19736052789442113,12,1,5000,20260722,0.39472105578884226
full_sample,priority_03_consumer__vs__leave_one_out_consumer_demand,priority_03_consumer,leave_one_out_consumer_demand,consumer_demand,replacement_against_reduced_core,False,strict_pre_final_score_day,hard_quadrant_correct,higher,183,0.00546448087431694,0.0,-0.01092896174863388,0.02185792349726776,0.644,0.00546448087431694,-0.01092896174863388,0.02185792349726776,0.644,0.5122975404919016,12,1,5000,20260722,1.0
full_sample,priority_04_housing__vs__leave_one_out_housing_activity,priority_04_housing,leave_one_out_housing_activity,housing_activity,replacement_against_reduced_core,False,strict_pre_final_score_day,hard_quadrant_correct,higher,183,-0.00546448087431694,0.0,-0.03278688524590164,0.01639344262295082,0.2474,-0.00546448087431694,-0.03278688524590164,0.01639344262295082,0.2474,0.674865026994601,12,1,5000,20260722,1.0
full_sample,priority_06_backlog__vs__leave_one_out_business_investment,priority_06_backlog,leave_one_out_business_investment,business_investment,replacement_against_reduced_core,False,strict_pre_final_score_day,hard_quadrant_correct,higher,183,-0.01639344262295082,0.0,-0.03278688524590164,0.0,0.0,-0.01639344262295082,-0.03278688524590164,0.0,0.0,0.07458508298340331,12,1,5000,20260722,0.22375524895020993
full_sample,priority_03_consumer__vs__leave_one_out_consumer_demand,priority_03_consumer,leave_one_out_consumer_demand,consumer_demand,replacement_against_reduced_core,False,strict_pre_final_score_day,quadrant_brier_distance_to_exact_score_map,lower,183,-0.00010496625423768509,0.0,-0.00037131665212250737,0.00014867040525229727,0.7924,0.00010496625423768509,-0.0001486704052522973,0.00037131665212250656,0.7924,0.41311737652469505,12,1,5000,20260722,0.8262347530493901
full_sample,priority_04_housing__vs__leave_one_out_housing_activity,priority_04_housing,leave_one_out_housing_activity,housing_activity,replacement_against_reduced_core,False,strict_pre_final_score_day,quadrant_brier_distance_to_exact_score_map,lower,183,0.00023652145350287645,0.0,-0.0003152343945397667,0.0009542042085939942,0.2374,-0.00023652145350287645,-0.0009542042085939943,0.0003152343945397665,0.2374,0.46330733853229356,12,1,5000,20260722,0.8262347530493901
full_sample,priority_06_backlog__vs__leave_one_out_business_investment,priority_06_backlog,leave_one_out_business_investment,business_investment,replacement_against_reduced_core,False,strict_pre_final_score_day,quadrant_brier_distance_to_exact_score_map,lower,183,0.0002124338163234097,0.0,5.308667027642583e-05,0.0003987310108156524,0.0034,-0.0002124338163234097,-0.0003987310108156525,-5.3086670276425834e-05,0.0034,0.017996400719856028,12,1,5000,20260722,0.05398920215956808
full_sample,priority_03_consumer__vs__leave_one_out_consumer_demand,priority_03_consumer,leave_one_out_consumer_demand,consumer_demand,replacement_against_reduced_core,False,strict_pre_final_score_day,quadrant_cross_entropy_to_exact_score_map,lower,183,-0.00013346774732712525,0.0,-0.0005320141766108745,0.0002699473456506765,0.7476,0.00013346774732712525,-0.0002699473456506768,0.0005320141766108745,0.7476,0.509498100379924,12,1,5000,20260722,0.9306138772245551
full_sample,priority_04_housing__vs__leave_one_out_housing_activity,priority_04_housing,leave_one_out_housing_activity,housing_activity,replacement_against_reduced_core,False,strict_pre_final_score_day,quadrant_cross_entropy_to_exact_score_map,lower,183,0.0003431420221053925,0.0,-0.0004920455780220419,0.0013617598700971655,0.2376,-0.0003431420221053925,-0.0013617598700971674,0.0004920455780220418,0.2376,0.46530693861227757,12,1,5000,20260722,0.9306138772245551
full_sample,priority_06_backlog__vs__leave_one_out_business_investment,priority_06_backlog,leave_one_out_business_investment,business_investment,replacement_against_reduced_core,False,strict_pre_final_score_day,quadrant_cross_entropy_to_exact_score_map,lower,183,0.0003741553716510547,0.0,6.246141726041235e-05,0.00074399854454835,0.0074,-0.0003741553716510547,-0.0007439985445483503,-6.246141726041253e-05,0.0074,0.03159368126374725,12,1,5000,20260722,0.09478104379124175
full_sample,priority_03_consumer__vs__leave_one_out_consumer_demand,priority_03_consumer,leave_one_out_consumer_demand,consumer_demand,replacement_against_reduced_core,False,strict_pre_final_score_day,score_center_negative_log_predictive_density,lower,183,3.056229594572908,0.0,-0.06130238267415933,9.254631283450337,0.3426,-3.056229594572908,-9.254631283450337,0.06130238267415928,0.3426,0.6006798640271945,12,1,5000,20260722,0.9958008398320336
full_sample,priority_04_housing__vs__leave_one_out_housing_activity,priority_04_housing,leave_one_out_housing_activity,housing_activity,replacement_against_reduced_core,False,strict_pre_final_score_day,score_center_negative_log_predictive_density,lower,183,-0.016456233334668644,0.0,-0.04722682523308169,0.0023793012317951953,0.9494,0.016456233334668644,-0.002379301231795215,0.04722682523308168,0.9494,0.16216756648670266,12,1,5000,20260722,0.486502699460108
full_sample,priority_06_backlog__vs__leave_one_out_business_investment,priority_06_backlog,leave_one_out_business_investment,business_investment,replacement_against_reduced_core,False,strict_pre_final_score_day,score_center_negative_log_predictive_density,lower,183,-0.008523316146619239,0.0,-0.029763416161400946,0.003671382604350168,0.7198,0.008523316146619239,-0.00367138260435017,0.02976341616140094,0.7198,0.4979004199160168,12,1,5000,20260722,0.9958008398320336
